run_id,baseline,model_profile,model_name,base_model_memory_mb,reserve_target_mb,full_res,global_res,roi_res,roi_count_requested,roi_count_effective,adapter_count,active_top_k_requested,active_top_k_effective,adapter_structure,visual_tokens,visual_memory_mb,resident_adapter_memory_mb,temporary_load_buffer_mb,estimated_peak_memory_mb,estimated_peak_memory_gb,reserve_pass,reserve_headroom_mb,load_count,evict_count,hold_count,latency_proxy_ms,policy_trace
costsim-00001,B0,compact_7b_4bit,Compact 7B 4-bit VLM proxy,9000,2048,1344x1344,336x336,336x336,0,0,0,0,0,none,576,357.12,0.0,0.0,9357.12,9.138,True,11634.88,0,0,0,48.34,n/a
costsim-00002,B0,compact_7b_4bit,Compact 7B 4-bit VLM proxy,9000,2048,1344x1344,448x448,336x336,0,0,0,0,0,none,1024,634.88,0.0,0.0,9634.88,9.409,True,11357.12,0,0,0,53.26,n/a
costsim-00003,B1,compact_7b_4bit,Compact 7B 4-bit VLM proxy,9000,2048,1024x1024,336x336,336x336,0,0,0,0,0,none,5476,3395.12,0.0,0.0,12395.12,12.105,True,8596.88,0,0,0,102.24,n/a
costsim-00004,B1,compact_7b_4bit,Compact 7B 4-bit VLM proxy,9000,2048,1344x1344,336x336,336x336,0,0,0,0,0,none,9216,5713.92,0.0,0.0,14713.92,14.369,True,6278.08,0,0,0,143.38,n/a
costsim-00005,B2,compact_7b_4bit,Compact 7B 4-bit VLM proxy,9000,2048,1344x1344,336x336,336x336,1,1,0,0,0,none,1152,714.24,0.0,0.0,9714.24,9.487,True,11277.76,0,0,0,54.67,n/a
costsim-00006,B2,compact_7b_4bit,Compact 7B 4-bit VLM proxy,9000,2048,1344x1344,336x336,336x336,3,3,0,0,0,none,2304,1428.48,0.0,0.0,10428.48,10.184,True,10563.52,0,0,0,67.34,n/a
costsim-00007,B2,compact_7b_4bit,Compact 7B 4-bit VLM proxy,9000,2048,1344x1344,336x336,336x336,5,5,0,0,0,none,3456,2142.72,0.0,0.0,11142.72,10.882,True,9849.28,0,0,0,80.02,n/a
costsim-00008,B2,compact_7b_4bit,Compact 7B 4-bit VLM proxy,9000,2048,1344x1344,336x336,448x448,1,1,0,0,0,none,1600,992.0,0.0,0.0,9992.0,9.758,True,11000.0,0,0,0,59.6,n/a
costsim-00009,B2,compact_7b_4bit,Compact 7B 4-bit VLM proxy,9000,2048,1344x1344,336x336,448x448,3,3,0,0,0,none,3648,2261.76,0.0,0.0,11261.76,10.998,True,9730.24,0,0,0,82.13,n/a
costsim-00010,B2,compact_7b_4bit,Compact 7B 4-bit VLM proxy,9000,2048,1344x1344,336x336,448x448,5,5,0,0,0,none,5696,3531.52,0.0,0.0,12531.52,12.238,True,8460.48,0,0,0,104.66,n/a
costsim-00011,B2,compact_7b_4bit,Compact 7B 4-bit VLM proxy,9000,2048,1344x1344,448x448,336x336,1,1,0,0,0,none,1600,992.0,0.0,0.0,9992.0,9.758,True,11000.0,0,0,0,59.6,n/a
costsim-00012,B2,compact_7b_4bit,Compact 7B 4-bit VLM proxy,9000,2048,1344x1344,448x448,336x336,3,3,0,0,0,none,2752,1706.24,0.0,0.0,10706.24,10.455,True,10285.76,0,0,0,72.27,n/a
costsim-00013,B2,compact_7b_4bit,Compact 7B 4-bit VLM proxy,9000,2048,1344x1344,448x448,336x336,5,5,0,0,0,none,3904,2420.48,0.0,0.0,11420.48,11.153,True,9571.52,0,0,0,84.94,n/a
costsim-00014,B2,compact_7b_4bit,Compact 7B 4-bit VLM proxy,9000,2048,1344x1344,448x448,448x448,1,1,0,0,0,none,2048,1269.76,0.0,0.0,10269.76,10.029,True,10722.24,0,0,0,64.53,n/a
costsim-00015,B2,compact_7b_4bit,Compact 7B 4-bit VLM proxy,9000,2048,1344x1344,448x448,448x448,3,3,0,0,0,none,4096,2539.52,0.0,0.0,11539.52,11.269,True,9452.48,0,0,0,87.06,n/a
costsim-00016,B2,compact_7b_4bit,Compact 7B 4-bit VLM proxy,9000,2048,1344x1344,448x448,448x448,5,5,0,0,0,none,6144,3809.28,0.0,0.0,12809.28,12.509,True,8182.72,0,0,0,109.58,n/a
costsim-00017,B4-lite,compact_7b_4bit,Compact 7B 4-bit VLM proxy,9000,2048,1344x1344,336x336,336x336,1,1,4,1,1,independent_all_resident,1152,714.24,720,96,10530.24,10.283,True,10461.76,1,0,0,72.67,n/a
costsim-00018,B4-lite,compact_7b_4bit,Compact 7B 4-bit VLM proxy,9000,2048,1344x1344,336x336,336x336,1,1,4,2,2,independent_all_resident,1152,714.24,720,96,10530.24,10.283,True,10461.76,2,0,0,90.67,n/a
costsim-00019,B4-lite,compact_7b_4bit,Compact 7B 4-bit VLM proxy,9000,2048,1344x1344,336x336,336x336,1,1,4,4,4,independent_all_resident,1152,714.24,720,96,10530.24,10.283,True,10461.76,4,0,0,126.67,n/a
costsim-00020,B4-lite,compact_7b_4bit,Compact 7B 4-bit VLM proxy,9000,2048,1344x1344,336x336,336x336,1,1,8,1,1,independent_all_resident,1152,714.24,1440,96,11250.24,10.987,True,9741.76,1,0,0,72.67,n/a
costsim-00021,B4-lite,compact_7b_4bit,Compact 7B 4-bit VLM proxy,9000,2048,1344x1344,336x336,336x336,1,1,8,2,2,independent_all_resident,1152,714.24,1440,96,11250.24,10.987,True,9741.76,2,0,0,90.67,n/a
costsim-00022,B4-lite,compact_7b_4bit,Compact 7B 4-bit VLM proxy,9000,2048,1344x1344,336x336,336x336,1,1,8,4,4,independent_all_resident,1152,714.24,1440,96,11250.24,10.987,True,9741.76,4,0,0,126.67,n/a
costsim-00023,B4-lite,compact_7b_4bit,Compact 7B 4-bit VLM proxy,9000,2048,1344x1344,336x336,336x336,1,1,16,1,1,independent_all_resident,1152,714.24,2880,96,12690.24,12.393,True,8301.76,1,0,0,72.67,n/a
costsim-00024,B4-lite,compact_7b_4bit,Compact 7B 4-bit VLM proxy,9000,2048,1344x1344,336x336,336x336,1,1,16,2,2,independent_all_resident,1152,714.24,2880,96,12690.24,12.393,True,8301.76,2,0,0,90.67,n/a
costsim-00025,B4-lite,compact_7b_4bit,Compact 7B 4-bit VLM proxy,9000,2048,1344x1344,336x336,336x336,1,1,16,4,4,independent_all_resident,1152,714.24,2880,96,12690.24,12.393,True,8301.76,4,0,0,126.67,n/a
costsim-00026,B4-lite,compact_7b_4bit,Compact 7B 4-bit VLM proxy,9000,2048,1344x1344,336x336,336x336,1,1,32,1,1,independent_all_resident,1152,714.24,5760,96,15570.24,15.205,True,5421.76,1,0,0,72.67,n/a
costsim-00027,B4-lite,compact_7b_4bit,Compact 7B 4-bit VLM proxy,9000,2048,1344x1344,336x336,336x336,1,1,32,2,2,independent_all_resident,1152,714.24,5760,96,15570.24,15.205,True,5421.76,2,0,0,90.67,n/a
costsim-00028,B4-lite,compact_7b_4bit,Compact 7B 4-bit VLM proxy,9000,2048,1344x1344,336x336,336x336,1,1,32,4,4,independent_all_resident,1152,714.24,5760,96,15570.24,15.205,True,5421.76,4,0,0,126.67,n/a
costsim-00029,B4-lite,compact_7b_4bit,Compact 7B 4-bit VLM proxy,9000,2048,1344x1344,336x336,336x336,3,3,4,1,1,independent_all_resident,2304,1428.48,720,96,11244.48,10.981,True,9747.52,1,0,0,85.34,n/a
costsim-00030,B4-lite,compact_7b_4bit,Compact 7B 4-bit VLM proxy,9000,2048,1344x1344,336x336,336x336,3,3,4,2,2,independent_all_resident,2304,1428.48,720,96,11244.48,10.981,True,9747.52,2,0,0,103.34,n/a
costsim-00031,B4-lite,compact_7b_4bit,Compact 7B 4-bit VLM proxy,9000,2048,1344x1344,336x336,336x336,3,3,4,4,4,independent_all_resident,2304,1428.48,720,96,11244.48,10.981,True,9747.52,4,0,0,139.34,n/a
costsim-00032,B4-lite,compact_7b_4bit,Compact 7B 4-bit VLM proxy,9000,2048,1344x1344,336x336,336x336,3,3,8,1,1,independent_all_resident,2304,1428.48,1440,96,11964.48,11.684,True,9027.52,1,0,0,85.34,n/a
costsim-00033,B4-lite,compact_7b_4bit,Compact 7B 4-bit VLM proxy,9000,2048,1344x1344,336x336,336x336,3,3,8,2,2,independent_all_resident,2304,1428.48,1440,96,11964.48,11.684,True,9027.52,2,0,0,103.34,n/a
costsim-00034,B4-lite,compact_7b_4bit,Compact 7B 4-bit VLM proxy,9000,2048,1344x1344,336x336,336x336,3,3,8,4,4,independent_all_resident,2304,1428.48,1440,96,11964.48,11.684,True,9027.52,4,0,0,139.34,n/a
costsim-00035,B4-lite,compact_7b_4bit,Compact 7B 4-bit VLM proxy,9000,2048,1344x1344,336x336,336x336,3,3,16,1,1,independent_all_resident,2304,1428.48,2880,96,13404.48,13.09,True,7587.52,1,0,0,85.34,n/a
costsim-00036,B4-lite,compact_7b_4bit,Compact 7B 4-bit VLM proxy,9000,2048,1344x1344,336x336,336x336,3,3,16,2,2,independent_all_resident,2304,1428.48,2880,96,13404.48,13.09,True,7587.52,2,0,0,103.34,n/a
costsim-00037,B4-lite,compact_7b_4bit,Compact 7B 4-bit VLM proxy,9000,2048,1344x1344,336x336,336x336,3,3,16,4,4,independent_all_resident,2304,1428.48,2880,96,13404.48,13.09,True,7587.52,4,0,0,139.34,n/a
costsim-00038,B4-lite,compact_7b_4bit,Compact 7B 4-bit VLM proxy,9000,2048,1344x1344,336x336,336x336,3,3,32,1,1,independent_all_resident,2304,1428.48,5760,96,16284.48,15.903,True,4707.52,1,0,0,85.34,n/a
costsim-00039,B4-lite,compact_7b_4bit,Compact 7B 4-bit VLM proxy,9000,2048,1344x1344,336x336,336x336,3,3,32,2,2,independent_all_resident,2304,1428.48,5760,96,16284.48,15.903,True,4707.52,2,0,0,103.34,n/a
costsim-00040,B4-lite,compact_7b_4bit,Compact 7B 4-bit VLM proxy,9000,2048,1344x1344,336x336,336x336,3,3,32,4,4,independent_all_resident,2304,1428.48,5760,96,16284.48,15.903,True,4707.52,4,0,0,139.34,n/a
costsim-00041,B4-lite,compact_7b_4bit,Compact 7B 4-bit VLM proxy,9000,2048,1344x1344,336x336,336x336,5,5,4,1,1,independent_all_resident,3456,2142.72,720,96,11958.72,11.678,True,9033.28,1,0,0,98.02,n/a
costsim-00042,B4-lite,compact_7b_4bit,Compact 7B 4-bit VLM proxy,9000,2048,1344x1344,336x336,336x336,5,5,4,2,2,independent_all_resident,3456,2142.72,720,96,11958.72,11.678,True,9033.28,2,0,0,116.02,n/a
costsim-00043,B4-lite,compact_7b_4bit,Compact 7B 4-bit VLM proxy,9000,2048,1344x1344,336x336,336x336,5,5,4,4,4,independent_all_resident,3456,2142.72,720,96,11958.72,11.678,True,9033.28,4,0,0,152.02,n/a
costsim-00044,B4-lite,compact_7b_4bit,Compact 7B 4-bit VLM proxy,9000,2048,1344x1344,336x336,336x336,5,5,8,1,1,independent_all_resident,3456,2142.72,1440,96,12678.72,12.382,True,8313.28,1,0,0,98.02,n/a
costsim-00045,B4-lite,compact_7b_4bit,Compact 7B 4-bit VLM proxy,9000,2048,1344x1344,336x336,336x336,5,5,8,2,2,independent_all_resident,3456,2142.72,1440,96,12678.72,12.382,True,8313.28,2,0,0,116.02,n/a
costsim-00046,B4-lite,compact_7b_4bit,Compact 7B 4-bit VLM proxy,9000,2048,1344x1344,336x336,336x336,5,5,8,4,4,independent_all_resident,3456,2142.72,1440,96,12678.72,12.382,True,8313.28,4,0,0,152.02,n/a
costsim-00047,B4-lite,compact_7b_4bit,Compact 7B 4-bit VLM proxy,9000,2048,1344x1344,336x336,336x336,5,5,16,1,1,independent_all_resident,3456,2142.72,2880,96,14118.72,13.788,True,6873.28,1,0,0,98.02,n/a
costsim-00048,B4-lite,compact_7b_4bit,Compact 7B 4-bit VLM proxy,9000,2048,1344x1344,336x336,336x336,5,5,16,2,2,independent_all_resident,3456,2142.72,2880,96,14118.72,13.788,True,6873.28,2,0,0,116.02,n/a
costsim-00049,B4-lite,compact_7b_4bit,Compact 7B 4-bit VLM proxy,9000,2048,1344x1344,336x336,336x336,5,5,16,4,4,independent_all_resident,3456,2142.72,2880,96,14118.72,13.788,True,6873.28,4,0,0,152.02,n/a
costsim-00050,B4-lite,compact_7b_4bit,Compact 7B 4-bit VLM proxy,9000,2048,1344x1344,336x336,336x336,5,5,32,1,1,independent_all_resident,3456,2142.72,5760,96,16998.72,16.6,True,3993.28,1,0,0,98.02,n/a
costsim-00051,B4-lite,compact_7b_4bit,Compact 7B 4-bit VLM proxy,9000,2048,1344x1344,336x336,336x336,5,5,32,2,2,independent_all_resident,3456,2142.72,5760,96,16998.72,16.6,True,3993.28,2,0,0,116.02,n/a
costsim-00052,B4-lite,compact_7b_4bit,Compact 7B 4-bit VLM proxy,9000,2048,1344x1344,336x336,336x336,5,5,32,4,4,independent_all_resident,3456,2142.72,5760,96,16998.72,16.6,True,3993.28,4,0,0,152.02,n/a
costsim-00053,B4-lite,compact_7b_4bit,Compact 7B 4-bit VLM proxy,9000,2048,1344x1344,336x336,448x448,1,1,4,1,1,independent_all_resident,1600,992.0,720,96,10808.0,10.555,True,10184.0,1,0,0,77.6,n/a
costsim-00054,B4-lite,compact_7b_4bit,Compact 7B 4-bit VLM proxy,9000,2048,1344x1344,336x336,448x448,1,1,4,2,2,independent_all_resident,1600,992.0,720,96,10808.0,10.555,True,10184.0,2,0,0,95.6,n/a
costsim-00055,B4-lite,compact_7b_4bit,Compact 7B 4-bit VLM proxy,9000,2048,1344x1344,336x336,448x448,1,1,4,4,4,independent_all_resident,1600,992.0,720,96,10808.0,10.555,True,10184.0,4,0,0,131.6,n/a
costsim-00056,B4-lite,compact_7b_4bit,Compact 7B 4-bit VLM proxy,9000,2048,1344x1344,336x336,448x448,1,1,8,1,1,independent_all_resident,1600,992.0,1440,96,11528.0,11.258,True,9464.0,1,0,0,77.6,n/a
costsim-00057,B4-lite,compact_7b_4bit,Compact 7B 4-bit VLM proxy,9000,2048,1344x1344,336x336,448x448,1,1,8,2,2,independent_all_resident,1600,992.0,1440,96,11528.0,11.258,True,9464.0,2,0,0,95.6,n/a
costsim-00058,B4-lite,compact_7b_4bit,Compact 7B 4-bit VLM proxy,9000,2048,1344x1344,336x336,448x448,1,1,8,4,4,independent_all_resident,1600,992.0,1440,96,11528.0,11.258,True,9464.0,4,0,0,131.6,n/a
costsim-00059,B4-lite,compact_7b_4bit,Compact 7B 4-bit VLM proxy,9000,2048,1344x1344,336x336,448x448,1,1,16,1,1,independent_all_resident,1600,992.0,2880,96,12968.0,12.664,True,8024.0,1,0,0,77.6,n/a
costsim-00060,B4-lite,compact_7b_4bit,Compact 7B 4-bit VLM proxy,9000,2048,1344x1344,336x336,448x448,1,1,16,2,2,independent_all_resident,1600,992.0,2880,96,12968.0,12.664,True,8024.0,2,0,0,95.6,n/a
costsim-00061,B4-lite,compact_7b_4bit,Compact 7B 4-bit VLM proxy,9000,2048,1344x1344,336x336,448x448,1,1,16,4,4,independent_all_resident,1600,992.0,2880,96,12968.0,12.664,True,8024.0,4,0,0,131.6,n/a
costsim-00062,B4-lite,compact_7b_4bit,Compact 7B 4-bit VLM proxy,9000,2048,1344x1344,336x336,448x448,1,1,32,1,1,independent_all_resident,1600,992.0,5760,96,15848.0,15.477,True,5144.0,1,0,0,77.6,n/a
costsim-00063,B4-lite,compact_7b_4bit,Compact 7B 4-bit VLM proxy,9000,2048,1344x1344,336x336,448x448,1,1,32,2,2,independent_all_resident,1600,992.0,5760,96,15848.0,15.477,True,5144.0,2,0,0,95.6,n/a
costsim-00064,B4-lite,compact_7b_4bit,Compact 7B 4-bit VLM proxy,9000,2048,1344x1344,336x336,448x448,1,1,32,4,4,independent_all_resident,1600,992.0,5760,96,15848.0,15.477,True,5144.0,4,0,0,131.6,n/a
costsim-00065,B4-lite,compact_7b_4bit,Compact 7B 4-bit VLM proxy,9000,2048,1344x1344,336x336,448x448,3,3,4,1,1,independent_all_resident,3648,2261.76,720,96,12077.76,11.795,True,8914.24,1,0,0,100.13,n/a
costsim-00066,B4-lite,compact_7b_4bit,Compact 7B 4-bit VLM proxy,9000,2048,1344x1344,336x336,448x448,3,3,4,2,2,independent_all_resident,3648,2261.76,720,96,12077.76,11.795,True,8914.24,2,0,0,118.13,n/a
costsim-00067,B4-lite,compact_7b_4bit,Compact 7B 4-bit VLM proxy,9000,2048,1344x1344,336x336,448x448,3,3,4,4,4,independent_all_resident,3648,2261.76,720,96,12077.76,11.795,True,8914.24,4,0,0,154.13,n/a
costsim-00068,B4-lite,compact_7b_4bit,Compact 7B 4-bit VLM proxy,9000,2048,1344x1344,336x336,448x448,3,3,8,1,1,independent_all_resident,3648,2261.76,1440,96,12797.76,12.498,True,8194.24,1,0,0,100.13,n/a
costsim-00069,B4-lite,compact_7b_4bit,Compact 7B 4-bit VLM proxy,9000,2048,1344x1344,336x336,448x448,3,3,8,2,2,independent_all_resident,3648,2261.76,1440,96,12797.76,12.498,True,8194.24,2,0,0,118.13,n/a
costsim-00070,B4-lite,compact_7b_4bit,Compact 7B 4-bit VLM proxy,9000,2048,1344x1344,336x336,448x448,3,3,8,4,4,independent_all_resident,3648,2261.76,1440,96,12797.76,12.498,True,8194.24,4,0,0,154.13,n/a
costsim-00071,B4-lite,compact_7b_4bit,Compact 7B 4-bit VLM proxy,9000,2048,1344x1344,336x336,448x448,3,3,16,1,1,independent_all_resident,3648,2261.76,2880,96,14237.76,13.904,True,6754.24,1,0,0,100.13,n/a
costsim-00072,B4-lite,compact_7b_4bit,Compact 7B 4-bit VLM proxy,9000,2048,1344x1344,336x336,448x448,3,3,16,2,2,independent_all_resident,3648,2261.76,2880,96,14237.76,13.904,True,6754.24,2,0,0,118.13,n/a
costsim-00073,B4-lite,compact_7b_4bit,Compact 7B 4-bit VLM proxy,9000,2048,1344x1344,336x336,448x448,3,3,16,4,4,independent_all_resident,3648,2261.76,2880,96,14237.76,13.904,True,6754.24,4,0,0,154.13,n/a
costsim-00074,B4-lite,compact_7b_4bit,Compact 7B 4-bit VLM proxy,9000,2048,1344x1344,336x336,448x448,3,3,32,1,1,independent_all_resident,3648,2261.76,5760,96,17117.76,16.717,True,3874.24,1,0,0,100.13,n/a
costsim-00075,B4-lite,compact_7b_4bit,Compact 7B 4-bit VLM proxy,9000,2048,1344x1344,336x336,448x448,3,3,32,2,2,independent_all_resident,3648,2261.76,5760,96,17117.76,16.717,True,3874.24,2,0,0,118.13,n/a
costsim-00076,B4-lite,compact_7b_4bit,Compact 7B 4-bit VLM proxy,9000,2048,1344x1344,336x336,448x448,3,3,32,4,4,independent_all_resident,3648,2261.76,5760,96,17117.76,16.717,True,3874.24,4,0,0,154.13,n/a
costsim-00077,B4-lite,compact_7b_4bit,Compact 7B 4-bit VLM proxy,9000,2048,1344x1344,336x336,448x448,5,5,4,1,1,independent_all_resident,5696,3531.52,720,96,13347.52,13.035,True,7644.48,1,0,0,122.66,n/a
costsim-00078,B4-lite,compact_7b_4bit,Compact 7B 4-bit VLM proxy,9000,2048,1344x1344,336x336,448x448,5,5,4,2,2,independent_all_resident,5696,3531.52,720,96,13347.52,13.035,True,7644.48,2,0,0,140.66,n/a
costsim-00079,B4-lite,compact_7b_4bit,Compact 7B 4-bit VLM proxy,9000,2048,1344x1344,336x336,448x448,5,5,4,4,4,independent_all_resident,5696,3531.52,720,96,13347.52,13.035,True,7644.48,4,0,0,176.66,n/a
costsim-00080,B4-lite,compact_7b_4bit,Compact 7B 4-bit VLM proxy,9000,2048,1344x1344,336x336,448x448,5,5,8,1,1,independent_all_resident,5696,3531.52,1440,96,14067.52,13.738,True,6924.48,1,0,0,122.66,n/a
costsim-00081,B4-lite,compact_7b_4bit,Compact 7B 4-bit VLM proxy,9000,2048,1344x1344,336x336,448x448,5,5,8,2,2,independent_all_resident,5696,3531.52,1440,96,14067.52,13.738,True,6924.48,2,0,0,140.66,n/a
costsim-00082,B4-lite,compact_7b_4bit,Compact 7B 4-bit VLM proxy,9000,2048,1344x1344,336x336,448x448,5,5,8,4,4,independent_all_resident,5696,3531.52,1440,96,14067.52,13.738,True,6924.48,4,0,0,176.66,n/a
costsim-00083,B4-lite,compact_7b_4bit,Compact 7B 4-bit VLM proxy,9000,2048,1344x1344,336x336,448x448,5,5,16,1,1,independent_all_resident,5696,3531.52,2880,96,15507.52,15.144,True,5484.48,1,0,0,122.66,n/a
costsim-00084,B4-lite,compact_7b_4bit,Compact 7B 4-bit VLM proxy,9000,2048,1344x1344,336x336,448x448,5,5,16,2,2,independent_all_resident,5696,3531.52,2880,96,15507.52,15.144,True,5484.48,2,0,0,140.66,n/a
costsim-00085,B4-lite,compact_7b_4bit,Compact 7B 4-bit VLM proxy,9000,2048,1344x1344,336x336,448x448,5,5,16,4,4,independent_all_resident,5696,3531.52,2880,96,15507.52,15.144,True,5484.48,4,0,0,176.66,n/a
costsim-00086,B4-lite,compact_7b_4bit,Compact 7B 4-bit VLM proxy,9000,2048,1344x1344,336x336,448x448,5,5,32,1,1,independent_all_resident,5696,3531.52,5760,96,18387.52,17.957,True,2604.48,1,0,0,122.66,n/a
costsim-00087,B4-lite,compact_7b_4bit,Compact 7B 4-bit VLM proxy,9000,2048,1344x1344,336x336,448x448,5,5,32,2,2,independent_all_resident,5696,3531.52,5760,96,18387.52,17.957,True,2604.48,2,0,0,140.66,n/a
costsim-00088,B4-lite,compact_7b_4bit,Compact 7B 4-bit VLM proxy,9000,2048,1344x1344,336x336,448x448,5,5,32,4,4,independent_all_resident,5696,3531.52,5760,96,18387.52,17.957,True,2604.48,4,0,0,176.66,n/a
costsim-00089,B4-lite,compact_7b_4bit,Compact 7B 4-bit VLM proxy,9000,2048,1344x1344,448x448,336x336,1,1,4,1,1,independent_all_resident,1600,992.0,720,96,10808.0,10.555,True,10184.0,1,0,0,77.6,n/a
costsim-00090,B4-lite,compact_7b_4bit,Compact 7B 4-bit VLM proxy,9000,2048,1344x1344,448x448,336x336,1,1,4,2,2,independent_all_resident,1600,992.0,720,96,10808.0,10.555,True,10184.0,2,0,0,95.6,n/a
costsim-00091,B4-lite,compact_7b_4bit,Compact 7B 4-bit VLM proxy,9000,2048,1344x1344,448x448,336x336,1,1,4,4,4,independent_all_resident,1600,992.0,720,96,10808.0,10.555,True,10184.0,4,0,0,131.6,n/a
costsim-00092,B4-lite,compact_7b_4bit,Compact 7B 4-bit VLM proxy,9000,2048,1344x1344,448x448,336x336,1,1,8,1,1,independent_all_resident,1600,992.0,1440,96,11528.0,11.258,True,9464.0,1,0,0,77.6,n/a
costsim-00093,B4-lite,compact_7b_4bit,Compact 7B 4-bit VLM proxy,9000,2048,1344x1344,448x448,336x336,1,1,8,2,2,independent_all_resident,1600,992.0,1440,96,11528.0,11.258,True,9464.0,2,0,0,95.6,n/a
costsim-00094,B4-lite,compact_7b_4bit,Compact 7B 4-bit VLM proxy,9000,2048,1344x1344,448x448,336x336,1,1,8,4,4,independent_all_resident,1600,992.0,1440,96,11528.0,11.258,True,9464.0,4,0,0,131.6,n/a
costsim-00095,B4-lite,compact_7b_4bit,Compact 7B 4-bit VLM proxy,9000,2048,1344x1344,448x448,336x336,1,1,16,1,1,independent_all_resident,1600,992.0,2880,96,12968.0,12.664,True,8024.0,1,0,0,77.6,n/a
costsim-00096,B4-lite,compact_7b_4bit,Compact 7B 4-bit VLM proxy,9000,2048,1344x1344,448x448,336x336,1,1,16,2,2,independent_all_resident,1600,992.0,2880,96,12968.0,12.664,True,8024.0,2,0,0,95.6,n/a
costsim-00097,B4-lite,compact_7b_4bit,Compact 7B 4-bit VLM proxy,9000,2048,1344x1344,448x448,336x336,1,1,16,4,4,independent_all_resident,1600,992.0,2880,96,12968.0,12.664,True,8024.0,4,0,0,131.6,n/a
costsim-00098,B4-lite,compact_7b_4bit,Compact 7B 4-bit VLM proxy,9000,2048,1344x1344,448x448,336x336,1,1,32,1,1,independent_all_resident,1600,992.0,5760,96,15848.0,15.477,True,5144.0,1,0,0,77.6,n/a
costsim-00099,B4-lite,compact_7b_4bit,Compact 7B 4-bit VLM proxy,9000,2048,1344x1344,448x448,336x336,1,1,32,2,2,independent_all_resident,1600,992.0,5760,96,15848.0,15.477,True,5144.0,2,0,0,95.6,n/a
costsim-00100,B4-lite,compact_7b_4bit,Compact 7B 4-bit VLM proxy,9000,2048,1344x1344,448x448,336x336,1,1,32,4,4,independent_all_resident,1600,992.0,5760,96,15848.0,15.477,True,5144.0,4,0,0,131.6,n/a
costsim-00101,B4-lite,compact_7b_4bit,Compact 7B 4-bit VLM proxy,9000,2048,1344x1344,448x448,336x336,3,3,4,1,1,independent_all_resident,2752,1706.24,720,96,11522.24,11.252,True,9469.76,1,0,0,90.27,n/a
costsim-00102,B4-lite,compact_7b_4bit,Compact 7B 4-bit VLM proxy,9000,2048,1344x1344,448x448,336x336,3,3,4,2,2,independent_all_resident,2752,1706.24,720,96,11522.24,11.252,True,9469.76,2,0,0,108.27,n/a
costsim-00103,B4-lite,compact_7b_4bit,Compact 7B 4-bit VLM proxy,9000,2048,1344x1344,448x448,336x336,3,3,4,4,4,independent_all_resident,2752,1706.24,720,96,11522.24,11.252,True,9469.76,4,0,0,144.27,n/a
costsim-00104,B4-lite,compact_7b_4bit,Compact 7B 4-bit VLM proxy,9000,2048,1344x1344,448x448,336x336,3,3,8,1,1,independent_all_resident,2752,1706.24,1440,96,12242.24,11.955,True,8749.76,1,0,0,90.27,n/a
costsim-00105,B4-lite,compact_7b_4bit,Compact 7B 4-bit VLM proxy,9000,2048,1344x1344,448x448,336x336,3,3,8,2,2,independent_all_resident,2752,1706.24,1440,96,12242.24,11.955,True,8749.76,2,0,0,108.27,n/a
costsim-00106,B4-lite,compact_7b_4bit,Compact 7B 4-bit VLM proxy,9000,2048,1344x1344,448x448,336x336,3,3,8,4,4,independent_all_resident,2752,1706.24,1440,96,12242.24,11.955,True,8749.76,4,0,0,144.27,n/a
costsim-00107,B4-lite,compact_7b_4bit,Compact 7B 4-bit VLM proxy,9000,2048,1344x1344,448x448,336x336,3,3,16,1,1,independent_all_resident,2752,1706.24,2880,96,13682.24,13.362,True,7309.76,1,0,0,90.27,n/a
costsim-00108,B4-lite,compact_7b_4bit,Compact 7B 4-bit VLM proxy,9000,2048,1344x1344,448x448,336x336,3,3,16,2,2,independent_all_resident,2752,1706.24,2880,96,13682.24,13.362,True,7309.76,2,0,0,108.27,n/a
costsim-00109,B4-lite,compact_7b_4bit,Compact 7B 4-bit VLM proxy,9000,2048,1344x1344,448x448,336x336,3,3,16,4,4,independent_all_resident,2752,1706.24,2880,96,13682.24,13.362,True,7309.76,4,0,0,144.27,n/a
costsim-00110,B4-lite,compact_7b_4bit,Compact 7B 4-bit VLM proxy,9000,2048,1344x1344,448x448,336x336,3,3,32,1,1,independent_all_resident,2752,1706.24,5760,96,16562.24,16.174,True,4429.76,1,0,0,90.27,n/a
costsim-00111,B4-lite,compact_7b_4bit,Compact 7B 4-bit VLM proxy,9000,2048,1344x1344,448x448,336x336,3,3,32,2,2,independent_all_resident,2752,1706.24,5760,96,16562.24,16.174,True,4429.76,2,0,0,108.27,n/a
costsim-00112,B4-lite,compact_7b_4bit,Compact 7B 4-bit VLM proxy,9000,2048,1344x1344,448x448,336x336,3,3,32,4,4,independent_all_resident,2752,1706.24,5760,96,16562.24,16.174,True,4429.76,4,0,0,144.27,n/a
costsim-00113,B4-lite,compact_7b_4bit,Compact 7B 4-bit VLM proxy,9000,2048,1344x1344,448x448,336x336,5,5,4,1,1,independent_all_resident,3904,2420.48,720,96,12236.48,11.95,True,8755.52,1,0,0,102.94,n/a
costsim-00114,B4-lite,compact_7b_4bit,Compact 7B 4-bit VLM proxy,9000,2048,1344x1344,448x448,336x336,5,5,4,2,2,independent_all_resident,3904,2420.48,720,96,12236.48,11.95,True,8755.52,2,0,0,120.94,n/a
costsim-00115,B4-lite,compact_7b_4bit,Compact 7B 4-bit VLM proxy,9000,2048,1344x1344,448x448,336x336,5,5,4,4,4,independent_all_resident,3904,2420.48,720,96,12236.48,11.95,True,8755.52,4,0,0,156.94,n/a
costsim-00116,B4-lite,compact_7b_4bit,Compact 7B 4-bit VLM proxy,9000,2048,1344x1344,448x448,336x336,5,5,8,1,1,independent_all_resident,3904,2420.48,1440,96,12956.48,12.653,True,8035.52,1,0,0,102.94,n/a
costsim-00117,B4-lite,compact_7b_4bit,Compact 7B 4-bit VLM proxy,9000,2048,1344x1344,448x448,336x336,5,5,8,2,2,independent_all_resident,3904,2420.48,1440,96,12956.48,12.653,True,8035.52,2,0,0,120.94,n/a
costsim-00118,B4-lite,compact_7b_4bit,Compact 7B 4-bit VLM proxy,9000,2048,1344x1344,448x448,336x336,5,5,8,4,4,independent_all_resident,3904,2420.48,1440,96,12956.48,12.653,True,8035.52,4,0,0,156.94,n/a
costsim-00119,B4-lite,compact_7b_4bit,Compact 7B 4-bit VLM proxy,9000,2048,1344x1344,448x448,336x336,5,5,16,1,1,independent_all_resident,3904,2420.48,2880,96,14396.48,14.059,True,6595.52,1,0,0,102.94,n/a
costsim-00120,B4-lite,compact_7b_4bit,Compact 7B 4-bit VLM proxy,9000,2048,1344x1344,448x448,336x336,5,5,16,2,2,independent_all_resident,3904,2420.48,2880,96,14396.48,14.059,True,6595.52,2,0,0,120.94,n/a
costsim-00121,B4-lite,compact_7b_4bit,Compact 7B 4-bit VLM proxy,9000,2048,1344x1344,448x448,336x336,5,5,16,4,4,independent_all_resident,3904,2420.48,2880,96,14396.48,14.059,True,6595.52,4,0,0,156.94,n/a
costsim-00122,B4-lite,compact_7b_4bit,Compact 7B 4-bit VLM proxy,9000,2048,1344x1344,448x448,336x336,5,5,32,1,1,independent_all_resident,3904,2420.48,5760,96,17276.48,16.872,True,3715.52,1,0,0,102.94,n/a
costsim-00123,B4-lite,compact_7b_4bit,Compact 7B 4-bit VLM proxy,9000,2048,1344x1344,448x448,336x336,5,5,32,2,2,independent_all_resident,3904,2420.48,5760,96,17276.48,16.872,True,3715.52,2,0,0,120.94,n/a
costsim-00124,B4-lite,compact_7b_4bit,Compact 7B 4-bit VLM proxy,9000,2048,1344x1344,448x448,336x336,5,5,32,4,4,independent_all_resident,3904,2420.48,5760,96,17276.48,16.872,True,3715.52,4,0,0,156.94,n/a
costsim-00125,B4-lite,compact_7b_4bit,Compact 7B 4-bit VLM proxy,9000,2048,1344x1344,448x448,448x448,1,1,4,1,1,independent_all_resident,2048,1269.76,720,96,11085.76,10.826,True,9906.24,1,0,0,82.53,n/a
costsim-00126,B4-lite,compact_7b_4bit,Compact 7B 4-bit VLM proxy,9000,2048,1344x1344,448x448,448x448,1,1,4,2,2,independent_all_resident,2048,1269.76,720,96,11085.76,10.826,True,9906.24,2,0,0,100.53,n/a
costsim-00127,B4-lite,compact_7b_4bit,Compact 7B 4-bit VLM proxy,9000,2048,1344x1344,448x448,448x448,1,1,4,4,4,independent_all_resident,2048,1269.76,720,96,11085.76,10.826,True,9906.24,4,0,0,136.53,n/a
costsim-00128,B4-lite,compact_7b_4bit,Compact 7B 4-bit VLM proxy,9000,2048,1344x1344,448x448,448x448,1,1,8,1,1,independent_all_resident,2048,1269.76,1440,96,11805.76,11.529,True,9186.24,1,0,0,82.53,n/a
costsim-00129,B4-lite,compact_7b_4bit,Compact 7B 4-bit VLM proxy,9000,2048,1344x1344,448x448,448x448,1,1,8,2,2,independent_all_resident,2048,1269.76,1440,96,11805.76,11.529,True,9186.24,2,0,0,100.53,n/a
costsim-00130,B4-lite,compact_7b_4bit,Compact 7B 4-bit VLM proxy,9000,2048,1344x1344,448x448,448x448,1,1,8,4,4,independent_all_resident,2048,1269.76,1440,96,11805.76,11.529,True,9186.24,4,0,0,136.53,n/a
costsim-00131,B4-lite,compact_7b_4bit,Compact 7B 4-bit VLM proxy,9000,2048,1344x1344,448x448,448x448,1,1,16,1,1,independent_all_resident,2048,1269.76,2880,96,13245.76,12.935,True,7746.24,1,0,0,82.53,n/a
costsim-00132,B4-lite,compact_7b_4bit,Compact 7B 4-bit VLM proxy,9000,2048,1344x1344,448x448,448x448,1,1,16,2,2,independent_all_resident,2048,1269.76,2880,96,13245.76,12.935,True,7746.24,2,0,0,100.53,n/a
costsim-00133,B4-lite,compact_7b_4bit,Compact 7B 4-bit VLM proxy,9000,2048,1344x1344,448x448,448x448,1,1,16,4,4,independent_all_resident,2048,1269.76,2880,96,13245.76,12.935,True,7746.24,4,0,0,136.53,n/a
costsim-00134,B4-lite,compact_7b_4bit,Compact 7B 4-bit VLM proxy,9000,2048,1344x1344,448x448,448x448,1,1,32,1,1,independent_all_resident,2048,1269.76,5760,96,16125.76,15.748,True,4866.24,1,0,0,82.53,n/a
costsim-00135,B4-lite,compact_7b_4bit,Compact 7B 4-bit VLM proxy,9000,2048,1344x1344,448x448,448x448,1,1,32,2,2,independent_all_resident,2048,1269.76,5760,96,16125.76,15.748,True,4866.24,2,0,0,100.53,n/a
costsim-00136,B4-lite,compact_7b_4bit,Compact 7B 4-bit VLM proxy,9000,2048,1344x1344,448x448,448x448,1,1,32,4,4,independent_all_resident,2048,1269.76,5760,96,16125.76,15.748,True,4866.24,4,0,0,136.53,n/a
costsim-00137,B4-lite,compact_7b_4bit,Compact 7B 4-bit VLM proxy,9000,2048,1344x1344,448x448,448x448,3,3,4,1,1,independent_all_resident,4096,2539.52,720,96,12355.52,12.066,True,8636.48,1,0,0,105.06,n/a
costsim-00138,B4-lite,compact_7b_4bit,Compact 7B 4-bit VLM proxy,9000,2048,1344x1344,448x448,448x448,3,3,4,2,2,independent_all_resident,4096,2539.52,720,96,12355.52,12.066,True,8636.48,2,0,0,123.06,n/a
costsim-00139,B4-lite,compact_7b_4bit,Compact 7B 4-bit VLM proxy,9000,2048,1344x1344,448x448,448x448,3,3,4,4,4,independent_all_resident,4096,2539.52,720,96,12355.52,12.066,True,8636.48,4,0,0,159.06,n/a
costsim-00140,B4-lite,compact_7b_4bit,Compact 7B 4-bit VLM proxy,9000,2048,1344x1344,448x448,448x448,3,3,8,1,1,independent_all_resident,4096,2539.52,1440,96,13075.52,12.769,True,7916.48,1,0,0,105.06,n/a
costsim-00141,B4-lite,compact_7b_4bit,Compact 7B 4-bit VLM proxy,9000,2048,1344x1344,448x448,448x448,3,3,8,2,2,independent_all_resident,4096,2539.52,1440,96,13075.52,12.769,True,7916.48,2,0,0,123.06,n/a
costsim-00142,B4-lite,compact_7b_4bit,Compact 7B 4-bit VLM proxy,9000,2048,1344x1344,448x448,448x448,3,3,8,4,4,independent_all_resident,4096,2539.52,1440,96,13075.52,12.769,True,7916.48,4,0,0,159.06,n/a
costsim-00143,B4-lite,compact_7b_4bit,Compact 7B 4-bit VLM proxy,9000,2048,1344x1344,448x448,448x448,3,3,16,1,1,independent_all_resident,4096,2539.52,2880,96,14515.52,14.175,True,6476.48,1,0,0,105.06,n/a
costsim-00144,B4-lite,compact_7b_4bit,Compact 7B 4-bit VLM proxy,9000,2048,1344x1344,448x448,448x448,3,3,16,2,2,independent_all_resident,4096,2539.52,2880,96,14515.52,14.175,True,6476.48,2,0,0,123.06,n/a
costsim-00145,B4-lite,compact_7b_4bit,Compact 7B 4-bit VLM proxy,9000,2048,1344x1344,448x448,448x448,3,3,16,4,4,independent_all_resident,4096,2539.52,2880,96,14515.52,14.175,True,6476.48,4,0,0,159.06,n/a
costsim-00146,B4-lite,compact_7b_4bit,Compact 7B 4-bit VLM proxy,9000,2048,1344x1344,448x448,448x448,3,3,32,1,1,independent_all_resident,4096,2539.52,5760,96,17395.52,16.988,True,3596.48,1,0,0,105.06,n/a
costsim-00147,B4-lite,compact_7b_4bit,Compact 7B 4-bit VLM proxy,9000,2048,1344x1344,448x448,448x448,3,3,32,2,2,independent_all_resident,4096,2539.52,5760,96,17395.52,16.988,True,3596.48,2,0,0,123.06,n/a
costsim-00148,B4-lite,compact_7b_4bit,Compact 7B 4-bit VLM proxy,9000,2048,1344x1344,448x448,448x448,3,3,32,4,4,independent_all_resident,4096,2539.52,5760,96,17395.52,16.988,True,3596.48,4,0,0,159.06,n/a
costsim-00149,B4-lite,compact_7b_4bit,Compact 7B 4-bit VLM proxy,9000,2048,1344x1344,448x448,448x448,5,5,4,1,1,independent_all_resident,6144,3809.28,720,96,13625.28,13.306,True,7366.72,1,0,0,127.58,n/a
costsim-00150,B4-lite,compact_7b_4bit,Compact 7B 4-bit VLM proxy,9000,2048,1344x1344,448x448,448x448,5,5,4,2,2,independent_all_resident,6144,3809.28,720,96,13625.28,13.306,True,7366.72,2,0,0,145.58,n/a
costsim-00151,B4-lite,compact_7b_4bit,Compact 7B 4-bit VLM proxy,9000,2048,1344x1344,448x448,448x448,5,5,4,4,4,independent_all_resident,6144,3809.28,720,96,13625.28,13.306,True,7366.72,4,0,0,181.58,n/a
costsim-00152,B4-lite,compact_7b_4bit,Compact 7B 4-bit VLM proxy,9000,2048,1344x1344,448x448,448x448,5,5,8,1,1,independent_all_resident,6144,3809.28,1440,96,14345.28,14.009,True,6646.72,1,0,0,127.58,n/a
costsim-00153,B4-lite,compact_7b_4bit,Compact 7B 4-bit VLM proxy,9000,2048,1344x1344,448x448,448x448,5,5,8,2,2,independent_all_resident,6144,3809.28,1440,96,14345.28,14.009,True,6646.72,2,0,0,145.58,n/a
costsim-00154,B4-lite,compact_7b_4bit,Compact 7B 4-bit VLM proxy,9000,2048,1344x1344,448x448,448x448,5,5,8,4,4,independent_all_resident,6144,3809.28,1440,96,14345.28,14.009,True,6646.72,4,0,0,181.58,n/a
costsim-00155,B4-lite,compact_7b_4bit,Compact 7B 4-bit VLM proxy,9000,2048,1344x1344,448x448,448x448,5,5,16,1,1,independent_all_resident,6144,3809.28,2880,96,15785.28,15.415,True,5206.72,1,0,0,127.58,n/a
costsim-00156,B4-lite,compact_7b_4bit,Compact 7B 4-bit VLM proxy,9000,2048,1344x1344,448x448,448x448,5,5,16,2,2,independent_all_resident,6144,3809.28,2880,96,15785.28,15.415,True,5206.72,2,0,0,145.58,n/a
costsim-00157,B4-lite,compact_7b_4bit,Compact 7B 4-bit VLM proxy,9000,2048,1344x1344,448x448,448x448,5,5,16,4,4,independent_all_resident,6144,3809.28,2880,96,15785.28,15.415,True,5206.72,4,0,0,181.58,n/a
costsim-00158,B4-lite,compact_7b_4bit,Compact 7B 4-bit VLM proxy,9000,2048,1344x1344,448x448,448x448,5,5,32,1,1,independent_all_resident,6144,3809.28,5760,96,18665.28,18.228,True,2326.72,1,0,0,127.58,n/a
costsim-00159,B4-lite,compact_7b_4bit,Compact 7B 4-bit VLM proxy,9000,2048,1344x1344,448x448,448x448,5,5,32,2,2,independent_all_resident,6144,3809.28,5760,96,18665.28,18.228,True,2326.72,2,0,0,145.58,n/a
costsim-00160,B4-lite,compact_7b_4bit,Compact 7B 4-bit VLM proxy,9000,2048,1344x1344,448x448,448x448,5,5,32,4,4,independent_all_resident,6144,3809.28,5760,96,18665.28,18.228,True,2326.72,4,0,0,181.58,n/a
costsim-00161,B5-lite,compact_7b_4bit,Compact 7B 4-bit VLM proxy,9000,2048,1344x1344,336x336,336x336,1,1,4,1,1,shared_all_resident,1152,714.24,400,96,10210.24,9.971,True,10781.76,1,0,0,62.67,n/a
costsim-00162,B5-lite,compact_7b_4bit,Compact 7B 4-bit VLM proxy,9000,2048,1344x1344,336x336,336x336,1,1,4,2,2,shared_all_resident,1152,714.24,400,96,10210.24,9.971,True,10781.76,2,0,0,70.67,n/a
costsim-00163,B5-lite,compact_7b_4bit,Compact 7B 4-bit VLM proxy,9000,2048,1344x1344,336x336,336x336,1,1,4,4,4,shared_all_resident,1152,714.24,400,96,10210.24,9.971,True,10781.76,4,0,0,86.67,n/a
costsim-00164,B5-lite,compact_7b_4bit,Compact 7B 4-bit VLM proxy,9000,2048,1344x1344,336x336,336x336,1,1,8,1,1,shared_all_resident,1152,714.24,580,96,10390.24,10.147,True,10601.76,1,0,0,62.67,n/a
costsim-00165,B5-lite,compact_7b_4bit,Compact 7B 4-bit VLM proxy,9000,2048,1344x1344,336x336,336x336,1,1,8,2,2,shared_all_resident,1152,714.24,580,96,10390.24,10.147,True,10601.76,2,0,0,70.67,n/a
costsim-00166,B5-lite,compact_7b_4bit,Compact 7B 4-bit VLM proxy,9000,2048,1344x1344,336x336,336x336,1,1,8,4,4,shared_all_resident,1152,714.24,580,96,10390.24,10.147,True,10601.76,4,0,0,86.67,n/a
costsim-00167,B5-lite,compact_7b_4bit,Compact 7B 4-bit VLM proxy,9000,2048,1344x1344,336x336,336x336,1,1,16,1,1,shared_all_resident,1152,714.24,940,96,10750.24,10.498,True,10241.76,1,0,0,62.67,n/a
costsim-00168,B5-lite,compact_7b_4bit,Compact 7B 4-bit VLM proxy,9000,2048,1344x1344,336x336,336x336,1,1,16,2,2,shared_all_resident,1152,714.24,940,96,10750.24,10.498,True,10241.76,2,0,0,70.67,n/a
costsim-00169,B5-lite,compact_7b_4bit,Compact 7B 4-bit VLM proxy,9000,2048,1344x1344,336x336,336x336,1,1,16,4,4,shared_all_resident,1152,714.24,940,96,10750.24,10.498,True,10241.76,4,0,0,86.67,n/a
costsim-00170,B5-lite,compact_7b_4bit,Compact 7B 4-bit VLM proxy,9000,2048,1344x1344,336x336,336x336,1,1,32,1,1,shared_all_resident,1152,714.24,1660,96,11470.24,11.201,True,9521.76,1,0,0,62.67,n/a
costsim-00171,B5-lite,compact_7b_4bit,Compact 7B 4-bit VLM proxy,9000,2048,1344x1344,336x336,336x336,1,1,32,2,2,shared_all_resident,1152,714.24,1660,96,11470.24,11.201,True,9521.76,2,0,0,70.67,n/a
costsim-00172,B5-lite,compact_7b_4bit,Compact 7B 4-bit VLM proxy,9000,2048,1344x1344,336x336,336x336,1,1,32,4,4,shared_all_resident,1152,714.24,1660,96,11470.24,11.201,True,9521.76,4,0,0,86.67,n/a
costsim-00173,B5-lite,compact_7b_4bit,Compact 7B 4-bit VLM proxy,9000,2048,1344x1344,336x336,336x336,3,3,4,1,1,shared_all_resident,2304,1428.48,400,96,10924.48,10.668,True,10067.52,1,0,0,75.34,n/a
costsim-00174,B5-lite,compact_7b_4bit,Compact 7B 4-bit VLM proxy,9000,2048,1344x1344,336x336,336x336,3,3,4,2,2,shared_all_resident,2304,1428.48,400,96,10924.48,10.668,True,10067.52,2,0,0,83.34,n/a
costsim-00175,B5-lite,compact_7b_4bit,Compact 7B 4-bit VLM proxy,9000,2048,1344x1344,336x336,336x336,3,3,4,4,4,shared_all_resident,2304,1428.48,400,96,10924.48,10.668,True,10067.52,4,0,0,99.34,n/a
costsim-00176,B5-lite,compact_7b_4bit,Compact 7B 4-bit VLM proxy,9000,2048,1344x1344,336x336,336x336,3,3,8,1,1,shared_all_resident,2304,1428.48,580,96,11104.48,10.844,True,9887.52,1,0,0,75.34,n/a
costsim-00177,B5-lite,compact_7b_4bit,Compact 7B 4-bit VLM proxy,9000,2048,1344x1344,336x336,336x336,3,3,8,2,2,shared_all_resident,2304,1428.48,580,96,11104.48,10.844,True,9887.52,2,0,0,83.34,n/a
costsim-00178,B5-lite,compact_7b_4bit,Compact 7B 4-bit VLM proxy,9000,2048,1344x1344,336x336,336x336,3,3,8,4,4,shared_all_resident,2304,1428.48,580,96,11104.48,10.844,True,9887.52,4,0,0,99.34,n/a
costsim-00179,B5-lite,compact_7b_4bit,Compact 7B 4-bit VLM proxy,9000,2048,1344x1344,336x336,336x336,3,3,16,1,1,shared_all_resident,2304,1428.48,940,96,11464.48,11.196,True,9527.52,1,0,0,75.34,n/a
costsim-00180,B5-lite,compact_7b_4bit,Compact 7B 4-bit VLM proxy,9000,2048,1344x1344,336x336,336x336,3,3,16,2,2,shared_all_resident,2304,1428.48,940,96,11464.48,11.196,True,9527.52,2,0,0,83.34,n/a
costsim-00181,B5-lite,compact_7b_4bit,Compact 7B 4-bit VLM proxy,9000,2048,1344x1344,336x336,336x336,3,3,16,4,4,shared_all_resident,2304,1428.48,940,96,11464.48,11.196,True,9527.52,4,0,0,99.34,n/a
costsim-00182,B5-lite,compact_7b_4bit,Compact 7B 4-bit VLM proxy,9000,2048,1344x1344,336x336,336x336,3,3,32,1,1,shared_all_resident,2304,1428.48,1660,96,12184.48,11.899,True,8807.52,1,0,0,75.34,n/a
costsim-00183,B5-lite,compact_7b_4bit,Compact 7B 4-bit VLM proxy,9000,2048,1344x1344,336x336,336x336,3,3,32,2,2,shared_all_resident,2304,1428.48,1660,96,12184.48,11.899,True,8807.52,2,0,0,83.34,n/a
costsim-00184,B5-lite,compact_7b_4bit,Compact 7B 4-bit VLM proxy,9000,2048,1344x1344,336x336,336x336,3,3,32,4,4,shared_all_resident,2304,1428.48,1660,96,12184.48,11.899,True,8807.52,4,0,0,99.34,n/a
costsim-00185,B5-lite,compact_7b_4bit,Compact 7B 4-bit VLM proxy,9000,2048,1344x1344,336x336,336x336,5,5,4,1,1,shared_all_resident,3456,2142.72,400,96,11638.72,11.366,True,9353.28,1,0,0,88.02,n/a
costsim-00186,B5-lite,compact_7b_4bit,Compact 7B 4-bit VLM proxy,9000,2048,1344x1344,336x336,336x336,5,5,4,2,2,shared_all_resident,3456,2142.72,400,96,11638.72,11.366,True,9353.28,2,0,0,96.02,n/a
costsim-00187,B5-lite,compact_7b_4bit,Compact 7B 4-bit VLM proxy,9000,2048,1344x1344,336x336,336x336,5,5,4,4,4,shared_all_resident,3456,2142.72,400,96,11638.72,11.366,True,9353.28,4,0,0,112.02,n/a
costsim-00188,B5-lite,compact_7b_4bit,Compact 7B 4-bit VLM proxy,9000,2048,1344x1344,336x336,336x336,5,5,8,1,1,shared_all_resident,3456,2142.72,580,96,11818.72,11.542,True,9173.28,1,0,0,88.02,n/a
costsim-00189,B5-lite,compact_7b_4bit,Compact 7B 4-bit VLM proxy,9000,2048,1344x1344,336x336,336x336,5,5,8,2,2,shared_all_resident,3456,2142.72,580,96,11818.72,11.542,True,9173.28,2,0,0,96.02,n/a
costsim-00190,B5-lite,compact_7b_4bit,Compact 7B 4-bit VLM proxy,9000,2048,1344x1344,336x336,336x336,5,5,8,4,4,shared_all_resident,3456,2142.72,580,96,11818.72,11.542,True,9173.28,4,0,0,112.02,n/a
costsim-00191,B5-lite,compact_7b_4bit,Compact 7B 4-bit VLM proxy,9000,2048,1344x1344,336x336,336x336,5,5,16,1,1,shared_all_resident,3456,2142.72,940,96,12178.72,11.893,True,8813.28,1,0,0,88.02,n/a
costsim-00192,B5-lite,compact_7b_4bit,Compact 7B 4-bit VLM proxy,9000,2048,1344x1344,336x336,336x336,5,5,16,2,2,shared_all_resident,3456,2142.72,940,96,12178.72,11.893,True,8813.28,2,0,0,96.02,n/a
costsim-00193,B5-lite,compact_7b_4bit,Compact 7B 4-bit VLM proxy,9000,2048,1344x1344,336x336,336x336,5,5,16,4,4,shared_all_resident,3456,2142.72,940,96,12178.72,11.893,True,8813.28,4,0,0,112.02,n/a
costsim-00194,B5-lite,compact_7b_4bit,Compact 7B 4-bit VLM proxy,9000,2048,1344x1344,336x336,336x336,5,5,32,1,1,shared_all_resident,3456,2142.72,1660,96,12898.72,12.596,True,8093.28,1,0,0,88.02,n/a
costsim-00195,B5-lite,compact_7b_4bit,Compact 7B 4-bit VLM proxy,9000,2048,1344x1344,336x336,336x336,5,5,32,2,2,shared_all_resident,3456,2142.72,1660,96,12898.72,12.596,True,8093.28,2,0,0,96.02,n/a
costsim-00196,B5-lite,compact_7b_4bit,Compact 7B 4-bit VLM proxy,9000,2048,1344x1344,336x336,336x336,5,5,32,4,4,shared_all_resident,3456,2142.72,1660,96,12898.72,12.596,True,8093.28,4,0,0,112.02,n/a
costsim-00197,B5-lite,compact_7b_4bit,Compact 7B 4-bit VLM proxy,9000,2048,1344x1344,336x336,448x448,1,1,4,1,1,shared_all_resident,1600,992.0,400,96,10488.0,10.242,True,10504.0,1,0,0,67.6,n/a
costsim-00198,B5-lite,compact_7b_4bit,Compact 7B 4-bit VLM proxy,9000,2048,1344x1344,336x336,448x448,1,1,4,2,2,shared_all_resident,1600,992.0,400,96,10488.0,10.242,True,10504.0,2,0,0,75.6,n/a
costsim-00199,B5-lite,compact_7b_4bit,Compact 7B 4-bit VLM proxy,9000,2048,1344x1344,336x336,448x448,1,1,4,4,4,shared_all_resident,1600,992.0,400,96,10488.0,10.242,True,10504.0,4,0,0,91.6,n/a
costsim-00200,B5-lite,compact_7b_4bit,Compact 7B 4-bit VLM proxy,9000,2048,1344x1344,336x336,448x448,1,1,8,1,1,shared_all_resident,1600,992.0,580,96,10668.0,10.418,True,10324.0,1,0,0,67.6,n/a
costsim-00201,B5-lite,compact_7b_4bit,Compact 7B 4-bit VLM proxy,9000,2048,1344x1344,336x336,448x448,1,1,8,2,2,shared_all_resident,1600,992.0,580,96,10668.0,10.418,True,10324.0,2,0,0,75.6,n/a
costsim-00202,B5-lite,compact_7b_4bit,Compact 7B 4-bit VLM proxy,9000,2048,1344x1344,336x336,448x448,1,1,8,4,4,shared_all_resident,1600,992.0,580,96,10668.0,10.418,True,10324.0,4,0,0,91.6,n/a
costsim-00203,B5-lite,compact_7b_4bit,Compact 7B 4-bit VLM proxy,9000,2048,1344x1344,336x336,448x448,1,1,16,1,1,shared_all_resident,1600,992.0,940,96,11028.0,10.77,True,9964.0,1,0,0,67.6,n/a
costsim-00204,B5-lite,compact_7b_4bit,Compact 7B 4-bit VLM proxy,9000,2048,1344x1344,336x336,448x448,1,1,16,2,2,shared_all_resident,1600,992.0,940,96,11028.0,10.77,True,9964.0,2,0,0,75.6,n/a
costsim-00205,B5-lite,compact_7b_4bit,Compact 7B 4-bit VLM proxy,9000,2048,1344x1344,336x336,448x448,1,1,16,4,4,shared_all_resident,1600,992.0,940,96,11028.0,10.77,True,9964.0,4,0,0,91.6,n/a
costsim-00206,B5-lite,compact_7b_4bit,Compact 7B 4-bit VLM proxy,9000,2048,1344x1344,336x336,448x448,1,1,32,1,1,shared_all_resident,1600,992.0,1660,96,11748.0,11.473,True,9244.0,1,0,0,67.6,n/a
costsim-00207,B5-lite,compact_7b_4bit,Compact 7B 4-bit VLM proxy,9000,2048,1344x1344,336x336,448x448,1,1,32,2,2,shared_all_resident,1600,992.0,1660,96,11748.0,11.473,True,9244.0,2,0,0,75.6,n/a
costsim-00208,B5-lite,compact_7b_4bit,Compact 7B 4-bit VLM proxy,9000,2048,1344x1344,336x336,448x448,1,1,32,4,4,shared_all_resident,1600,992.0,1660,96,11748.0,11.473,True,9244.0,4,0,0,91.6,n/a
costsim-00209,B5-lite,compact_7b_4bit,Compact 7B 4-bit VLM proxy,9000,2048,1344x1344,336x336,448x448,3,3,4,1,1,shared_all_resident,3648,2261.76,400,96,11757.76,11.482,True,9234.24,1,0,0,90.13,n/a
costsim-00210,B5-lite,compact_7b_4bit,Compact 7B 4-bit VLM proxy,9000,2048,1344x1344,336x336,448x448,3,3,4,2,2,shared_all_resident,3648,2261.76,400,96,11757.76,11.482,True,9234.24,2,0,0,98.13,n/a
costsim-00211,B5-lite,compact_7b_4bit,Compact 7B 4-bit VLM proxy,9000,2048,1344x1344,336x336,448x448,3,3,4,4,4,shared_all_resident,3648,2261.76,400,96,11757.76,11.482,True,9234.24,4,0,0,114.13,n/a
costsim-00212,B5-lite,compact_7b_4bit,Compact 7B 4-bit VLM proxy,9000,2048,1344x1344,336x336,448x448,3,3,8,1,1,shared_all_resident,3648,2261.76,580,96,11937.76,11.658,True,9054.24,1,0,0,90.13,n/a
costsim-00213,B5-lite,compact_7b_4bit,Compact 7B 4-bit VLM proxy,9000,2048,1344x1344,336x336,448x448,3,3,8,2,2,shared_all_resident,3648,2261.76,580,96,11937.76,11.658,True,9054.24,2,0,0,98.13,n/a
costsim-00214,B5-lite,compact_7b_4bit,Compact 7B 4-bit VLM proxy,9000,2048,1344x1344,336x336,448x448,3,3,8,4,4,shared_all_resident,3648,2261.76,580,96,11937.76,11.658,True,9054.24,4,0,0,114.13,n/a
costsim-00215,B5-lite,compact_7b_4bit,Compact 7B 4-bit VLM proxy,9000,2048,1344x1344,336x336,448x448,3,3,16,1,1,shared_all_resident,3648,2261.76,940,96,12297.76,12.01,True,8694.24,1,0,0,90.13,n/a
costsim-00216,B5-lite,compact_7b_4bit,Compact 7B 4-bit VLM proxy,9000,2048,1344x1344,336x336,448x448,3,3,16,2,2,shared_all_resident,3648,2261.76,940,96,12297.76,12.01,True,8694.24,2,0,0,98.13,n/a
costsim-00217,B5-lite,compact_7b_4bit,Compact 7B 4-bit VLM proxy,9000,2048,1344x1344,336x336,448x448,3,3,16,4,4,shared_all_resident,3648,2261.76,940,96,12297.76,12.01,True,8694.24,4,0,0,114.13,n/a
costsim-00218,B5-lite,compact_7b_4bit,Compact 7B 4-bit VLM proxy,9000,2048,1344x1344,336x336,448x448,3,3,32,1,1,shared_all_resident,3648,2261.76,1660,96,13017.76,12.713,True,7974.24,1,0,0,90.13,n/a
costsim-00219,B5-lite,compact_7b_4bit,Compact 7B 4-bit VLM proxy,9000,2048,1344x1344,336x336,448x448,3,3,32,2,2,shared_all_resident,3648,2261.76,1660,96,13017.76,12.713,True,7974.24,2,0,0,98.13,n/a
costsim-00220,B5-lite,compact_7b_4bit,Compact 7B 4-bit VLM proxy,9000,2048,1344x1344,336x336,448x448,3,3,32,4,4,shared_all_resident,3648,2261.76,1660,96,13017.76,12.713,True,7974.24,4,0,0,114.13,n/a
costsim-00221,B5-lite,compact_7b_4bit,Compact 7B 4-bit VLM proxy,9000,2048,1344x1344,336x336,448x448,5,5,4,1,1,shared_all_resident,5696,3531.52,400,96,13027.52,12.722,True,7964.48,1,0,0,112.66,n/a
costsim-00222,B5-lite,compact_7b_4bit,Compact 7B 4-bit VLM proxy,9000,2048,1344x1344,336x336,448x448,5,5,4,2,2,shared_all_resident,5696,3531.52,400,96,13027.52,12.722,True,7964.48,2,0,0,120.66,n/a
costsim-00223,B5-lite,compact_7b_4bit,Compact 7B 4-bit VLM proxy,9000,2048,1344x1344,336x336,448x448,5,5,4,4,4,shared_all_resident,5696,3531.52,400,96,13027.52,12.722,True,7964.48,4,0,0,136.66,n/a
costsim-00224,B5-lite,compact_7b_4bit,Compact 7B 4-bit VLM proxy,9000,2048,1344x1344,336x336,448x448,5,5,8,1,1,shared_all_resident,5696,3531.52,580,96,13207.52,12.898,True,7784.48,1,0,0,112.66,n/a
costsim-00225,B5-lite,compact_7b_4bit,Compact 7B 4-bit VLM proxy,9000,2048,1344x1344,336x336,448x448,5,5,8,2,2,shared_all_resident,5696,3531.52,580,96,13207.52,12.898,True,7784.48,2,0,0,120.66,n/a
costsim-00226,B5-lite,compact_7b_4bit,Compact 7B 4-bit VLM proxy,9000,2048,1344x1344,336x336,448x448,5,5,8,4,4,shared_all_resident,5696,3531.52,580,96,13207.52,12.898,True,7784.48,4,0,0,136.66,n/a
costsim-00227,B5-lite,compact_7b_4bit,Compact 7B 4-bit VLM proxy,9000,2048,1344x1344,336x336,448x448,5,5,16,1,1,shared_all_resident,5696,3531.52,940,96,13567.52,13.25,True,7424.48,1,0,0,112.66,n/a
costsim-00228,B5-lite,compact_7b_4bit,Compact 7B 4-bit VLM proxy,9000,2048,1344x1344,336x336,448x448,5,5,16,2,2,shared_all_resident,5696,3531.52,940,96,13567.52,13.25,True,7424.48,2,0,0,120.66,n/a
costsim-00229,B5-lite,compact_7b_4bit,Compact 7B 4-bit VLM proxy,9000,2048,1344x1344,336x336,448x448,5,5,16,4,4,shared_all_resident,5696,3531.52,940,96,13567.52,13.25,True,7424.48,4,0,0,136.66,n/a
costsim-00230,B5-lite,compact_7b_4bit,Compact 7B 4-bit VLM proxy,9000,2048,1344x1344,336x336,448x448,5,5,32,1,1,shared_all_resident,5696,3531.52,1660,96,14287.52,13.953,True,6704.48,1,0,0,112.66,n/a
costsim-00231,B5-lite,compact_7b_4bit,Compact 7B 4-bit VLM proxy,9000,2048,1344x1344,336x336,448x448,5,5,32,2,2,shared_all_resident,5696,3531.52,1660,96,14287.52,13.953,True,6704.48,2,0,0,120.66,n/a
costsim-00232,B5-lite,compact_7b_4bit,Compact 7B 4-bit VLM proxy,9000,2048,1344x1344,336x336,448x448,5,5,32,4,4,shared_all_resident,5696,3531.52,1660,96,14287.52,13.953,True,6704.48,4,0,0,136.66,n/a
costsim-00233,B5-lite,compact_7b_4bit,Compact 7B 4-bit VLM proxy,9000,2048,1344x1344,448x448,336x336,1,1,4,1,1,shared_all_resident,1600,992.0,400,96,10488.0,10.242,True,10504.0,1,0,0,67.6,n/a
costsim-00234,B5-lite,compact_7b_4bit,Compact 7B 4-bit VLM proxy,9000,2048,1344x1344,448x448,336x336,1,1,4,2,2,shared_all_resident,1600,992.0,400,96,10488.0,10.242,True,10504.0,2,0,0,75.6,n/a
costsim-00235,B5-lite,compact_7b_4bit,Compact 7B 4-bit VLM proxy,9000,2048,1344x1344,448x448,336x336,1,1,4,4,4,shared_all_resident,1600,992.0,400,96,10488.0,10.242,True,10504.0,4,0,0,91.6,n/a
costsim-00236,B5-lite,compact_7b_4bit,Compact 7B 4-bit VLM proxy,9000,2048,1344x1344,448x448,336x336,1,1,8,1,1,shared_all_resident,1600,992.0,580,96,10668.0,10.418,True,10324.0,1,0,0,67.6,n/a
costsim-00237,B5-lite,compact_7b_4bit,Compact 7B 4-bit VLM proxy,9000,2048,1344x1344,448x448,336x336,1,1,8,2,2,shared_all_resident,1600,992.0,580,96,10668.0,10.418,True,10324.0,2,0,0,75.6,n/a
costsim-00238,B5-lite,compact_7b_4bit,Compact 7B 4-bit VLM proxy,9000,2048,1344x1344,448x448,336x336,1,1,8,4,4,shared_all_resident,1600,992.0,580,96,10668.0,10.418,True,10324.0,4,0,0,91.6,n/a
costsim-00239,B5-lite,compact_7b_4bit,Compact 7B 4-bit VLM proxy,9000,2048,1344x1344,448x448,336x336,1,1,16,1,1,shared_all_resident,1600,992.0,940,96,11028.0,10.77,True,9964.0,1,0,0,67.6,n/a
costsim-00240,B5-lite,compact_7b_4bit,Compact 7B 4-bit VLM proxy,9000,2048,1344x1344,448x448,336x336,1,1,16,2,2,shared_all_resident,1600,992.0,940,96,11028.0,10.77,True,9964.0,2,0,0,75.6,n/a
costsim-00241,B5-lite,compact_7b_4bit,Compact 7B 4-bit VLM proxy,9000,2048,1344x1344,448x448,336x336,1,1,16,4,4,shared_all_resident,1600,992.0,940,96,11028.0,10.77,True,9964.0,4,0,0,91.6,n/a
costsim-00242,B5-lite,compact_7b_4bit,Compact 7B 4-bit VLM proxy,9000,2048,1344x1344,448x448,336x336,1,1,32,1,1,shared_all_resident,1600,992.0,1660,96,11748.0,11.473,True,9244.0,1,0,0,67.6,n/a
costsim-00243,B5-lite,compact_7b_4bit,Compact 7B 4-bit VLM proxy,9000,2048,1344x1344,448x448,336x336,1,1,32,2,2,shared_all_resident,1600,992.0,1660,96,11748.0,11.473,True,9244.0,2,0,0,75.6,n/a
costsim-00244,B5-lite,compact_7b_4bit,Compact 7B 4-bit VLM proxy,9000,2048,1344x1344,448x448,336x336,1,1,32,4,4,shared_all_resident,1600,992.0,1660,96,11748.0,11.473,True,9244.0,4,0,0,91.6,n/a
costsim-00245,B5-lite,compact_7b_4bit,Compact 7B 4-bit VLM proxy,9000,2048,1344x1344,448x448,336x336,3,3,4,1,1,shared_all_resident,2752,1706.24,400,96,11202.24,10.94,True,9789.76,1,0,0,80.27,n/a
costsim-00246,B5-lite,compact_7b_4bit,Compact 7B 4-bit VLM proxy,9000,2048,1344x1344,448x448,336x336,3,3,4,2,2,shared_all_resident,2752,1706.24,400,96,11202.24,10.94,True,9789.76,2,0,0,88.27,n/a
costsim-00247,B5-lite,compact_7b_4bit,Compact 7B 4-bit VLM proxy,9000,2048,1344x1344,448x448,336x336,3,3,4,4,4,shared_all_resident,2752,1706.24,400,96,11202.24,10.94,True,9789.76,4,0,0,104.27,n/a
costsim-00248,B5-lite,compact_7b_4bit,Compact 7B 4-bit VLM proxy,9000,2048,1344x1344,448x448,336x336,3,3,8,1,1,shared_all_resident,2752,1706.24,580,96,11382.24,11.115,True,9609.76,1,0,0,80.27,n/a
costsim-00249,B5-lite,compact_7b_4bit,Compact 7B 4-bit VLM proxy,9000,2048,1344x1344,448x448,336x336,3,3,8,2,2,shared_all_resident,2752,1706.24,580,96,11382.24,11.115,True,9609.76,2,0,0,88.27,n/a
costsim-00250,B5-lite,compact_7b_4bit,Compact 7B 4-bit VLM proxy,9000,2048,1344x1344,448x448,336x336,3,3,8,4,4,shared_all_resident,2752,1706.24,580,96,11382.24,11.115,True,9609.76,4,0,0,104.27,n/a
costsim-00251,B5-lite,compact_7b_4bit,Compact 7B 4-bit VLM proxy,9000,2048,1344x1344,448x448,336x336,3,3,16,1,1,shared_all_resident,2752,1706.24,940,96,11742.24,11.467,True,9249.76,1,0,0,80.27,n/a
costsim-00252,B5-lite,compact_7b_4bit,Compact 7B 4-bit VLM proxy,9000,2048,1344x1344,448x448,336x336,3,3,16,2,2,shared_all_resident,2752,1706.24,940,96,11742.24,11.467,True,9249.76,2,0,0,88.27,n/a
costsim-00253,B5-lite,compact_7b_4bit,Compact 7B 4-bit VLM proxy,9000,2048,1344x1344,448x448,336x336,3,3,16,4,4,shared_all_resident,2752,1706.24,940,96,11742.24,11.467,True,9249.76,4,0,0,104.27,n/a
costsim-00254,B5-lite,compact_7b_4bit,Compact 7B 4-bit VLM proxy,9000,2048,1344x1344,448x448,336x336,3,3,32,1,1,shared_all_resident,2752,1706.24,1660,96,12462.24,12.17,True,8529.76,1,0,0,80.27,n/a
costsim-00255,B5-lite,compact_7b_4bit,Compact 7B 4-bit VLM proxy,9000,2048,1344x1344,448x448,336x336,3,3,32,2,2,shared_all_resident,2752,1706.24,1660,96,12462.24,12.17,True,8529.76,2,0,0,88.27,n/a
costsim-00256,B5-lite,compact_7b_4bit,Compact 7B 4-bit VLM proxy,9000,2048,1344x1344,448x448,336x336,3,3,32,4,4,shared_all_resident,2752,1706.24,1660,96,12462.24,12.17,True,8529.76,4,0,0,104.27,n/a
costsim-00257,B5-lite,compact_7b_4bit,Compact 7B 4-bit VLM proxy,9000,2048,1344x1344,448x448,336x336,5,5,4,1,1,shared_all_resident,3904,2420.48,400,96,11916.48,11.637,True,9075.52,1,0,0,92.94,n/a
costsim-00258,B5-lite,compact_7b_4bit,Compact 7B 4-bit VLM proxy,9000,2048,1344x1344,448x448,336x336,5,5,4,2,2,shared_all_resident,3904,2420.48,400,96,11916.48,11.637,True,9075.52,2,0,0,100.94,n/a
costsim-00259,B5-lite,compact_7b_4bit,Compact 7B 4-bit VLM proxy,9000,2048,1344x1344,448x448,336x336,5,5,4,4,4,shared_all_resident,3904,2420.48,400,96,11916.48,11.637,True,9075.52,4,0,0,116.94,n/a
costsim-00260,B5-lite,compact_7b_4bit,Compact 7B 4-bit VLM proxy,9000,2048,1344x1344,448x448,336x336,5,5,8,1,1,shared_all_resident,3904,2420.48,580,96,12096.48,11.813,True,8895.52,1,0,0,92.94,n/a
costsim-00261,B5-lite,compact_7b_4bit,Compact 7B 4-bit VLM proxy,9000,2048,1344x1344,448x448,336x336,5,5,8,2,2,shared_all_resident,3904,2420.48,580,96,12096.48,11.813,True,8895.52,2,0,0,100.94,n/a
costsim-00262,B5-lite,compact_7b_4bit,Compact 7B 4-bit VLM proxy,9000,2048,1344x1344,448x448,336x336,5,5,8,4,4,shared_all_resident,3904,2420.48,580,96,12096.48,11.813,True,8895.52,4,0,0,116.94,n/a
costsim-00263,B5-lite,compact_7b_4bit,Compact 7B 4-bit VLM proxy,9000,2048,1344x1344,448x448,336x336,5,5,16,1,1,shared_all_resident,3904,2420.48,940,96,12456.48,12.165,True,8535.52,1,0,0,92.94,n/a
costsim-00264,B5-lite,compact_7b_4bit,Compact 7B 4-bit VLM proxy,9000,2048,1344x1344,448x448,336x336,5,5,16,2,2,shared_all_resident,3904,2420.48,940,96,12456.48,12.165,True,8535.52,2,0,0,100.94,n/a
costsim-00265,B5-lite,compact_7b_4bit,Compact 7B 4-bit VLM proxy,9000,2048,1344x1344,448x448,336x336,5,5,16,4,4,shared_all_resident,3904,2420.48,940,96,12456.48,12.165,True,8535.52,4,0,0,116.94,n/a
costsim-00266,B5-lite,compact_7b_4bit,Compact 7B 4-bit VLM proxy,9000,2048,1344x1344,448x448,336x336,5,5,32,1,1,shared_all_resident,3904,2420.48,1660,96,13176.48,12.868,True,7815.52,1,0,0,92.94,n/a
costsim-00267,B5-lite,compact_7b_4bit,Compact 7B 4-bit VLM proxy,9000,2048,1344x1344,448x448,336x336,5,5,32,2,2,shared_all_resident,3904,2420.48,1660,96,13176.48,12.868,True,7815.52,2,0,0,100.94,n/a
costsim-00268,B5-lite,compact_7b_4bit,Compact 7B 4-bit VLM proxy,9000,2048,1344x1344,448x448,336x336,5,5,32,4,4,shared_all_resident,3904,2420.48,1660,96,13176.48,12.868,True,7815.52,4,0,0,116.94,n/a
costsim-00269,B5-lite,compact_7b_4bit,Compact 7B 4-bit VLM proxy,9000,2048,1344x1344,448x448,448x448,1,1,4,1,1,shared_all_resident,2048,1269.76,400,96,10765.76,10.513,True,10226.24,1,0,0,72.53,n/a
costsim-00270,B5-lite,compact_7b_4bit,Compact 7B 4-bit VLM proxy,9000,2048,1344x1344,448x448,448x448,1,1,4,2,2,shared_all_resident,2048,1269.76,400,96,10765.76,10.513,True,10226.24,2,0,0,80.53,n/a
costsim-00271,B5-lite,compact_7b_4bit,Compact 7B 4-bit VLM proxy,9000,2048,1344x1344,448x448,448x448,1,1,4,4,4,shared_all_resident,2048,1269.76,400,96,10765.76,10.513,True,10226.24,4,0,0,96.53,n/a
costsim-00272,B5-lite,compact_7b_4bit,Compact 7B 4-bit VLM proxy,9000,2048,1344x1344,448x448,448x448,1,1,8,1,1,shared_all_resident,2048,1269.76,580,96,10945.76,10.689,True,10046.24,1,0,0,72.53,n/a
costsim-00273,B5-lite,compact_7b_4bit,Compact 7B 4-bit VLM proxy,9000,2048,1344x1344,448x448,448x448,1,1,8,2,2,shared_all_resident,2048,1269.76,580,96,10945.76,10.689,True,10046.24,2,0,0,80.53,n/a
costsim-00274,B5-lite,compact_7b_4bit,Compact 7B 4-bit VLM proxy,9000,2048,1344x1344,448x448,448x448,1,1,8,4,4,shared_all_resident,2048,1269.76,580,96,10945.76,10.689,True,10046.24,4,0,0,96.53,n/a
costsim-00275,B5-lite,compact_7b_4bit,Compact 7B 4-bit VLM proxy,9000,2048,1344x1344,448x448,448x448,1,1,16,1,1,shared_all_resident,2048,1269.76,940,96,11305.76,11.041,True,9686.24,1,0,0,72.53,n/a
costsim-00276,B5-lite,compact_7b_4bit,Compact 7B 4-bit VLM proxy,9000,2048,1344x1344,448x448,448x448,1,1,16,2,2,shared_all_resident,2048,1269.76,940,96,11305.76,11.041,True,9686.24,2,0,0,80.53,n/a
costsim-00277,B5-lite,compact_7b_4bit,Compact 7B 4-bit VLM proxy,9000,2048,1344x1344,448x448,448x448,1,1,16,4,4,shared_all_resident,2048,1269.76,940,96,11305.76,11.041,True,9686.24,4,0,0,96.53,n/a
costsim-00278,B5-lite,compact_7b_4bit,Compact 7B 4-bit VLM proxy,9000,2048,1344x1344,448x448,448x448,1,1,32,1,1,shared_all_resident,2048,1269.76,1660,96,12025.76,11.744,True,8966.24,1,0,0,72.53,n/a
costsim-00279,B5-lite,compact_7b_4bit,Compact 7B 4-bit VLM proxy,9000,2048,1344x1344,448x448,448x448,1,1,32,2,2,shared_all_resident,2048,1269.76,1660,96,12025.76,11.744,True,8966.24,2,0,0,80.53,n/a
costsim-00280,B5-lite,compact_7b_4bit,Compact 7B 4-bit VLM proxy,9000,2048,1344x1344,448x448,448x448,1,1,32,4,4,shared_all_resident,2048,1269.76,1660,96,12025.76,11.744,True,8966.24,4,0,0,96.53,n/a
costsim-00281,B5-lite,compact_7b_4bit,Compact 7B 4-bit VLM proxy,9000,2048,1344x1344,448x448,448x448,3,3,4,1,1,shared_all_resident,4096,2539.52,400,96,12035.52,11.753,True,8956.48,1,0,0,95.06,n/a
costsim-00282,B5-lite,compact_7b_4bit,Compact 7B 4-bit VLM proxy,9000,2048,1344x1344,448x448,448x448,3,3,4,2,2,shared_all_resident,4096,2539.52,400,96,12035.52,11.753,True,8956.48,2,0,0,103.06,n/a
costsim-00283,B5-lite,compact_7b_4bit,Compact 7B 4-bit VLM proxy,9000,2048,1344x1344,448x448,448x448,3,3,4,4,4,shared_all_resident,4096,2539.52,400,96,12035.52,11.753,True,8956.48,4,0,0,119.06,n/a
costsim-00284,B5-lite,compact_7b_4bit,Compact 7B 4-bit VLM proxy,9000,2048,1344x1344,448x448,448x448,3,3,8,1,1,shared_all_resident,4096,2539.52,580,96,12215.52,11.929,True,8776.48,1,0,0,95.06,n/a
costsim-00285,B5-lite,compact_7b_4bit,Compact 7B 4-bit VLM proxy,9000,2048,1344x1344,448x448,448x448,3,3,8,2,2,shared_all_resident,4096,2539.52,580,96,12215.52,11.929,True,8776.48,2,0,0,103.06,n/a
costsim-00286,B5-lite,compact_7b_4bit,Compact 7B 4-bit VLM proxy,9000,2048,1344x1344,448x448,448x448,3,3,8,4,4,shared_all_resident,4096,2539.52,580,96,12215.52,11.929,True,8776.48,4,0,0,119.06,n/a
costsim-00287,B5-lite,compact_7b_4bit,Compact 7B 4-bit VLM proxy,9000,2048,1344x1344,448x448,448x448,3,3,16,1,1,shared_all_resident,4096,2539.52,940,96,12575.52,12.281,True,8416.48,1,0,0,95.06,n/a
costsim-00288,B5-lite,compact_7b_4bit,Compact 7B 4-bit VLM proxy,9000,2048,1344x1344,448x448,448x448,3,3,16,2,2,shared_all_resident,4096,2539.52,940,96,12575.52,12.281,True,8416.48,2,0,0,103.06,n/a
costsim-00289,B5-lite,compact_7b_4bit,Compact 7B 4-bit VLM proxy,9000,2048,1344x1344,448x448,448x448,3,3,16,4,4,shared_all_resident,4096,2539.52,940,96,12575.52,12.281,True,8416.48,4,0,0,119.06,n/a
costsim-00290,B5-lite,compact_7b_4bit,Compact 7B 4-bit VLM proxy,9000,2048,1344x1344,448x448,448x448,3,3,32,1,1,shared_all_resident,4096,2539.52,1660,96,13295.52,12.984,True,7696.48,1,0,0,95.06,n/a
costsim-00291,B5-lite,compact_7b_4bit,Compact 7B 4-bit VLM proxy,9000,2048,1344x1344,448x448,448x448,3,3,32,2,2,shared_all_resident,4096,2539.52,1660,96,13295.52,12.984,True,7696.48,2,0,0,103.06,n/a
costsim-00292,B5-lite,compact_7b_4bit,Compact 7B 4-bit VLM proxy,9000,2048,1344x1344,448x448,448x448,3,3,32,4,4,shared_all_resident,4096,2539.52,1660,96,13295.52,12.984,True,7696.48,4,0,0,119.06,n/a
costsim-00293,B5-lite,compact_7b_4bit,Compact 7B 4-bit VLM proxy,9000,2048,1344x1344,448x448,448x448,5,5,4,1,1,shared_all_resident,6144,3809.28,400,96,13305.28,12.993,True,7686.72,1,0,0,117.58,n/a
costsim-00294,B5-lite,compact_7b_4bit,Compact 7B 4-bit VLM proxy,9000,2048,1344x1344,448x448,448x448,5,5,4,2,2,shared_all_resident,6144,3809.28,400,96,13305.28,12.993,True,7686.72,2,0,0,125.58,n/a
costsim-00295,B5-lite,compact_7b_4bit,Compact 7B 4-bit VLM proxy,9000,2048,1344x1344,448x448,448x448,5,5,4,4,4,shared_all_resident,6144,3809.28,400,96,13305.28,12.993,True,7686.72,4,0,0,141.58,n/a
costsim-00296,B5-lite,compact_7b_4bit,Compact 7B 4-bit VLM proxy,9000,2048,1344x1344,448x448,448x448,5,5,8,1,1,shared_all_resident,6144,3809.28,580,96,13485.28,13.169,True,7506.72,1,0,0,117.58,n/a
costsim-00297,B5-lite,compact_7b_4bit,Compact 7B 4-bit VLM proxy,9000,2048,1344x1344,448x448,448x448,5,5,8,2,2,shared_all_resident,6144,3809.28,580,96,13485.28,13.169,True,7506.72,2,0,0,125.58,n/a
costsim-00298,B5-lite,compact_7b_4bit,Compact 7B 4-bit VLM proxy,9000,2048,1344x1344,448x448,448x448,5,5,8,4,4,shared_all_resident,6144,3809.28,580,96,13485.28,13.169,True,7506.72,4,0,0,141.58,n/a
costsim-00299,B5-lite,compact_7b_4bit,Compact 7B 4-bit VLM proxy,9000,2048,1344x1344,448x448,448x448,5,5,16,1,1,shared_all_resident,6144,3809.28,940,96,13845.28,13.521,True,7146.72,1,0,0,117.58,n/a
costsim-00300,B5-lite,compact_7b_4bit,Compact 7B 4-bit VLM proxy,9000,2048,1344x1344,448x448,448x448,5,5,16,2,2,shared_all_resident,6144,3809.28,940,96,13845.28,13.521,True,7146.72,2,0,0,125.58,n/a
costsim-00301,B5-lite,compact_7b_4bit,Compact 7B 4-bit VLM proxy,9000,2048,1344x1344,448x448,448x448,5,5,16,4,4,shared_all_resident,6144,3809.28,940,96,13845.28,13.521,True,7146.72,4,0,0,141.58,n/a
costsim-00302,B5-lite,compact_7b_4bit,Compact 7B 4-bit VLM proxy,9000,2048,1344x1344,448x448,448x448,5,5,32,1,1,shared_all_resident,6144,3809.28,1660,96,14565.28,14.224,True,6426.72,1,0,0,117.58,n/a
costsim-00303,B5-lite,compact_7b_4bit,Compact 7B 4-bit VLM proxy,9000,2048,1344x1344,448x448,448x448,5,5,32,2,2,shared_all_resident,6144,3809.28,1660,96,14565.28,14.224,True,6426.72,2,0,0,125.58,n/a
costsim-00304,B5-lite,compact_7b_4bit,Compact 7B 4-bit VLM proxy,9000,2048,1344x1344,448x448,448x448,5,5,32,4,4,shared_all_resident,6144,3809.28,1660,96,14565.28,14.224,True,6426.72,4,0,0,141.58,n/a
costsim-00305,B7-lite,compact_7b_4bit,Compact 7B 4-bit VLM proxy,9000,2048,1344x1344,336x336,336x336,1,1,4,1,1,shared_budget_conditioned,1152,714.24,265,96,10075.24,9.839,True,10916.76,1,0,0,62.67,allow_initial_plan
costsim-00306,B7-lite,compact_7b_4bit,Compact 7B 4-bit VLM proxy,9000,2048,1344x1344,336x336,336x336,1,1,4,2,2,shared_budget_conditioned,1152,714.24,310,96,10120.24,9.883,True,10871.76,2,0,0,70.67,allow_initial_plan
costsim-00307,B7-lite,compact_7b_4bit,Compact 7B 4-bit VLM proxy,9000,2048,1344x1344,336x336,336x336,1,1,4,4,4,shared_budget_conditioned,1152,714.24,400,180,10294.24,10.053,True,10697.76,4,0,0,86.67,allow_initial_plan
costsim-00308,B7-lite,compact_7b_4bit,Compact 7B 4-bit VLM proxy,9000,2048,1344x1344,336x336,336x336,1,1,8,1,1,shared_budget_conditioned,1152,714.24,265,96,10075.24,9.839,True,10916.76,1,0,0,62.67,allow_initial_plan
costsim-00309,B7-lite,compact_7b_4bit,Compact 7B 4-bit VLM proxy,9000,2048,1344x1344,336x336,336x336,1,1,8,2,2,shared_budget_conditioned,1152,714.24,310,96,10120.24,9.883,True,10871.76,2,0,0,70.67,allow_initial_plan
costsim-00310,B7-lite,compact_7b_4bit,Compact 7B 4-bit VLM proxy,9000,2048,1344x1344,336x336,336x336,1,1,8,4,4,shared_budget_conditioned,1152,714.24,400,180,10294.24,10.053,True,10697.76,4,0,0,86.67,allow_initial_plan
costsim-00311,B7-lite,compact_7b_4bit,Compact 7B 4-bit VLM proxy,9000,2048,1344x1344,336x336,336x336,1,1,16,1,1,shared_budget_conditioned,1152,714.24,265,96,10075.24,9.839,True,10916.76,1,0,0,62.67,allow_initial_plan
costsim-00312,B7-lite,compact_7b_4bit,Compact 7B 4-bit VLM proxy,9000,2048,1344x1344,336x336,336x336,1,1,16,2,2,shared_budget_conditioned,1152,714.24,310,96,10120.24,9.883,True,10871.76,2,0,0,70.67,allow_initial_plan
costsim-00313,B7-lite,compact_7b_4bit,Compact 7B 4-bit VLM proxy,9000,2048,1344x1344,336x336,336x336,1,1,16,4,4,shared_budget_conditioned,1152,714.24,400,180,10294.24,10.053,True,10697.76,4,0,0,86.67,allow_initial_plan
costsim-00314,B7-lite,compact_7b_4bit,Compact 7B 4-bit VLM proxy,9000,2048,1344x1344,336x336,336x336,1,1,32,1,1,shared_budget_conditioned,1152,714.24,265,96,10075.24,9.839,True,10916.76,1,0,0,62.67,allow_initial_plan
costsim-00315,B7-lite,compact_7b_4bit,Compact 7B 4-bit VLM proxy,9000,2048,1344x1344,336x336,336x336,1,1,32,2,2,shared_budget_conditioned,1152,714.24,310,96,10120.24,9.883,True,10871.76,2,0,0,70.67,allow_initial_plan
costsim-00316,B7-lite,compact_7b_4bit,Compact 7B 4-bit VLM proxy,9000,2048,1344x1344,336x336,336x336,1,1,32,4,4,shared_budget_conditioned,1152,714.24,400,180,10294.24,10.053,True,10697.76,4,0,0,86.67,allow_initial_plan
costsim-00317,B7-lite,compact_7b_4bit,Compact 7B 4-bit VLM proxy,9000,2048,1344x1344,336x336,336x336,3,3,4,1,1,shared_budget_conditioned,2304,1428.48,265,96,10789.48,10.537,True,10202.52,1,0,0,75.34,allow_initial_plan
costsim-00318,B7-lite,compact_7b_4bit,Compact 7B 4-bit VLM proxy,9000,2048,1344x1344,336x336,336x336,3,3,4,2,2,shared_budget_conditioned,2304,1428.48,310,96,10834.48,10.581,True,10157.52,2,0,0,83.34,allow_initial_plan
costsim-00319,B7-lite,compact_7b_4bit,Compact 7B 4-bit VLM proxy,9000,2048,1344x1344,336x336,336x336,3,3,4,4,4,shared_budget_conditioned,2304,1428.48,400,180,11008.48,10.75,True,9983.52,4,0,0,99.34,allow_initial_plan
costsim-00320,B7-lite,compact_7b_4bit,Compact 7B 4-bit VLM proxy,9000,2048,1344x1344,336x336,336x336,3,3,8,1,1,shared_budget_conditioned,2304,1428.48,265,96,10789.48,10.537,True,10202.52,1,0,0,75.34,allow_initial_plan
costsim-00321,B7-lite,compact_7b_4bit,Compact 7B 4-bit VLM proxy,9000,2048,1344x1344,336x336,336x336,3,3,8,2,2,shared_budget_conditioned,2304,1428.48,310,96,10834.48,10.581,True,10157.52,2,0,0,83.34,allow_initial_plan
costsim-00322,B7-lite,compact_7b_4bit,Compact 7B 4-bit VLM proxy,9000,2048,1344x1344,336x336,336x336,3,3,8,4,4,shared_budget_conditioned,2304,1428.48,400,180,11008.48,10.75,True,9983.52,4,0,0,99.34,allow_initial_plan
costsim-00323,B7-lite,compact_7b_4bit,Compact 7B 4-bit VLM proxy,9000,2048,1344x1344,336x336,336x336,3,3,16,1,1,shared_budget_conditioned,2304,1428.48,265,96,10789.48,10.537,True,10202.52,1,0,0,75.34,allow_initial_plan
costsim-00324,B7-lite,compact_7b_4bit,Compact 7B 4-bit VLM proxy,9000,2048,1344x1344,336x336,336x336,3,3,16,2,2,shared_budget_conditioned,2304,1428.48,310,96,10834.48,10.581,True,10157.52,2,0,0,83.34,allow_initial_plan
costsim-00325,B7-lite,compact_7b_4bit,Compact 7B 4-bit VLM proxy,9000,2048,1344x1344,336x336,336x336,3,3,16,4,4,shared_budget_conditioned,2304,1428.48,400,180,11008.48,10.75,True,9983.52,4,0,0,99.34,allow_initial_plan
costsim-00326,B7-lite,compact_7b_4bit,Compact 7B 4-bit VLM proxy,9000,2048,1344x1344,336x336,336x336,3,3,32,1,1,shared_budget_conditioned,2304,1428.48,265,96,10789.48,10.537,True,10202.52,1,0,0,75.34,allow_initial_plan
costsim-00327,B7-lite,compact_7b_4bit,Compact 7B 4-bit VLM proxy,9000,2048,1344x1344,336x336,336x336,3,3,32,2,2,shared_budget_conditioned,2304,1428.48,310,96,10834.48,10.581,True,10157.52,2,0,0,83.34,allow_initial_plan
costsim-00328,B7-lite,compact_7b_4bit,Compact 7B 4-bit VLM proxy,9000,2048,1344x1344,336x336,336x336,3,3,32,4,4,shared_budget_conditioned,2304,1428.48,400,180,11008.48,10.75,True,9983.52,4,0,0,99.34,allow_initial_plan
costsim-00329,B7-lite,compact_7b_4bit,Compact 7B 4-bit VLM proxy,9000,2048,1344x1344,336x336,336x336,5,5,4,1,1,shared_budget_conditioned,3456,2142.72,265,96,11503.72,11.234,True,9488.28,1,0,0,88.02,allow_initial_plan
costsim-00330,B7-lite,compact_7b_4bit,Compact 7B 4-bit VLM proxy,9000,2048,1344x1344,336x336,336x336,5,5,4,2,2,shared_budget_conditioned,3456,2142.72,310,96,11548.72,11.278,True,9443.28,2,0,0,96.02,allow_initial_plan
costsim-00331,B7-lite,compact_7b_4bit,Compact 7B 4-bit VLM proxy,9000,2048,1344x1344,336x336,336x336,5,5,4,4,4,shared_budget_conditioned,3456,2142.72,400,180,11722.72,11.448,True,9269.28,4,0,0,112.02,allow_initial_plan
costsim-00332,B7-lite,compact_7b_4bit,Compact 7B 4-bit VLM proxy,9000,2048,1344x1344,336x336,336x336,5,5,8,1,1,shared_budget_conditioned,3456,2142.72,265,96,11503.72,11.234,True,9488.28,1,0,0,88.02,allow_initial_plan
costsim-00333,B7-lite,compact_7b_4bit,Compact 7B 4-bit VLM proxy,9000,2048,1344x1344,336x336,336x336,5,5,8,2,2,shared_budget_conditioned,3456,2142.72,310,96,11548.72,11.278,True,9443.28,2,0,0,96.02,allow_initial_plan
costsim-00334,B7-lite,compact_7b_4bit,Compact 7B 4-bit VLM proxy,9000,2048,1344x1344,336x336,336x336,5,5,8,4,4,shared_budget_conditioned,3456,2142.72,400,180,11722.72,11.448,True,9269.28,4,0,0,112.02,allow_initial_plan
costsim-00335,B7-lite,compact_7b_4bit,Compact 7B 4-bit VLM proxy,9000,2048,1344x1344,336x336,336x336,5,5,16,1,1,shared_budget_conditioned,3456,2142.72,265,96,11503.72,11.234,True,9488.28,1,0,0,88.02,allow_initial_plan
costsim-00336,B7-lite,compact_7b_4bit,Compact 7B 4-bit VLM proxy,9000,2048,1344x1344,336x336,336x336,5,5,16,2,2,shared_budget_conditioned,3456,2142.72,310,96,11548.72,11.278,True,9443.28,2,0,0,96.02,allow_initial_plan
costsim-00337,B7-lite,compact_7b_4bit,Compact 7B 4-bit VLM proxy,9000,2048,1344x1344,336x336,336x336,5,5,16,4,4,shared_budget_conditioned,3456,2142.72,400,180,11722.72,11.448,True,9269.28,4,0,0,112.02,allow_initial_plan
costsim-00338,B7-lite,compact_7b_4bit,Compact 7B 4-bit VLM proxy,9000,2048,1344x1344,336x336,336x336,5,5,32,1,1,shared_budget_conditioned,3456,2142.72,265,96,11503.72,11.234,True,9488.28,1,0,0,88.02,allow_initial_plan
costsim-00339,B7-lite,compact_7b_4bit,Compact 7B 4-bit VLM proxy,9000,2048,1344x1344,336x336,336x336,5,5,32,2,2,shared_budget_conditioned,3456,2142.72,310,96,11548.72,11.278,True,9443.28,2,0,0,96.02,allow_initial_plan
costsim-00340,B7-lite,compact_7b_4bit,Compact 7B 4-bit VLM proxy,9000,2048,1344x1344,336x336,336x336,5,5,32,4,4,shared_budget_conditioned,3456,2142.72,400,180,11722.72,11.448,True,9269.28,4,0,0,112.02,allow_initial_plan
costsim-00341,B7-lite,compact_7b_4bit,Compact 7B 4-bit VLM proxy,9000,2048,1344x1344,336x336,448x448,1,1,4,1,1,shared_budget_conditioned,1600,992.0,265,96,10353.0,10.11,True,10639.0,1,0,0,67.6,allow_initial_plan
costsim-00342,B7-lite,compact_7b_4bit,Compact 7B 4-bit VLM proxy,9000,2048,1344x1344,336x336,448x448,1,1,4,2,2,shared_budget_conditioned,1600,992.0,310,96,10398.0,10.154,True,10594.0,2,0,0,75.6,allow_initial_plan
costsim-00343,B7-lite,compact_7b_4bit,Compact 7B 4-bit VLM proxy,9000,2048,1344x1344,336x336,448x448,1,1,4,4,4,shared_budget_conditioned,1600,992.0,400,180,10572.0,10.324,True,10420.0,4,0,0,91.6,allow_initial_plan
costsim-00344,B7-lite,compact_7b_4bit,Compact 7B 4-bit VLM proxy,9000,2048,1344x1344,336x336,448x448,1,1,8,1,1,shared_budget_conditioned,1600,992.0,265,96,10353.0,10.11,True,10639.0,1,0,0,67.6,allow_initial_plan
costsim-00345,B7-lite,compact_7b_4bit,Compact 7B 4-bit VLM proxy,9000,2048,1344x1344,336x336,448x448,1,1,8,2,2,shared_budget_conditioned,1600,992.0,310,96,10398.0,10.154,True,10594.0,2,0,0,75.6,allow_initial_plan
costsim-00346,B7-lite,compact_7b_4bit,Compact 7B 4-bit VLM proxy,9000,2048,1344x1344,336x336,448x448,1,1,8,4,4,shared_budget_conditioned,1600,992.0,400,180,10572.0,10.324,True,10420.0,4,0,0,91.6,allow_initial_plan
costsim-00347,B7-lite,compact_7b_4bit,Compact 7B 4-bit VLM proxy,9000,2048,1344x1344,336x336,448x448,1,1,16,1,1,shared_budget_conditioned,1600,992.0,265,96,10353.0,10.11,True,10639.0,1,0,0,67.6,allow_initial_plan
costsim-00348,B7-lite,compact_7b_4bit,Compact 7B 4-bit VLM proxy,9000,2048,1344x1344,336x336,448x448,1,1,16,2,2,shared_budget_conditioned,1600,992.0,310,96,10398.0,10.154,True,10594.0,2,0,0,75.6,allow_initial_plan
costsim-00349,B7-lite,compact_7b_4bit,Compact 7B 4-bit VLM proxy,9000,2048,1344x1344,336x336,448x448,1,1,16,4,4,shared_budget_conditioned,1600,992.0,400,180,10572.0,10.324,True,10420.0,4,0,0,91.6,allow_initial_plan
costsim-00350,B7-lite,compact_7b_4bit,Compact 7B 4-bit VLM proxy,9000,2048,1344x1344,336x336,448x448,1,1,32,1,1,shared_budget_conditioned,1600,992.0,265,96,10353.0,10.11,True,10639.0,1,0,0,67.6,allow_initial_plan
costsim-00351,B7-lite,compact_7b_4bit,Compact 7B 4-bit VLM proxy,9000,2048,1344x1344,336x336,448x448,1,1,32,2,2,shared_budget_conditioned,1600,992.0,310,96,10398.0,10.154,True,10594.0,2,0,0,75.6,allow_initial_plan
costsim-00352,B7-lite,compact_7b_4bit,Compact 7B 4-bit VLM proxy,9000,2048,1344x1344,336x336,448x448,1,1,32,4,4,shared_budget_conditioned,1600,992.0,400,180,10572.0,10.324,True,10420.0,4,0,0,91.6,allow_initial_plan
costsim-00353,B7-lite,compact_7b_4bit,Compact 7B 4-bit VLM proxy,9000,2048,1344x1344,336x336,448x448,3,3,4,1,1,shared_budget_conditioned,3648,2261.76,265,96,11622.76,11.35,True,9369.24,1,0,0,90.13,allow_initial_plan
costsim-00354,B7-lite,compact_7b_4bit,Compact 7B 4-bit VLM proxy,9000,2048,1344x1344,336x336,448x448,3,3,4,2,2,shared_budget_conditioned,3648,2261.76,310,96,11667.76,11.394,True,9324.24,2,0,0,98.13,allow_initial_plan
costsim-00355,B7-lite,compact_7b_4bit,Compact 7B 4-bit VLM proxy,9000,2048,1344x1344,336x336,448x448,3,3,4,4,4,shared_budget_conditioned,3648,2261.76,400,180,11841.76,11.564,True,9150.24,4,0,0,114.13,allow_initial_plan
costsim-00356,B7-lite,compact_7b_4bit,Compact 7B 4-bit VLM proxy,9000,2048,1344x1344,336x336,448x448,3,3,8,1,1,shared_budget_conditioned,3648,2261.76,265,96,11622.76,11.35,True,9369.24,1,0,0,90.13,allow_initial_plan
costsim-00357,B7-lite,compact_7b_4bit,Compact 7B 4-bit VLM proxy,9000,2048,1344x1344,336x336,448x448,3,3,8,2,2,shared_budget_conditioned,3648,2261.76,310,96,11667.76,11.394,True,9324.24,2,0,0,98.13,allow_initial_plan
costsim-00358,B7-lite,compact_7b_4bit,Compact 7B 4-bit VLM proxy,9000,2048,1344x1344,336x336,448x448,3,3,8,4,4,shared_budget_conditioned,3648,2261.76,400,180,11841.76,11.564,True,9150.24,4,0,0,114.13,allow_initial_plan
costsim-00359,B7-lite,compact_7b_4bit,Compact 7B 4-bit VLM proxy,9000,2048,1344x1344,336x336,448x448,3,3,16,1,1,shared_budget_conditioned,3648,2261.76,265,96,11622.76,11.35,True,9369.24,1,0,0,90.13,allow_initial_plan
costsim-00360,B7-lite,compact_7b_4bit,Compact 7B 4-bit VLM proxy,9000,2048,1344x1344,336x336,448x448,3,3,16,2,2,shared_budget_conditioned,3648,2261.76,310,96,11667.76,11.394,True,9324.24,2,0,0,98.13,allow_initial_plan
costsim-00361,B7-lite,compact_7b_4bit,Compact 7B 4-bit VLM proxy,9000,2048,1344x1344,336x336,448x448,3,3,16,4,4,shared_budget_conditioned,3648,2261.76,400,180,11841.76,11.564,True,9150.24,4,0,0,114.13,allow_initial_plan
costsim-00362,B7-lite,compact_7b_4bit,Compact 7B 4-bit VLM proxy,9000,2048,1344x1344,336x336,448x448,3,3,32,1,1,shared_budget_conditioned,3648,2261.76,265,96,11622.76,11.35,True,9369.24,1,0,0,90.13,allow_initial_plan
costsim-00363,B7-lite,compact_7b_4bit,Compact 7B 4-bit VLM proxy,9000,2048,1344x1344,336x336,448x448,3,3,32,2,2,shared_budget_conditioned,3648,2261.76,310,96,11667.76,11.394,True,9324.24,2,0,0,98.13,allow_initial_plan
costsim-00364,B7-lite,compact_7b_4bit,Compact 7B 4-bit VLM proxy,9000,2048,1344x1344,336x336,448x448,3,3,32,4,4,shared_budget_conditioned,3648,2261.76,400,180,11841.76,11.564,True,9150.24,4,0,0,114.13,allow_initial_plan
costsim-00365,B7-lite,compact_7b_4bit,Compact 7B 4-bit VLM proxy,9000,2048,1344x1344,336x336,448x448,5,5,4,1,1,shared_budget_conditioned,5696,3531.52,265,96,12892.52,12.59,True,8099.48,1,0,0,112.66,allow_initial_plan
costsim-00366,B7-lite,compact_7b_4bit,Compact 7B 4-bit VLM proxy,9000,2048,1344x1344,336x336,448x448,5,5,4,2,2,shared_budget_conditioned,5696,3531.52,310,96,12937.52,12.634,True,8054.48,2,0,0,120.66,allow_initial_plan
costsim-00367,B7-lite,compact_7b_4bit,Compact 7B 4-bit VLM proxy,9000,2048,1344x1344,336x336,448x448,5,5,4,4,4,shared_budget_conditioned,5696,3531.52,400,180,13111.52,12.804,True,7880.48,4,0,0,136.66,allow_initial_plan
costsim-00368,B7-lite,compact_7b_4bit,Compact 7B 4-bit VLM proxy,9000,2048,1344x1344,336x336,448x448,5,5,8,1,1,shared_budget_conditioned,5696,3531.52,265,96,12892.52,12.59,True,8099.48,1,0,0,112.66,allow_initial_plan
costsim-00369,B7-lite,compact_7b_4bit,Compact 7B 4-bit VLM proxy,9000,2048,1344x1344,336x336,448x448,5,5,8,2,2,shared_budget_conditioned,5696,3531.52,310,96,12937.52,12.634,True,8054.48,2,0,0,120.66,allow_initial_plan
costsim-00370,B7-lite,compact_7b_4bit,Compact 7B 4-bit VLM proxy,9000,2048,1344x1344,336x336,448x448,5,5,8,4,4,shared_budget_conditioned,5696,3531.52,400,180,13111.52,12.804,True,7880.48,4,0,0,136.66,allow_initial_plan
costsim-00371,B7-lite,compact_7b_4bit,Compact 7B 4-bit VLM proxy,9000,2048,1344x1344,336x336,448x448,5,5,16,1,1,shared_budget_conditioned,5696,3531.52,265,96,12892.52,12.59,True,8099.48,1,0,0,112.66,allow_initial_plan
costsim-00372,B7-lite,compact_7b_4bit,Compact 7B 4-bit VLM proxy,9000,2048,1344x1344,336x336,448x448,5,5,16,2,2,shared_budget_conditioned,5696,3531.52,310,96,12937.52,12.634,True,8054.48,2,0,0,120.66,allow_initial_plan
costsim-00373,B7-lite,compact_7b_4bit,Compact 7B 4-bit VLM proxy,9000,2048,1344x1344,336x336,448x448,5,5,16,4,4,shared_budget_conditioned,5696,3531.52,400,180,13111.52,12.804,True,7880.48,4,0,0,136.66,allow_initial_plan
costsim-00374,B7-lite,compact_7b_4bit,Compact 7B 4-bit VLM proxy,9000,2048,1344x1344,336x336,448x448,5,5,32,1,1,shared_budget_conditioned,5696,3531.52,265,96,12892.52,12.59,True,8099.48,1,0,0,112.66,allow_initial_plan
costsim-00375,B7-lite,compact_7b_4bit,Compact 7B 4-bit VLM proxy,9000,2048,1344x1344,336x336,448x448,5,5,32,2,2,shared_budget_conditioned,5696,3531.52,310,96,12937.52,12.634,True,8054.48,2,0,0,120.66,allow_initial_plan
costsim-00376,B7-lite,compact_7b_4bit,Compact 7B 4-bit VLM proxy,9000,2048,1344x1344,336x336,448x448,5,5,32,4,4,shared_budget_conditioned,5696,3531.52,400,180,13111.52,12.804,True,7880.48,4,0,0,136.66,allow_initial_plan
costsim-00377,B7-lite,compact_7b_4bit,Compact 7B 4-bit VLM proxy,9000,2048,1344x1344,448x448,336x336,1,1,4,1,1,shared_budget_conditioned,1600,992.0,265,96,10353.0,10.11,True,10639.0,1,0,0,67.6,allow_initial_plan
costsim-00378,B7-lite,compact_7b_4bit,Compact 7B 4-bit VLM proxy,9000,2048,1344x1344,448x448,336x336,1,1,4,2,2,shared_budget_conditioned,1600,992.0,310,96,10398.0,10.154,True,10594.0,2,0,0,75.6,allow_initial_plan
costsim-00379,B7-lite,compact_7b_4bit,Compact 7B 4-bit VLM proxy,9000,2048,1344x1344,448x448,336x336,1,1,4,4,4,shared_budget_conditioned,1600,992.0,400,180,10572.0,10.324,True,10420.0,4,0,0,91.6,allow_initial_plan
costsim-00380,B7-lite,compact_7b_4bit,Compact 7B 4-bit VLM proxy,9000,2048,1344x1344,448x448,336x336,1,1,8,1,1,shared_budget_conditioned,1600,992.0,265,96,10353.0,10.11,True,10639.0,1,0,0,67.6,allow_initial_plan
costsim-00381,B7-lite,compact_7b_4bit,Compact 7B 4-bit VLM proxy,9000,2048,1344x1344,448x448,336x336,1,1,8,2,2,shared_budget_conditioned,1600,992.0,310,96,10398.0,10.154,True,10594.0,2,0,0,75.6,allow_initial_plan
costsim-00382,B7-lite,compact_7b_4bit,Compact 7B 4-bit VLM proxy,9000,2048,1344x1344,448x448,336x336,1,1,8,4,4,shared_budget_conditioned,1600,992.0,400,180,10572.0,10.324,True,10420.0,4,0,0,91.6,allow_initial_plan
costsim-00383,B7-lite,compact_7b_4bit,Compact 7B 4-bit VLM proxy,9000,2048,1344x1344,448x448,336x336,1,1,16,1,1,shared_budget_conditioned,1600,992.0,265,96,10353.0,10.11,True,10639.0,1,0,0,67.6,allow_initial_plan
costsim-00384,B7-lite,compact_7b_4bit,Compact 7B 4-bit VLM proxy,9000,2048,1344x1344,448x448,336x336,1,1,16,2,2,shared_budget_conditioned,1600,992.0,310,96,10398.0,10.154,True,10594.0,2,0,0,75.6,allow_initial_plan
costsim-00385,B7-lite,compact_7b_4bit,Compact 7B 4-bit VLM proxy,9000,2048,1344x1344,448x448,336x336,1,1,16,4,4,shared_budget_conditioned,1600,992.0,400,180,10572.0,10.324,True,10420.0,4,0,0,91.6,allow_initial_plan
costsim-00386,B7-lite,compact_7b_4bit,Compact 7B 4-bit VLM proxy,9000,2048,1344x1344,448x448,336x336,1,1,32,1,1,shared_budget_conditioned,1600,992.0,265,96,10353.0,10.11,True,10639.0,1,0,0,67.6,allow_initial_plan
costsim-00387,B7-lite,compact_7b_4bit,Compact 7B 4-bit VLM proxy,9000,2048,1344x1344,448x448,336x336,1,1,32,2,2,shared_budget_conditioned,1600,992.0,310,96,10398.0,10.154,True,10594.0,2,0,0,75.6,allow_initial_plan
costsim-00388,B7-lite,compact_7b_4bit,Compact 7B 4-bit VLM proxy,9000,2048,1344x1344,448x448,336x336,1,1,32,4,4,shared_budget_conditioned,1600,992.0,400,180,10572.0,10.324,True,10420.0,4,0,0,91.6,allow_initial_plan
costsim-00389,B7-lite,compact_7b_4bit,Compact 7B 4-bit VLM proxy,9000,2048,1344x1344,448x448,336x336,3,3,4,1,1,shared_budget_conditioned,2752,1706.24,265,96,11067.24,10.808,True,9924.76,1,0,0,80.27,allow_initial_plan
costsim-00390,B7-lite,compact_7b_4bit,Compact 7B 4-bit VLM proxy,9000,2048,1344x1344,448x448,336x336,3,3,4,2,2,shared_budget_conditioned,2752,1706.24,310,96,11112.24,10.852,True,9879.76,2,0,0,88.27,allow_initial_plan
costsim-00391,B7-lite,compact_7b_4bit,Compact 7B 4-bit VLM proxy,9000,2048,1344x1344,448x448,336x336,3,3,4,4,4,shared_budget_conditioned,2752,1706.24,400,180,11286.24,11.022,True,9705.76,4,0,0,104.27,allow_initial_plan
costsim-00392,B7-lite,compact_7b_4bit,Compact 7B 4-bit VLM proxy,9000,2048,1344x1344,448x448,336x336,3,3,8,1,1,shared_budget_conditioned,2752,1706.24,265,96,11067.24,10.808,True,9924.76,1,0,0,80.27,allow_initial_plan
costsim-00393,B7-lite,compact_7b_4bit,Compact 7B 4-bit VLM proxy,9000,2048,1344x1344,448x448,336x336,3,3,8,2,2,shared_budget_conditioned,2752,1706.24,310,96,11112.24,10.852,True,9879.76,2,0,0,88.27,allow_initial_plan
costsim-00394,B7-lite,compact_7b_4bit,Compact 7B 4-bit VLM proxy,9000,2048,1344x1344,448x448,336x336,3,3,8,4,4,shared_budget_conditioned,2752,1706.24,400,180,11286.24,11.022,True,9705.76,4,0,0,104.27,allow_initial_plan
costsim-00395,B7-lite,compact_7b_4bit,Compact 7B 4-bit VLM proxy,9000,2048,1344x1344,448x448,336x336,3,3,16,1,1,shared_budget_conditioned,2752,1706.24,265,96,11067.24,10.808,True,9924.76,1,0,0,80.27,allow_initial_plan
costsim-00396,B7-lite,compact_7b_4bit,Compact 7B 4-bit VLM proxy,9000,2048,1344x1344,448x448,336x336,3,3,16,2,2,shared_budget_conditioned,2752,1706.24,310,96,11112.24,10.852,True,9879.76,2,0,0,88.27,allow_initial_plan
costsim-00397,B7-lite,compact_7b_4bit,Compact 7B 4-bit VLM proxy,9000,2048,1344x1344,448x448,336x336,3,3,16,4,4,shared_budget_conditioned,2752,1706.24,400,180,11286.24,11.022,True,9705.76,4,0,0,104.27,allow_initial_plan
costsim-00398,B7-lite,compact_7b_4bit,Compact 7B 4-bit VLM proxy,9000,2048,1344x1344,448x448,336x336,3,3,32,1,1,shared_budget_conditioned,2752,1706.24,265,96,11067.24,10.808,True,9924.76,1,0,0,80.27,allow_initial_plan
costsim-00399,B7-lite,compact_7b_4bit,Compact 7B 4-bit VLM proxy,9000,2048,1344x1344,448x448,336x336,3,3,32,2,2,shared_budget_conditioned,2752,1706.24,310,96,11112.24,10.852,True,9879.76,2,0,0,88.27,allow_initial_plan
costsim-00400,B7-lite,compact_7b_4bit,Compact 7B 4-bit VLM proxy,9000,2048,1344x1344,448x448,336x336,3,3,32,4,4,shared_budget_conditioned,2752,1706.24,400,180,11286.24,11.022,True,9705.76,4,0,0,104.27,allow_initial_plan
costsim-00401,B7-lite,compact_7b_4bit,Compact 7B 4-bit VLM proxy,9000,2048,1344x1344,448x448,336x336,5,5,4,1,1,shared_budget_conditioned,3904,2420.48,265,96,11781.48,11.505,True,9210.52,1,0,0,92.94,allow_initial_plan
costsim-00402,B7-lite,compact_7b_4bit,Compact 7B 4-bit VLM proxy,9000,2048,1344x1344,448x448,336x336,5,5,4,2,2,shared_budget_conditioned,3904,2420.48,310,96,11826.48,11.549,True,9165.52,2,0,0,100.94,allow_initial_plan
costsim-00403,B7-lite,compact_7b_4bit,Compact 7B 4-bit VLM proxy,9000,2048,1344x1344,448x448,336x336,5,5,4,4,4,shared_budget_conditioned,3904,2420.48,400,180,12000.48,11.719,True,8991.52,4,0,0,116.94,allow_initial_plan
costsim-00404,B7-lite,compact_7b_4bit,Compact 7B 4-bit VLM proxy,9000,2048,1344x1344,448x448,336x336,5,5,8,1,1,shared_budget_conditioned,3904,2420.48,265,96,11781.48,11.505,True,9210.52,1,0,0,92.94,allow_initial_plan
costsim-00405,B7-lite,compact_7b_4bit,Compact 7B 4-bit VLM proxy,9000,2048,1344x1344,448x448,336x336,5,5,8,2,2,shared_budget_conditioned,3904,2420.48,310,96,11826.48,11.549,True,9165.52,2,0,0,100.94,allow_initial_plan
costsim-00406,B7-lite,compact_7b_4bit,Compact 7B 4-bit VLM proxy,9000,2048,1344x1344,448x448,336x336,5,5,8,4,4,shared_budget_conditioned,3904,2420.48,400,180,12000.48,11.719,True,8991.52,4,0,0,116.94,allow_initial_plan
costsim-00407,B7-lite,compact_7b_4bit,Compact 7B 4-bit VLM proxy,9000,2048,1344x1344,448x448,336x336,5,5,16,1,1,shared_budget_conditioned,3904,2420.48,265,96,11781.48,11.505,True,9210.52,1,0,0,92.94,allow_initial_plan
costsim-00408,B7-lite,compact_7b_4bit,Compact 7B 4-bit VLM proxy,9000,2048,1344x1344,448x448,336x336,5,5,16,2,2,shared_budget_conditioned,3904,2420.48,310,96,11826.48,11.549,True,9165.52,2,0,0,100.94,allow_initial_plan
costsim-00409,B7-lite,compact_7b_4bit,Compact 7B 4-bit VLM proxy,9000,2048,1344x1344,448x448,336x336,5,5,16,4,4,shared_budget_conditioned,3904,2420.48,400,180,12000.48,11.719,True,8991.52,4,0,0,116.94,allow_initial_plan
costsim-00410,B7-lite,compact_7b_4bit,Compact 7B 4-bit VLM proxy,9000,2048,1344x1344,448x448,336x336,5,5,32,1,1,shared_budget_conditioned,3904,2420.48,265,96,11781.48,11.505,True,9210.52,1,0,0,92.94,allow_initial_plan
costsim-00411,B7-lite,compact_7b_4bit,Compact 7B 4-bit VLM proxy,9000,2048,1344x1344,448x448,336x336,5,5,32,2,2,shared_budget_conditioned,3904,2420.48,310,96,11826.48,11.549,True,9165.52,2,0,0,100.94,allow_initial_plan
costsim-00412,B7-lite,compact_7b_4bit,Compact 7B 4-bit VLM proxy,9000,2048,1344x1344,448x448,336x336,5,5,32,4,4,shared_budget_conditioned,3904,2420.48,400,180,12000.48,11.719,True,8991.52,4,0,0,116.94,allow_initial_plan
costsim-00413,B7-lite,compact_7b_4bit,Compact 7B 4-bit VLM proxy,9000,2048,1344x1344,448x448,448x448,1,1,4,1,1,shared_budget_conditioned,2048,1269.76,265,96,10630.76,10.382,True,10361.24,1,0,0,72.53,allow_initial_plan
costsim-00414,B7-lite,compact_7b_4bit,Compact 7B 4-bit VLM proxy,9000,2048,1344x1344,448x448,448x448,1,1,4,2,2,shared_budget_conditioned,2048,1269.76,310,96,10675.76,10.426,True,10316.24,2,0,0,80.53,allow_initial_plan
costsim-00415,B7-lite,compact_7b_4bit,Compact 7B 4-bit VLM proxy,9000,2048,1344x1344,448x448,448x448,1,1,4,4,4,shared_budget_conditioned,2048,1269.76,400,180,10849.76,10.595,True,10142.24,4,0,0,96.53,allow_initial_plan
costsim-00416,B7-lite,compact_7b_4bit,Compact 7B 4-bit VLM proxy,9000,2048,1344x1344,448x448,448x448,1,1,8,1,1,shared_budget_conditioned,2048,1269.76,265,96,10630.76,10.382,True,10361.24,1,0,0,72.53,allow_initial_plan
costsim-00417,B7-lite,compact_7b_4bit,Compact 7B 4-bit VLM proxy,9000,2048,1344x1344,448x448,448x448,1,1,8,2,2,shared_budget_conditioned,2048,1269.76,310,96,10675.76,10.426,True,10316.24,2,0,0,80.53,allow_initial_plan
costsim-00418,B7-lite,compact_7b_4bit,Compact 7B 4-bit VLM proxy,9000,2048,1344x1344,448x448,448x448,1,1,8,4,4,shared_budget_conditioned,2048,1269.76,400,180,10849.76,10.595,True,10142.24,4,0,0,96.53,allow_initial_plan
costsim-00419,B7-lite,compact_7b_4bit,Compact 7B 4-bit VLM proxy,9000,2048,1344x1344,448x448,448x448,1,1,16,1,1,shared_budget_conditioned,2048,1269.76,265,96,10630.76,10.382,True,10361.24,1,0,0,72.53,allow_initial_plan
costsim-00420,B7-lite,compact_7b_4bit,Compact 7B 4-bit VLM proxy,9000,2048,1344x1344,448x448,448x448,1,1,16,2,2,shared_budget_conditioned,2048,1269.76,310,96,10675.76,10.426,True,10316.24,2,0,0,80.53,allow_initial_plan
costsim-00421,B7-lite,compact_7b_4bit,Compact 7B 4-bit VLM proxy,9000,2048,1344x1344,448x448,448x448,1,1,16,4,4,shared_budget_conditioned,2048,1269.76,400,180,10849.76,10.595,True,10142.24,4,0,0,96.53,allow_initial_plan
costsim-00422,B7-lite,compact_7b_4bit,Compact 7B 4-bit VLM proxy,9000,2048,1344x1344,448x448,448x448,1,1,32,1,1,shared_budget_conditioned,2048,1269.76,265,96,10630.76,10.382,True,10361.24,1,0,0,72.53,allow_initial_plan
costsim-00423,B7-lite,compact_7b_4bit,Compact 7B 4-bit VLM proxy,9000,2048,1344x1344,448x448,448x448,1,1,32,2,2,shared_budget_conditioned,2048,1269.76,310,96,10675.76,10.426,True,10316.24,2,0,0,80.53,allow_initial_plan
costsim-00424,B7-lite,compact_7b_4bit,Compact 7B 4-bit VLM proxy,9000,2048,1344x1344,448x448,448x448,1,1,32,4,4,shared_budget_conditioned,2048,1269.76,400,180,10849.76,10.595,True,10142.24,4,0,0,96.53,allow_initial_plan
costsim-00425,B7-lite,compact_7b_4bit,Compact 7B 4-bit VLM proxy,9000,2048,1344x1344,448x448,448x448,3,3,4,1,1,shared_budget_conditioned,4096,2539.52,265,96,11900.52,11.622,True,9091.48,1,0,0,95.06,allow_initial_plan
costsim-00426,B7-lite,compact_7b_4bit,Compact 7B 4-bit VLM proxy,9000,2048,1344x1344,448x448,448x448,3,3,4,2,2,shared_budget_conditioned,4096,2539.52,310,96,11945.52,11.666,True,9046.48,2,0,0,103.06,allow_initial_plan
costsim-00427,B7-lite,compact_7b_4bit,Compact 7B 4-bit VLM proxy,9000,2048,1344x1344,448x448,448x448,3,3,4,4,4,shared_budget_conditioned,4096,2539.52,400,180,12119.52,11.835,True,8872.48,4,0,0,119.06,allow_initial_plan
costsim-00428,B7-lite,compact_7b_4bit,Compact 7B 4-bit VLM proxy,9000,2048,1344x1344,448x448,448x448,3,3,8,1,1,shared_budget_conditioned,4096,2539.52,265,96,11900.52,11.622,True,9091.48,1,0,0,95.06,allow_initial_plan
costsim-00429,B7-lite,compact_7b_4bit,Compact 7B 4-bit VLM proxy,9000,2048,1344x1344,448x448,448x448,3,3,8,2,2,shared_budget_conditioned,4096,2539.52,310,96,11945.52,11.666,True,9046.48,2,0,0,103.06,allow_initial_plan
costsim-00430,B7-lite,compact_7b_4bit,Compact 7B 4-bit VLM proxy,9000,2048,1344x1344,448x448,448x448,3,3,8,4,4,shared_budget_conditioned,4096,2539.52,400,180,12119.52,11.835,True,8872.48,4,0,0,119.06,allow_initial_plan
costsim-00431,B7-lite,compact_7b_4bit,Compact 7B 4-bit VLM proxy,9000,2048,1344x1344,448x448,448x448,3,3,16,1,1,shared_budget_conditioned,4096,2539.52,265,96,11900.52,11.622,True,9091.48,1,0,0,95.06,allow_initial_plan
costsim-00432,B7-lite,compact_7b_4bit,Compact 7B 4-bit VLM proxy,9000,2048,1344x1344,448x448,448x448,3,3,16,2,2,shared_budget_conditioned,4096,2539.52,310,96,11945.52,11.666,True,9046.48,2,0,0,103.06,allow_initial_plan
costsim-00433,B7-lite,compact_7b_4bit,Compact 7B 4-bit VLM proxy,9000,2048,1344x1344,448x448,448x448,3,3,16,4,4,shared_budget_conditioned,4096,2539.52,400,180,12119.52,11.835,True,8872.48,4,0,0,119.06,allow_initial_plan
costsim-00434,B7-lite,compact_7b_4bit,Compact 7B 4-bit VLM proxy,9000,2048,1344x1344,448x448,448x448,3,3,32,1,1,shared_budget_conditioned,4096,2539.52,265,96,11900.52,11.622,True,9091.48,1,0,0,95.06,allow_initial_plan
costsim-00435,B7-lite,compact_7b_4bit,Compact 7B 4-bit VLM proxy,9000,2048,1344x1344,448x448,448x448,3,3,32,2,2,shared_budget_conditioned,4096,2539.52,310,96,11945.52,11.666,True,9046.48,2,0,0,103.06,allow_initial_plan
costsim-00436,B7-lite,compact_7b_4bit,Compact 7B 4-bit VLM proxy,9000,2048,1344x1344,448x448,448x448,3,3,32,4,4,shared_budget_conditioned,4096,2539.52,400,180,12119.52,11.835,True,8872.48,4,0,0,119.06,allow_initial_plan
costsim-00437,B7-lite,compact_7b_4bit,Compact 7B 4-bit VLM proxy,9000,2048,1344x1344,448x448,448x448,5,5,4,1,1,shared_budget_conditioned,6144,3809.28,265,96,13170.28,12.862,True,7821.72,1,0,0,117.58,allow_initial_plan
costsim-00438,B7-lite,compact_7b_4bit,Compact 7B 4-bit VLM proxy,9000,2048,1344x1344,448x448,448x448,5,5,4,2,2,shared_budget_conditioned,6144,3809.28,310,96,13215.28,12.906,True,7776.72,2,0,0,125.58,allow_initial_plan
costsim-00439,B7-lite,compact_7b_4bit,Compact 7B 4-bit VLM proxy,9000,2048,1344x1344,448x448,448x448,5,5,4,4,4,shared_budget_conditioned,6144,3809.28,400,180,13389.28,13.075,True,7602.72,4,0,0,141.58,allow_initial_plan
costsim-00440,B7-lite,compact_7b_4bit,Compact 7B 4-bit VLM proxy,9000,2048,1344x1344,448x448,448x448,5,5,8,1,1,shared_budget_conditioned,6144,3809.28,265,96,13170.28,12.862,True,7821.72,1,0,0,117.58,allow_initial_plan
costsim-00441,B7-lite,compact_7b_4bit,Compact 7B 4-bit VLM proxy,9000,2048,1344x1344,448x448,448x448,5,5,8,2,2,shared_budget_conditioned,6144,3809.28,310,96,13215.28,12.906,True,7776.72,2,0,0,125.58,allow_initial_plan
costsim-00442,B7-lite,compact_7b_4bit,Compact 7B 4-bit VLM proxy,9000,2048,1344x1344,448x448,448x448,5,5,8,4,4,shared_budget_conditioned,6144,3809.28,400,180,13389.28,13.075,True,7602.72,4,0,0,141.58,allow_initial_plan
costsim-00443,B7-lite,compact_7b_4bit,Compact 7B 4-bit VLM proxy,9000,2048,1344x1344,448x448,448x448,5,5,16,1,1,shared_budget_conditioned,6144,3809.28,265,96,13170.28,12.862,True,7821.72,1,0,0,117.58,allow_initial_plan
costsim-00444,B7-lite,compact_7b_4bit,Compact 7B 4-bit VLM proxy,9000,2048,1344x1344,448x448,448x448,5,5,16,2,2,shared_budget_conditioned,6144,3809.28,310,96,13215.28,12.906,True,7776.72,2,0,0,125.58,allow_initial_plan
costsim-00445,B7-lite,compact_7b_4bit,Compact 7B 4-bit VLM proxy,9000,2048,1344x1344,448x448,448x448,5,5,16,4,4,shared_budget_conditioned,6144,3809.28,400,180,13389.28,13.075,True,7602.72,4,0,0,141.58,allow_initial_plan
costsim-00446,B7-lite,compact_7b_4bit,Compact 7B 4-bit VLM proxy,9000,2048,1344x1344,448x448,448x448,5,5,32,1,1,shared_budget_conditioned,6144,3809.28,265,96,13170.28,12.862,True,7821.72,1,0,0,117.58,allow_initial_plan
costsim-00447,B7-lite,compact_7b_4bit,Compact 7B 4-bit VLM proxy,9000,2048,1344x1344,448x448,448x448,5,5,32,2,2,shared_budget_conditioned,6144,3809.28,310,96,13215.28,12.906,True,7776.72,2,0,0,125.58,allow_initial_plan
costsim-00448,B7-lite,compact_7b_4bit,Compact 7B 4-bit VLM proxy,9000,2048,1344x1344,448x448,448x448,5,5,32,4,4,shared_budget_conditioned,6144,3809.28,400,180,13389.28,13.075,True,7602.72,4,0,0,141.58,allow_initial_plan
costsim-00449,B0,compact_7b_4bit,Compact 7B 4-bit VLM proxy,9000,4096,1344x1344,336x336,336x336,0,0,0,0,0,none,576,357.12,0.0,0.0,9357.12,9.138,True,9586.88,0,0,0,48.34,n/a
costsim-00450,B0,compact_7b_4bit,Compact 7B 4-bit VLM proxy,9000,4096,1344x1344,448x448,336x336,0,0,0,0,0,none,1024,634.88,0.0,0.0,9634.88,9.409,True,9309.12,0,0,0,53.26,n/a
costsim-00451,B1,compact_7b_4bit,Compact 7B 4-bit VLM proxy,9000,4096,1024x1024,336x336,336x336,0,0,0,0,0,none,5476,3395.12,0.0,0.0,12395.12,12.105,True,6548.88,0,0,0,102.24,n/a
costsim-00452,B1,compact_7b_4bit,Compact 7B 4-bit VLM proxy,9000,4096,1344x1344,336x336,336x336,0,0,0,0,0,none,9216,5713.92,0.0,0.0,14713.92,14.369,True,4230.08,0,0,0,143.38,n/a
costsim-00453,B2,compact_7b_4bit,Compact 7B 4-bit VLM proxy,9000,4096,1344x1344,336x336,336x336,1,1,0,0,0,none,1152,714.24,0.0,0.0,9714.24,9.487,True,9229.76,0,0,0,54.67,n/a
costsim-00454,B2,compact_7b_4bit,Compact 7B 4-bit VLM proxy,9000,4096,1344x1344,336x336,336x336,3,3,0,0,0,none,2304,1428.48,0.0,0.0,10428.48,10.184,True,8515.52,0,0,0,67.34,n/a
costsim-00455,B2,compact_7b_4bit,Compact 7B 4-bit VLM proxy,9000,4096,1344x1344,336x336,336x336,5,5,0,0,0,none,3456,2142.72,0.0,0.0,11142.72,10.882,True,7801.28,0,0,0,80.02,n/a
costsim-00456,B2,compact_7b_4bit,Compact 7B 4-bit VLM proxy,9000,4096,1344x1344,336x336,448x448,1,1,0,0,0,none,1600,992.0,0.0,0.0,9992.0,9.758,True,8952.0,0,0,0,59.6,n/a
costsim-00457,B2,compact_7b_4bit,Compact 7B 4-bit VLM proxy,9000,4096,1344x1344,336x336,448x448,3,3,0,0,0,none,3648,2261.76,0.0,0.0,11261.76,10.998,True,7682.24,0,0,0,82.13,n/a
costsim-00458,B2,compact_7b_4bit,Compact 7B 4-bit VLM proxy,9000,4096,1344x1344,336x336,448x448,5,5,0,0,0,none,5696,3531.52,0.0,0.0,12531.52,12.238,True,6412.48,0,0,0,104.66,n/a
costsim-00459,B2,compact_7b_4bit,Compact 7B 4-bit VLM proxy,9000,4096,1344x1344,448x448,336x336,1,1,0,0,0,none,1600,992.0,0.0,0.0,9992.0,9.758,True,8952.0,0,0,0,59.6,n/a
costsim-00460,B2,compact_7b_4bit,Compact 7B 4-bit VLM proxy,9000,4096,1344x1344,448x448,336x336,3,3,0,0,0,none,2752,1706.24,0.0,0.0,10706.24,10.455,True,8237.76,0,0,0,72.27,n/a
costsim-00461,B2,compact_7b_4bit,Compact 7B 4-bit VLM proxy,9000,4096,1344x1344,448x448,336x336,5,5,0,0,0,none,3904,2420.48,0.0,0.0,11420.48,11.153,True,7523.52,0,0,0,84.94,n/a
costsim-00462,B2,compact_7b_4bit,Compact 7B 4-bit VLM proxy,9000,4096,1344x1344,448x448,448x448,1,1,0,0,0,none,2048,1269.76,0.0,0.0,10269.76,10.029,True,8674.24,0,0,0,64.53,n/a
costsim-00463,B2,compact_7b_4bit,Compact 7B 4-bit VLM proxy,9000,4096,1344x1344,448x448,448x448,3,3,0,0,0,none,4096,2539.52,0.0,0.0,11539.52,11.269,True,7404.48,0,0,0,87.06,n/a
costsim-00464,B2,compact_7b_4bit,Compact 7B 4-bit VLM proxy,9000,4096,1344x1344,448x448,448x448,5,5,0,0,0,none,6144,3809.28,0.0,0.0,12809.28,12.509,True,6134.72,0,0,0,109.58,n/a
costsim-00465,B4-lite,compact_7b_4bit,Compact 7B 4-bit VLM proxy,9000,4096,1344x1344,336x336,336x336,1,1,4,1,1,independent_all_resident,1152,714.24,720,96,10530.24,10.283,True,8413.76,1,0,0,72.67,n/a
costsim-00466,B4-lite,compact_7b_4bit,Compact 7B 4-bit VLM proxy,9000,4096,1344x1344,336x336,336x336,1,1,4,2,2,independent_all_resident,1152,714.24,720,96,10530.24,10.283,True,8413.76,2,0,0,90.67,n/a
costsim-00467,B4-lite,compact_7b_4bit,Compact 7B 4-bit VLM proxy,9000,4096,1344x1344,336x336,336x336,1,1,4,4,4,independent_all_resident,1152,714.24,720,96,10530.24,10.283,True,8413.76,4,0,0,126.67,n/a
costsim-00468,B4-lite,compact_7b_4bit,Compact 7B 4-bit VLM proxy,9000,4096,1344x1344,336x336,336x336,1,1,8,1,1,independent_all_resident,1152,714.24,1440,96,11250.24,10.987,True,7693.76,1,0,0,72.67,n/a
costsim-00469,B4-lite,compact_7b_4bit,Compact 7B 4-bit VLM proxy,9000,4096,1344x1344,336x336,336x336,1,1,8,2,2,independent_all_resident,1152,714.24,1440,96,11250.24,10.987,True,7693.76,2,0,0,90.67,n/a
costsim-00470,B4-lite,compact_7b_4bit,Compact 7B 4-bit VLM proxy,9000,4096,1344x1344,336x336,336x336,1,1,8,4,4,independent_all_resident,1152,714.24,1440,96,11250.24,10.987,True,7693.76,4,0,0,126.67,n/a
costsim-00471,B4-lite,compact_7b_4bit,Compact 7B 4-bit VLM proxy,9000,4096,1344x1344,336x336,336x336,1,1,16,1,1,independent_all_resident,1152,714.24,2880,96,12690.24,12.393,True,6253.76,1,0,0,72.67,n/a
costsim-00472,B4-lite,compact_7b_4bit,Compact 7B 4-bit VLM proxy,9000,4096,1344x1344,336x336,336x336,1,1,16,2,2,independent_all_resident,1152,714.24,2880,96,12690.24,12.393,True,6253.76,2,0,0,90.67,n/a
costsim-00473,B4-lite,compact_7b_4bit,Compact 7B 4-bit VLM proxy,9000,4096,1344x1344,336x336,336x336,1,1,16,4,4,independent_all_resident,1152,714.24,2880,96,12690.24,12.393,True,6253.76,4,0,0,126.67,n/a
costsim-00474,B4-lite,compact_7b_4bit,Compact 7B 4-bit VLM proxy,9000,4096,1344x1344,336x336,336x336,1,1,32,1,1,independent_all_resident,1152,714.24,5760,96,15570.24,15.205,True,3373.76,1,0,0,72.67,n/a
costsim-00475,B4-lite,compact_7b_4bit,Compact 7B 4-bit VLM proxy,9000,4096,1344x1344,336x336,336x336,1,1,32,2,2,independent_all_resident,1152,714.24,5760,96,15570.24,15.205,True,3373.76,2,0,0,90.67,n/a
costsim-00476,B4-lite,compact_7b_4bit,Compact 7B 4-bit VLM proxy,9000,4096,1344x1344,336x336,336x336,1,1,32,4,4,independent_all_resident,1152,714.24,5760,96,15570.24,15.205,True,3373.76,4,0,0,126.67,n/a
costsim-00477,B4-lite,compact_7b_4bit,Compact 7B 4-bit VLM proxy,9000,4096,1344x1344,336x336,336x336,3,3,4,1,1,independent_all_resident,2304,1428.48,720,96,11244.48,10.981,True,7699.52,1,0,0,85.34,n/a
costsim-00478,B4-lite,compact_7b_4bit,Compact 7B 4-bit VLM proxy,9000,4096,1344x1344,336x336,336x336,3,3,4,2,2,independent_all_resident,2304,1428.48,720,96,11244.48,10.981,True,7699.52,2,0,0,103.34,n/a
costsim-00479,B4-lite,compact_7b_4bit,Compact 7B 4-bit VLM proxy,9000,4096,1344x1344,336x336,336x336,3,3,4,4,4,independent_all_resident,2304,1428.48,720,96,11244.48,10.981,True,7699.52,4,0,0,139.34,n/a
costsim-00480,B4-lite,compact_7b_4bit,Compact 7B 4-bit VLM proxy,9000,4096,1344x1344,336x336,336x336,3,3,8,1,1,independent_all_resident,2304,1428.48,1440,96,11964.48,11.684,True,6979.52,1,0,0,85.34,n/a
costsim-00481,B4-lite,compact_7b_4bit,Compact 7B 4-bit VLM proxy,9000,4096,1344x1344,336x336,336x336,3,3,8,2,2,independent_all_resident,2304,1428.48,1440,96,11964.48,11.684,True,6979.52,2,0,0,103.34,n/a
costsim-00482,B4-lite,compact_7b_4bit,Compact 7B 4-bit VLM proxy,9000,4096,1344x1344,336x336,336x336,3,3,8,4,4,independent_all_resident,2304,1428.48,1440,96,11964.48,11.684,True,6979.52,4,0,0,139.34,n/a
costsim-00483,B4-lite,compact_7b_4bit,Compact 7B 4-bit VLM proxy,9000,4096,1344x1344,336x336,336x336,3,3,16,1,1,independent_all_resident,2304,1428.48,2880,96,13404.48,13.09,True,5539.52,1,0,0,85.34,n/a
costsim-00484,B4-lite,compact_7b_4bit,Compact 7B 4-bit VLM proxy,9000,4096,1344x1344,336x336,336x336,3,3,16,2,2,independent_all_resident,2304,1428.48,2880,96,13404.48,13.09,True,5539.52,2,0,0,103.34,n/a
costsim-00485,B4-lite,compact_7b_4bit,Compact 7B 4-bit VLM proxy,9000,4096,1344x1344,336x336,336x336,3,3,16,4,4,independent_all_resident,2304,1428.48,2880,96,13404.48,13.09,True,5539.52,4,0,0,139.34,n/a
costsim-00486,B4-lite,compact_7b_4bit,Compact 7B 4-bit VLM proxy,9000,4096,1344x1344,336x336,336x336,3,3,32,1,1,independent_all_resident,2304,1428.48,5760,96,16284.48,15.903,True,2659.52,1,0,0,85.34,n/a
costsim-00487,B4-lite,compact_7b_4bit,Compact 7B 4-bit VLM proxy,9000,4096,1344x1344,336x336,336x336,3,3,32,2,2,independent_all_resident,2304,1428.48,5760,96,16284.48,15.903,True,2659.52,2,0,0,103.34,n/a
costsim-00488,B4-lite,compact_7b_4bit,Compact 7B 4-bit VLM proxy,9000,4096,1344x1344,336x336,336x336,3,3,32,4,4,independent_all_resident,2304,1428.48,5760,96,16284.48,15.903,True,2659.52,4,0,0,139.34,n/a
costsim-00489,B4-lite,compact_7b_4bit,Compact 7B 4-bit VLM proxy,9000,4096,1344x1344,336x336,336x336,5,5,4,1,1,independent_all_resident,3456,2142.72,720,96,11958.72,11.678,True,6985.28,1,0,0,98.02,n/a
costsim-00490,B4-lite,compact_7b_4bit,Compact 7B 4-bit VLM proxy,9000,4096,1344x1344,336x336,336x336,5,5,4,2,2,independent_all_resident,3456,2142.72,720,96,11958.72,11.678,True,6985.28,2,0,0,116.02,n/a
costsim-00491,B4-lite,compact_7b_4bit,Compact 7B 4-bit VLM proxy,9000,4096,1344x1344,336x336,336x336,5,5,4,4,4,independent_all_resident,3456,2142.72,720,96,11958.72,11.678,True,6985.28,4,0,0,152.02,n/a
costsim-00492,B4-lite,compact_7b_4bit,Compact 7B 4-bit VLM proxy,9000,4096,1344x1344,336x336,336x336,5,5,8,1,1,independent_all_resident,3456,2142.72,1440,96,12678.72,12.382,True,6265.28,1,0,0,98.02,n/a
costsim-00493,B4-lite,compact_7b_4bit,Compact 7B 4-bit VLM proxy,9000,4096,1344x1344,336x336,336x336,5,5,8,2,2,independent_all_resident,3456,2142.72,1440,96,12678.72,12.382,True,6265.28,2,0,0,116.02,n/a
costsim-00494,B4-lite,compact_7b_4bit,Compact 7B 4-bit VLM proxy,9000,4096,1344x1344,336x336,336x336,5,5,8,4,4,independent_all_resident,3456,2142.72,1440,96,12678.72,12.382,True,6265.28,4,0,0,152.02,n/a
costsim-00495,B4-lite,compact_7b_4bit,Compact 7B 4-bit VLM proxy,9000,4096,1344x1344,336x336,336x336,5,5,16,1,1,independent_all_resident,3456,2142.72,2880,96,14118.72,13.788,True,4825.28,1,0,0,98.02,n/a
costsim-00496,B4-lite,compact_7b_4bit,Compact 7B 4-bit VLM proxy,9000,4096,1344x1344,336x336,336x336,5,5,16,2,2,independent_all_resident,3456,2142.72,2880,96,14118.72,13.788,True,4825.28,2,0,0,116.02,n/a
costsim-00497,B4-lite,compact_7b_4bit,Compact 7B 4-bit VLM proxy,9000,4096,1344x1344,336x336,336x336,5,5,16,4,4,independent_all_resident,3456,2142.72,2880,96,14118.72,13.788,True,4825.28,4,0,0,152.02,n/a
costsim-00498,B4-lite,compact_7b_4bit,Compact 7B 4-bit VLM proxy,9000,4096,1344x1344,336x336,336x336,5,5,32,1,1,independent_all_resident,3456,2142.72,5760,96,16998.72,16.6,True,1945.28,1,0,0,98.02,n/a
costsim-00499,B4-lite,compact_7b_4bit,Compact 7B 4-bit VLM proxy,9000,4096,1344x1344,336x336,336x336,5,5,32,2,2,independent_all_resident,3456,2142.72,5760,96,16998.72,16.6,True,1945.28,2,0,0,116.02,n/a
costsim-00500,B4-lite,compact_7b_4bit,Compact 7B 4-bit VLM proxy,9000,4096,1344x1344,336x336,336x336,5,5,32,4,4,independent_all_resident,3456,2142.72,5760,96,16998.72,16.6,True,1945.28,4,0,0,152.02,n/a
costsim-00501,B4-lite,compact_7b_4bit,Compact 7B 4-bit VLM proxy,9000,4096,1344x1344,336x336,448x448,1,1,4,1,1,independent_all_resident,1600,992.0,720,96,10808.0,10.555,True,8136.0,1,0,0,77.6,n/a
costsim-00502,B4-lite,compact_7b_4bit,Compact 7B 4-bit VLM proxy,9000,4096,1344x1344,336x336,448x448,1,1,4,2,2,independent_all_resident,1600,992.0,720,96,10808.0,10.555,True,8136.0,2,0,0,95.6,n/a
costsim-00503,B4-lite,compact_7b_4bit,Compact 7B 4-bit VLM proxy,9000,4096,1344x1344,336x336,448x448,1,1,4,4,4,independent_all_resident,1600,992.0,720,96,10808.0,10.555,True,8136.0,4,0,0,131.6,n/a
costsim-00504,B4-lite,compact_7b_4bit,Compact 7B 4-bit VLM proxy,9000,4096,1344x1344,336x336,448x448,1,1,8,1,1,independent_all_resident,1600,992.0,1440,96,11528.0,11.258,True,7416.0,1,0,0,77.6,n/a
costsim-00505,B4-lite,compact_7b_4bit,Compact 7B 4-bit VLM proxy,9000,4096,1344x1344,336x336,448x448,1,1,8,2,2,independent_all_resident,1600,992.0,1440,96,11528.0,11.258,True,7416.0,2,0,0,95.6,n/a
costsim-00506,B4-lite,compact_7b_4bit,Compact 7B 4-bit VLM proxy,9000,4096,1344x1344,336x336,448x448,1,1,8,4,4,independent_all_resident,1600,992.0,1440,96,11528.0,11.258,True,7416.0,4,0,0,131.6,n/a
costsim-00507,B4-lite,compact_7b_4bit,Compact 7B 4-bit VLM proxy,9000,4096,1344x1344,336x336,448x448,1,1,16,1,1,independent_all_resident,1600,992.0,2880,96,12968.0,12.664,True,5976.0,1,0,0,77.6,n/a
costsim-00508,B4-lite,compact_7b_4bit,Compact 7B 4-bit VLM proxy,9000,4096,1344x1344,336x336,448x448,1,1,16,2,2,independent_all_resident,1600,992.0,2880,96,12968.0,12.664,True,5976.0,2,0,0,95.6,n/a
costsim-00509,B4-lite,compact_7b_4bit,Compact 7B 4-bit VLM proxy,9000,4096,1344x1344,336x336,448x448,1,1,16,4,4,independent_all_resident,1600,992.0,2880,96,12968.0,12.664,True,5976.0,4,0,0,131.6,n/a
costsim-00510,B4-lite,compact_7b_4bit,Compact 7B 4-bit VLM proxy,9000,4096,1344x1344,336x336,448x448,1,1,32,1,1,independent_all_resident,1600,992.0,5760,96,15848.0,15.477,True,3096.0,1,0,0,77.6,n/a
costsim-00511,B4-lite,compact_7b_4bit,Compact 7B 4-bit VLM proxy,9000,4096,1344x1344,336x336,448x448,1,1,32,2,2,independent_all_resident,1600,992.0,5760,96,15848.0,15.477,True,3096.0,2,0,0,95.6,n/a
costsim-00512,B4-lite,compact_7b_4bit,Compact 7B 4-bit VLM proxy,9000,4096,1344x1344,336x336,448x448,1,1,32,4,4,independent_all_resident,1600,992.0,5760,96,15848.0,15.477,True,3096.0,4,0,0,131.6,n/a
costsim-00513,B4-lite,compact_7b_4bit,Compact 7B 4-bit VLM proxy,9000,4096,1344x1344,336x336,448x448,3,3,4,1,1,independent_all_resident,3648,2261.76,720,96,12077.76,11.795,True,6866.24,1,0,0,100.13,n/a
costsim-00514,B4-lite,compact_7b_4bit,Compact 7B 4-bit VLM proxy,9000,4096,1344x1344,336x336,448x448,3,3,4,2,2,independent_all_resident,3648,2261.76,720,96,12077.76,11.795,True,6866.24,2,0,0,118.13,n/a
costsim-00515,B4-lite,compact_7b_4bit,Compact 7B 4-bit VLM proxy,9000,4096,1344x1344,336x336,448x448,3,3,4,4,4,independent_all_resident,3648,2261.76,720,96,12077.76,11.795,True,6866.24,4,0,0,154.13,n/a
costsim-00516,B4-lite,compact_7b_4bit,Compact 7B 4-bit VLM proxy,9000,4096,1344x1344,336x336,448x448,3,3,8,1,1,independent_all_resident,3648,2261.76,1440,96,12797.76,12.498,True,6146.24,1,0,0,100.13,n/a
costsim-00517,B4-lite,compact_7b_4bit,Compact 7B 4-bit VLM proxy,9000,4096,1344x1344,336x336,448x448,3,3,8,2,2,independent_all_resident,3648,2261.76,1440,96,12797.76,12.498,True,6146.24,2,0,0,118.13,n/a
costsim-00518,B4-lite,compact_7b_4bit,Compact 7B 4-bit VLM proxy,9000,4096,1344x1344,336x336,448x448,3,3,8,4,4,independent_all_resident,3648,2261.76,1440,96,12797.76,12.498,True,6146.24,4,0,0,154.13,n/a
costsim-00519,B4-lite,compact_7b_4bit,Compact 7B 4-bit VLM proxy,9000,4096,1344x1344,336x336,448x448,3,3,16,1,1,independent_all_resident,3648,2261.76,2880,96,14237.76,13.904,True,4706.24,1,0,0,100.13,n/a
costsim-00520,B4-lite,compact_7b_4bit,Compact 7B 4-bit VLM proxy,9000,4096,1344x1344,336x336,448x448,3,3,16,2,2,independent_all_resident,3648,2261.76,2880,96,14237.76,13.904,True,4706.24,2,0,0,118.13,n/a
costsim-00521,B4-lite,compact_7b_4bit,Compact 7B 4-bit VLM proxy,9000,4096,1344x1344,336x336,448x448,3,3,16,4,4,independent_all_resident,3648,2261.76,2880,96,14237.76,13.904,True,4706.24,4,0,0,154.13,n/a
costsim-00522,B4-lite,compact_7b_4bit,Compact 7B 4-bit VLM proxy,9000,4096,1344x1344,336x336,448x448,3,3,32,1,1,independent_all_resident,3648,2261.76,5760,96,17117.76,16.717,True,1826.24,1,0,0,100.13,n/a
costsim-00523,B4-lite,compact_7b_4bit,Compact 7B 4-bit VLM proxy,9000,4096,1344x1344,336x336,448x448,3,3,32,2,2,independent_all_resident,3648,2261.76,5760,96,17117.76,16.717,True,1826.24,2,0,0,118.13,n/a
costsim-00524,B4-lite,compact_7b_4bit,Compact 7B 4-bit VLM proxy,9000,4096,1344x1344,336x336,448x448,3,3,32,4,4,independent_all_resident,3648,2261.76,5760,96,17117.76,16.717,True,1826.24,4,0,0,154.13,n/a
costsim-00525,B4-lite,compact_7b_4bit,Compact 7B 4-bit VLM proxy,9000,4096,1344x1344,336x336,448x448,5,5,4,1,1,independent_all_resident,5696,3531.52,720,96,13347.52,13.035,True,5596.48,1,0,0,122.66,n/a
costsim-00526,B4-lite,compact_7b_4bit,Compact 7B 4-bit VLM proxy,9000,4096,1344x1344,336x336,448x448,5,5,4,2,2,independent_all_resident,5696,3531.52,720,96,13347.52,13.035,True,5596.48,2,0,0,140.66,n/a
costsim-00527,B4-lite,compact_7b_4bit,Compact 7B 4-bit VLM proxy,9000,4096,1344x1344,336x336,448x448,5,5,4,4,4,independent_all_resident,5696,3531.52,720,96,13347.52,13.035,True,5596.48,4,0,0,176.66,n/a
costsim-00528,B4-lite,compact_7b_4bit,Compact 7B 4-bit VLM proxy,9000,4096,1344x1344,336x336,448x448,5,5,8,1,1,independent_all_resident,5696,3531.52,1440,96,14067.52,13.738,True,4876.48,1,0,0,122.66,n/a
costsim-00529,B4-lite,compact_7b_4bit,Compact 7B 4-bit VLM proxy,9000,4096,1344x1344,336x336,448x448,5,5,8,2,2,independent_all_resident,5696,3531.52,1440,96,14067.52,13.738,True,4876.48,2,0,0,140.66,n/a
costsim-00530,B4-lite,compact_7b_4bit,Compact 7B 4-bit VLM proxy,9000,4096,1344x1344,336x336,448x448,5,5,8,4,4,independent_all_resident,5696,3531.52,1440,96,14067.52,13.738,True,4876.48,4,0,0,176.66,n/a
costsim-00531,B4-lite,compact_7b_4bit,Compact 7B 4-bit VLM proxy,9000,4096,1344x1344,336x336,448x448,5,5,16,1,1,independent_all_resident,5696,3531.52,2880,96,15507.52,15.144,True,3436.48,1,0,0,122.66,n/a
costsim-00532,B4-lite,compact_7b_4bit,Compact 7B 4-bit VLM proxy,9000,4096,1344x1344,336x336,448x448,5,5,16,2,2,independent_all_resident,5696,3531.52,2880,96,15507.52,15.144,True,3436.48,2,0,0,140.66,n/a
costsim-00533,B4-lite,compact_7b_4bit,Compact 7B 4-bit VLM proxy,9000,4096,1344x1344,336x336,448x448,5,5,16,4,4,independent_all_resident,5696,3531.52,2880,96,15507.52,15.144,True,3436.48,4,0,0,176.66,n/a
costsim-00534,B4-lite,compact_7b_4bit,Compact 7B 4-bit VLM proxy,9000,4096,1344x1344,336x336,448x448,5,5,32,1,1,independent_all_resident,5696,3531.52,5760,96,18387.52,17.957,True,556.48,1,0,0,122.66,n/a
costsim-00535,B4-lite,compact_7b_4bit,Compact 7B 4-bit VLM proxy,9000,4096,1344x1344,336x336,448x448,5,5,32,2,2,independent_all_resident,5696,3531.52,5760,96,18387.52,17.957,True,556.48,2,0,0,140.66,n/a
costsim-00536,B4-lite,compact_7b_4bit,Compact 7B 4-bit VLM proxy,9000,4096,1344x1344,336x336,448x448,5,5,32,4,4,independent_all_resident,5696,3531.52,5760,96,18387.52,17.957,True,556.48,4,0,0,176.66,n/a
costsim-00537,B4-lite,compact_7b_4bit,Compact 7B 4-bit VLM proxy,9000,4096,1344x1344,448x448,336x336,1,1,4,1,1,independent_all_resident,1600,992.0,720,96,10808.0,10.555,True,8136.0,1,0,0,77.6,n/a
costsim-00538,B4-lite,compact_7b_4bit,Compact 7B 4-bit VLM proxy,9000,4096,1344x1344,448x448,336x336,1,1,4,2,2,independent_all_resident,1600,992.0,720,96,10808.0,10.555,True,8136.0,2,0,0,95.6,n/a
costsim-00539,B4-lite,compact_7b_4bit,Compact 7B 4-bit VLM proxy,9000,4096,1344x1344,448x448,336x336,1,1,4,4,4,independent_all_resident,1600,992.0,720,96,10808.0,10.555,True,8136.0,4,0,0,131.6,n/a
costsim-00540,B4-lite,compact_7b_4bit,Compact 7B 4-bit VLM proxy,9000,4096,1344x1344,448x448,336x336,1,1,8,1,1,independent_all_resident,1600,992.0,1440,96,11528.0,11.258,True,7416.0,1,0,0,77.6,n/a
costsim-00541,B4-lite,compact_7b_4bit,Compact 7B 4-bit VLM proxy,9000,4096,1344x1344,448x448,336x336,1,1,8,2,2,independent_all_resident,1600,992.0,1440,96,11528.0,11.258,True,7416.0,2,0,0,95.6,n/a
costsim-00542,B4-lite,compact_7b_4bit,Compact 7B 4-bit VLM proxy,9000,4096,1344x1344,448x448,336x336,1,1,8,4,4,independent_all_resident,1600,992.0,1440,96,11528.0,11.258,True,7416.0,4,0,0,131.6,n/a
costsim-00543,B4-lite,compact_7b_4bit,Compact 7B 4-bit VLM proxy,9000,4096,1344x1344,448x448,336x336,1,1,16,1,1,independent_all_resident,1600,992.0,2880,96,12968.0,12.664,True,5976.0,1,0,0,77.6,n/a
costsim-00544,B4-lite,compact_7b_4bit,Compact 7B 4-bit VLM proxy,9000,4096,1344x1344,448x448,336x336,1,1,16,2,2,independent_all_resident,1600,992.0,2880,96,12968.0,12.664,True,5976.0,2,0,0,95.6,n/a
costsim-00545,B4-lite,compact_7b_4bit,Compact 7B 4-bit VLM proxy,9000,4096,1344x1344,448x448,336x336,1,1,16,4,4,independent_all_resident,1600,992.0,2880,96,12968.0,12.664,True,5976.0,4,0,0,131.6,n/a
costsim-00546,B4-lite,compact_7b_4bit,Compact 7B 4-bit VLM proxy,9000,4096,1344x1344,448x448,336x336,1,1,32,1,1,independent_all_resident,1600,992.0,5760,96,15848.0,15.477,True,3096.0,1,0,0,77.6,n/a
costsim-00547,B4-lite,compact_7b_4bit,Compact 7B 4-bit VLM proxy,9000,4096,1344x1344,448x448,336x336,1,1,32,2,2,independent_all_resident,1600,992.0,5760,96,15848.0,15.477,True,3096.0,2,0,0,95.6,n/a
costsim-00548,B4-lite,compact_7b_4bit,Compact 7B 4-bit VLM proxy,9000,4096,1344x1344,448x448,336x336,1,1,32,4,4,independent_all_resident,1600,992.0,5760,96,15848.0,15.477,True,3096.0,4,0,0,131.6,n/a
costsim-00549,B4-lite,compact_7b_4bit,Compact 7B 4-bit VLM proxy,9000,4096,1344x1344,448x448,336x336,3,3,4,1,1,independent_all_resident,2752,1706.24,720,96,11522.24,11.252,True,7421.76,1,0,0,90.27,n/a
costsim-00550,B4-lite,compact_7b_4bit,Compact 7B 4-bit VLM proxy,9000,4096,1344x1344,448x448,336x336,3,3,4,2,2,independent_all_resident,2752,1706.24,720,96,11522.24,11.252,True,7421.76,2,0,0,108.27,n/a
costsim-00551,B4-lite,compact_7b_4bit,Compact 7B 4-bit VLM proxy,9000,4096,1344x1344,448x448,336x336,3,3,4,4,4,independent_all_resident,2752,1706.24,720,96,11522.24,11.252,True,7421.76,4,0,0,144.27,n/a
costsim-00552,B4-lite,compact_7b_4bit,Compact 7B 4-bit VLM proxy,9000,4096,1344x1344,448x448,336x336,3,3,8,1,1,independent_all_resident,2752,1706.24,1440,96,12242.24,11.955,True,6701.76,1,0,0,90.27,n/a
costsim-00553,B4-lite,compact_7b_4bit,Compact 7B 4-bit VLM proxy,9000,4096,1344x1344,448x448,336x336,3,3,8,2,2,independent_all_resident,2752,1706.24,1440,96,12242.24,11.955,True,6701.76,2,0,0,108.27,n/a
costsim-00554,B4-lite,compact_7b_4bit,Compact 7B 4-bit VLM proxy,9000,4096,1344x1344,448x448,336x336,3,3,8,4,4,independent_all_resident,2752,1706.24,1440,96,12242.24,11.955,True,6701.76,4,0,0,144.27,n/a
costsim-00555,B4-lite,compact_7b_4bit,Compact 7B 4-bit VLM proxy,9000,4096,1344x1344,448x448,336x336,3,3,16,1,1,independent_all_resident,2752,1706.24,2880,96,13682.24,13.362,True,5261.76,1,0,0,90.27,n/a
costsim-00556,B4-lite,compact_7b_4bit,Compact 7B 4-bit VLM proxy,9000,4096,1344x1344,448x448,336x336,3,3,16,2,2,independent_all_resident,2752,1706.24,2880,96,13682.24,13.362,True,5261.76,2,0,0,108.27,n/a
costsim-00557,B4-lite,compact_7b_4bit,Compact 7B 4-bit VLM proxy,9000,4096,1344x1344,448x448,336x336,3,3,16,4,4,independent_all_resident,2752,1706.24,2880,96,13682.24,13.362,True,5261.76,4,0,0,144.27,n/a
costsim-00558,B4-lite,compact_7b_4bit,Compact 7B 4-bit VLM proxy,9000,4096,1344x1344,448x448,336x336,3,3,32,1,1,independent_all_resident,2752,1706.24,5760,96,16562.24,16.174,True,2381.76,1,0,0,90.27,n/a
costsim-00559,B4-lite,compact_7b_4bit,Compact 7B 4-bit VLM proxy,9000,4096,1344x1344,448x448,336x336,3,3,32,2,2,independent_all_resident,2752,1706.24,5760,96,16562.24,16.174,True,2381.76,2,0,0,108.27,n/a
costsim-00560,B4-lite,compact_7b_4bit,Compact 7B 4-bit VLM proxy,9000,4096,1344x1344,448x448,336x336,3,3,32,4,4,independent_all_resident,2752,1706.24,5760,96,16562.24,16.174,True,2381.76,4,0,0,144.27,n/a
costsim-00561,B4-lite,compact_7b_4bit,Compact 7B 4-bit VLM proxy,9000,4096,1344x1344,448x448,336x336,5,5,4,1,1,independent_all_resident,3904,2420.48,720,96,12236.48,11.95,True,6707.52,1,0,0,102.94,n/a
costsim-00562,B4-lite,compact_7b_4bit,Compact 7B 4-bit VLM proxy,9000,4096,1344x1344,448x448,336x336,5,5,4,2,2,independent_all_resident,3904,2420.48,720,96,12236.48,11.95,True,6707.52,2,0,0,120.94,n/a
costsim-00563,B4-lite,compact_7b_4bit,Compact 7B 4-bit VLM proxy,9000,4096,1344x1344,448x448,336x336,5,5,4,4,4,independent_all_resident,3904,2420.48,720,96,12236.48,11.95,True,6707.52,4,0,0,156.94,n/a
costsim-00564,B4-lite,compact_7b_4bit,Compact 7B 4-bit VLM proxy,9000,4096,1344x1344,448x448,336x336,5,5,8,1,1,independent_all_resident,3904,2420.48,1440,96,12956.48,12.653,True,5987.52,1,0,0,102.94,n/a
costsim-00565,B4-lite,compact_7b_4bit,Compact 7B 4-bit VLM proxy,9000,4096,1344x1344,448x448,336x336,5,5,8,2,2,independent_all_resident,3904,2420.48,1440,96,12956.48,12.653,True,5987.52,2,0,0,120.94,n/a
costsim-00566,B4-lite,compact_7b_4bit,Compact 7B 4-bit VLM proxy,9000,4096,1344x1344,448x448,336x336,5,5,8,4,4,independent_all_resident,3904,2420.48,1440,96,12956.48,12.653,True,5987.52,4,0,0,156.94,n/a
costsim-00567,B4-lite,compact_7b_4bit,Compact 7B 4-bit VLM proxy,9000,4096,1344x1344,448x448,336x336,5,5,16,1,1,independent_all_resident,3904,2420.48,2880,96,14396.48,14.059,True,4547.52,1,0,0,102.94,n/a
costsim-00568,B4-lite,compact_7b_4bit,Compact 7B 4-bit VLM proxy,9000,4096,1344x1344,448x448,336x336,5,5,16,2,2,independent_all_resident,3904,2420.48,2880,96,14396.48,14.059,True,4547.52,2,0,0,120.94,n/a
costsim-00569,B4-lite,compact_7b_4bit,Compact 7B 4-bit VLM proxy,9000,4096,1344x1344,448x448,336x336,5,5,16,4,4,independent_all_resident,3904,2420.48,2880,96,14396.48,14.059,True,4547.52,4,0,0,156.94,n/a
costsim-00570,B4-lite,compact_7b_4bit,Compact 7B 4-bit VLM proxy,9000,4096,1344x1344,448x448,336x336,5,5,32,1,1,independent_all_resident,3904,2420.48,5760,96,17276.48,16.872,True,1667.52,1,0,0,102.94,n/a
costsim-00571,B4-lite,compact_7b_4bit,Compact 7B 4-bit VLM proxy,9000,4096,1344x1344,448x448,336x336,5,5,32,2,2,independent_all_resident,3904,2420.48,5760,96,17276.48,16.872,True,1667.52,2,0,0,120.94,n/a
costsim-00572,B4-lite,compact_7b_4bit,Compact 7B 4-bit VLM proxy,9000,4096,1344x1344,448x448,336x336,5,5,32,4,4,independent_all_resident,3904,2420.48,5760,96,17276.48,16.872,True,1667.52,4,0,0,156.94,n/a
costsim-00573,B4-lite,compact_7b_4bit,Compact 7B 4-bit VLM proxy,9000,4096,1344x1344,448x448,448x448,1,1,4,1,1,independent_all_resident,2048,1269.76,720,96,11085.76,10.826,True,7858.24,1,0,0,82.53,n/a
costsim-00574,B4-lite,compact_7b_4bit,Compact 7B 4-bit VLM proxy,9000,4096,1344x1344,448x448,448x448,1,1,4,2,2,independent_all_resident,2048,1269.76,720,96,11085.76,10.826,True,7858.24,2,0,0,100.53,n/a
costsim-00575,B4-lite,compact_7b_4bit,Compact 7B 4-bit VLM proxy,9000,4096,1344x1344,448x448,448x448,1,1,4,4,4,independent_all_resident,2048,1269.76,720,96,11085.76,10.826,True,7858.24,4,0,0,136.53,n/a
costsim-00576,B4-lite,compact_7b_4bit,Compact 7B 4-bit VLM proxy,9000,4096,1344x1344,448x448,448x448,1,1,8,1,1,independent_all_resident,2048,1269.76,1440,96,11805.76,11.529,True,7138.24,1,0,0,82.53,n/a
costsim-00577,B4-lite,compact_7b_4bit,Compact 7B 4-bit VLM proxy,9000,4096,1344x1344,448x448,448x448,1,1,8,2,2,independent_all_resident,2048,1269.76,1440,96,11805.76,11.529,True,7138.24,2,0,0,100.53,n/a
costsim-00578,B4-lite,compact_7b_4bit,Compact 7B 4-bit VLM proxy,9000,4096,1344x1344,448x448,448x448,1,1,8,4,4,independent_all_resident,2048,1269.76,1440,96,11805.76,11.529,True,7138.24,4,0,0,136.53,n/a
costsim-00579,B4-lite,compact_7b_4bit,Compact 7B 4-bit VLM proxy,9000,4096,1344x1344,448x448,448x448,1,1,16,1,1,independent_all_resident,2048,1269.76,2880,96,13245.76,12.935,True,5698.24,1,0,0,82.53,n/a
costsim-00580,B4-lite,compact_7b_4bit,Compact 7B 4-bit VLM proxy,9000,4096,1344x1344,448x448,448x448,1,1,16,2,2,independent_all_resident,2048,1269.76,2880,96,13245.76,12.935,True,5698.24,2,0,0,100.53,n/a
costsim-00581,B4-lite,compact_7b_4bit,Compact 7B 4-bit VLM proxy,9000,4096,1344x1344,448x448,448x448,1,1,16,4,4,independent_all_resident,2048,1269.76,2880,96,13245.76,12.935,True,5698.24,4,0,0,136.53,n/a
costsim-00582,B4-lite,compact_7b_4bit,Compact 7B 4-bit VLM proxy,9000,4096,1344x1344,448x448,448x448,1,1,32,1,1,independent_all_resident,2048,1269.76,5760,96,16125.76,15.748,True,2818.24,1,0,0,82.53,n/a
costsim-00583,B4-lite,compact_7b_4bit,Compact 7B 4-bit VLM proxy,9000,4096,1344x1344,448x448,448x448,1,1,32,2,2,independent_all_resident,2048,1269.76,5760,96,16125.76,15.748,True,2818.24,2,0,0,100.53,n/a
costsim-00584,B4-lite,compact_7b_4bit,Compact 7B 4-bit VLM proxy,9000,4096,1344x1344,448x448,448x448,1,1,32,4,4,independent_all_resident,2048,1269.76,5760,96,16125.76,15.748,True,2818.24,4,0,0,136.53,n/a
costsim-00585,B4-lite,compact_7b_4bit,Compact 7B 4-bit VLM proxy,9000,4096,1344x1344,448x448,448x448,3,3,4,1,1,independent_all_resident,4096,2539.52,720,96,12355.52,12.066,True,6588.48,1,0,0,105.06,n/a
costsim-00586,B4-lite,compact_7b_4bit,Compact 7B 4-bit VLM proxy,9000,4096,1344x1344,448x448,448x448,3,3,4,2,2,independent_all_resident,4096,2539.52,720,96,12355.52,12.066,True,6588.48,2,0,0,123.06,n/a
costsim-00587,B4-lite,compact_7b_4bit,Compact 7B 4-bit VLM proxy,9000,4096,1344x1344,448x448,448x448,3,3,4,4,4,independent_all_resident,4096,2539.52,720,96,12355.52,12.066,True,6588.48,4,0,0,159.06,n/a
costsim-00588,B4-lite,compact_7b_4bit,Compact 7B 4-bit VLM proxy,9000,4096,1344x1344,448x448,448x448,3,3,8,1,1,independent_all_resident,4096,2539.52,1440,96,13075.52,12.769,True,5868.48,1,0,0,105.06,n/a
costsim-00589,B4-lite,compact_7b_4bit,Compact 7B 4-bit VLM proxy,9000,4096,1344x1344,448x448,448x448,3,3,8,2,2,independent_all_resident,4096,2539.52,1440,96,13075.52,12.769,True,5868.48,2,0,0,123.06,n/a
costsim-00590,B4-lite,compact_7b_4bit,Compact 7B 4-bit VLM proxy,9000,4096,1344x1344,448x448,448x448,3,3,8,4,4,independent_all_resident,4096,2539.52,1440,96,13075.52,12.769,True,5868.48,4,0,0,159.06,n/a
costsim-00591,B4-lite,compact_7b_4bit,Compact 7B 4-bit VLM proxy,9000,4096,1344x1344,448x448,448x448,3,3,16,1,1,independent_all_resident,4096,2539.52,2880,96,14515.52,14.175,True,4428.48,1,0,0,105.06,n/a
costsim-00592,B4-lite,compact_7b_4bit,Compact 7B 4-bit VLM proxy,9000,4096,1344x1344,448x448,448x448,3,3,16,2,2,independent_all_resident,4096,2539.52,2880,96,14515.52,14.175,True,4428.48,2,0,0,123.06,n/a
costsim-00593,B4-lite,compact_7b_4bit,Compact 7B 4-bit VLM proxy,9000,4096,1344x1344,448x448,448x448,3,3,16,4,4,independent_all_resident,4096,2539.52,2880,96,14515.52,14.175,True,4428.48,4,0,0,159.06,n/a
costsim-00594,B4-lite,compact_7b_4bit,Compact 7B 4-bit VLM proxy,9000,4096,1344x1344,448x448,448x448,3,3,32,1,1,independent_all_resident,4096,2539.52,5760,96,17395.52,16.988,True,1548.48,1,0,0,105.06,n/a
costsim-00595,B4-lite,compact_7b_4bit,Compact 7B 4-bit VLM proxy,9000,4096,1344x1344,448x448,448x448,3,3,32,2,2,independent_all_resident,4096,2539.52,5760,96,17395.52,16.988,True,1548.48,2,0,0,123.06,n/a
costsim-00596,B4-lite,compact_7b_4bit,Compact 7B 4-bit VLM proxy,9000,4096,1344x1344,448x448,448x448,3,3,32,4,4,independent_all_resident,4096,2539.52,5760,96,17395.52,16.988,True,1548.48,4,0,0,159.06,n/a
costsim-00597,B4-lite,compact_7b_4bit,Compact 7B 4-bit VLM proxy,9000,4096,1344x1344,448x448,448x448,5,5,4,1,1,independent_all_resident,6144,3809.28,720,96,13625.28,13.306,True,5318.72,1,0,0,127.58,n/a
costsim-00598,B4-lite,compact_7b_4bit,Compact 7B 4-bit VLM proxy,9000,4096,1344x1344,448x448,448x448,5,5,4,2,2,independent_all_resident,6144,3809.28,720,96,13625.28,13.306,True,5318.72,2,0,0,145.58,n/a
costsim-00599,B4-lite,compact_7b_4bit,Compact 7B 4-bit VLM proxy,9000,4096,1344x1344,448x448,448x448,5,5,4,4,4,independent_all_resident,6144,3809.28,720,96,13625.28,13.306,True,5318.72,4,0,0,181.58,n/a
costsim-00600,B4-lite,compact_7b_4bit,Compact 7B 4-bit VLM proxy,9000,4096,1344x1344,448x448,448x448,5,5,8,1,1,independent_all_resident,6144,3809.28,1440,96,14345.28,14.009,True,4598.72,1,0,0,127.58,n/a
costsim-00601,B4-lite,compact_7b_4bit,Compact 7B 4-bit VLM proxy,9000,4096,1344x1344,448x448,448x448,5,5,8,2,2,independent_all_resident,6144,3809.28,1440,96,14345.28,14.009,True,4598.72,2,0,0,145.58,n/a
costsim-00602,B4-lite,compact_7b_4bit,Compact 7B 4-bit VLM proxy,9000,4096,1344x1344,448x448,448x448,5,5,8,4,4,independent_all_resident,6144,3809.28,1440,96,14345.28,14.009,True,4598.72,4,0,0,181.58,n/a
costsim-00603,B4-lite,compact_7b_4bit,Compact 7B 4-bit VLM proxy,9000,4096,1344x1344,448x448,448x448,5,5,16,1,1,independent_all_resident,6144,3809.28,2880,96,15785.28,15.415,True,3158.72,1,0,0,127.58,n/a
costsim-00604,B4-lite,compact_7b_4bit,Compact 7B 4-bit VLM proxy,9000,4096,1344x1344,448x448,448x448,5,5,16,2,2,independent_all_resident,6144,3809.28,2880,96,15785.28,15.415,True,3158.72,2,0,0,145.58,n/a
costsim-00605,B4-lite,compact_7b_4bit,Compact 7B 4-bit VLM proxy,9000,4096,1344x1344,448x448,448x448,5,5,16,4,4,independent_all_resident,6144,3809.28,2880,96,15785.28,15.415,True,3158.72,4,0,0,181.58,n/a
costsim-00606,B4-lite,compact_7b_4bit,Compact 7B 4-bit VLM proxy,9000,4096,1344x1344,448x448,448x448,5,5,32,1,1,independent_all_resident,6144,3809.28,5760,96,18665.28,18.228,True,278.72,1,0,0,127.58,n/a
costsim-00607,B4-lite,compact_7b_4bit,Compact 7B 4-bit VLM proxy,9000,4096,1344x1344,448x448,448x448,5,5,32,2,2,independent_all_resident,6144,3809.28,5760,96,18665.28,18.228,True,278.72,2,0,0,145.58,n/a
costsim-00608,B4-lite,compact_7b_4bit,Compact 7B 4-bit VLM proxy,9000,4096,1344x1344,448x448,448x448,5,5,32,4,4,independent_all_resident,6144,3809.28,5760,96,18665.28,18.228,True,278.72,4,0,0,181.58,n/a
costsim-00609,B5-lite,compact_7b_4bit,Compact 7B 4-bit VLM proxy,9000,4096,1344x1344,336x336,336x336,1,1,4,1,1,shared_all_resident,1152,714.24,400,96,10210.24,9.971,True,8733.76,1,0,0,62.67,n/a
costsim-00610,B5-lite,compact_7b_4bit,Compact 7B 4-bit VLM proxy,9000,4096,1344x1344,336x336,336x336,1,1,4,2,2,shared_all_resident,1152,714.24,400,96,10210.24,9.971,True,8733.76,2,0,0,70.67,n/a
costsim-00611,B5-lite,compact_7b_4bit,Compact 7B 4-bit VLM proxy,9000,4096,1344x1344,336x336,336x336,1,1,4,4,4,shared_all_resident,1152,714.24,400,96,10210.24,9.971,True,8733.76,4,0,0,86.67,n/a
costsim-00612,B5-lite,compact_7b_4bit,Compact 7B 4-bit VLM proxy,9000,4096,1344x1344,336x336,336x336,1,1,8,1,1,shared_all_resident,1152,714.24,580,96,10390.24,10.147,True,8553.76,1,0,0,62.67,n/a
costsim-00613,B5-lite,compact_7b_4bit,Compact 7B 4-bit VLM proxy,9000,4096,1344x1344,336x336,336x336,1,1,8,2,2,shared_all_resident,1152,714.24,580,96,10390.24,10.147,True,8553.76,2,0,0,70.67,n/a
costsim-00614,B5-lite,compact_7b_4bit,Compact 7B 4-bit VLM proxy,9000,4096,1344x1344,336x336,336x336,1,1,8,4,4,shared_all_resident,1152,714.24,580,96,10390.24,10.147,True,8553.76,4,0,0,86.67,n/a
costsim-00615,B5-lite,compact_7b_4bit,Compact 7B 4-bit VLM proxy,9000,4096,1344x1344,336x336,336x336,1,1,16,1,1,shared_all_resident,1152,714.24,940,96,10750.24,10.498,True,8193.76,1,0,0,62.67,n/a
costsim-00616,B5-lite,compact_7b_4bit,Compact 7B 4-bit VLM proxy,9000,4096,1344x1344,336x336,336x336,1,1,16,2,2,shared_all_resident,1152,714.24,940,96,10750.24,10.498,True,8193.76,2,0,0,70.67,n/a
costsim-00617,B5-lite,compact_7b_4bit,Compact 7B 4-bit VLM proxy,9000,4096,1344x1344,336x336,336x336,1,1,16,4,4,shared_all_resident,1152,714.24,940,96,10750.24,10.498,True,8193.76,4,0,0,86.67,n/a
costsim-00618,B5-lite,compact_7b_4bit,Compact 7B 4-bit VLM proxy,9000,4096,1344x1344,336x336,336x336,1,1,32,1,1,shared_all_resident,1152,714.24,1660,96,11470.24,11.201,True,7473.76,1,0,0,62.67,n/a
costsim-00619,B5-lite,compact_7b_4bit,Compact 7B 4-bit VLM proxy,9000,4096,1344x1344,336x336,336x336,1,1,32,2,2,shared_all_resident,1152,714.24,1660,96,11470.24,11.201,True,7473.76,2,0,0,70.67,n/a
costsim-00620,B5-lite,compact_7b_4bit,Compact 7B 4-bit VLM proxy,9000,4096,1344x1344,336x336,336x336,1,1,32,4,4,shared_all_resident,1152,714.24,1660,96,11470.24,11.201,True,7473.76,4,0,0,86.67,n/a
costsim-00621,B5-lite,compact_7b_4bit,Compact 7B 4-bit VLM proxy,9000,4096,1344x1344,336x336,336x336,3,3,4,1,1,shared_all_resident,2304,1428.48,400,96,10924.48,10.668,True,8019.52,1,0,0,75.34,n/a
costsim-00622,B5-lite,compact_7b_4bit,Compact 7B 4-bit VLM proxy,9000,4096,1344x1344,336x336,336x336,3,3,4,2,2,shared_all_resident,2304,1428.48,400,96,10924.48,10.668,True,8019.52,2,0,0,83.34,n/a
costsim-00623,B5-lite,compact_7b_4bit,Compact 7B 4-bit VLM proxy,9000,4096,1344x1344,336x336,336x336,3,3,4,4,4,shared_all_resident,2304,1428.48,400,96,10924.48,10.668,True,8019.52,4,0,0,99.34,n/a
costsim-00624,B5-lite,compact_7b_4bit,Compact 7B 4-bit VLM proxy,9000,4096,1344x1344,336x336,336x336,3,3,8,1,1,shared_all_resident,2304,1428.48,580,96,11104.48,10.844,True,7839.52,1,0,0,75.34,n/a
costsim-00625,B5-lite,compact_7b_4bit,Compact 7B 4-bit VLM proxy,9000,4096,1344x1344,336x336,336x336,3,3,8,2,2,shared_all_resident,2304,1428.48,580,96,11104.48,10.844,True,7839.52,2,0,0,83.34,n/a
costsim-00626,B5-lite,compact_7b_4bit,Compact 7B 4-bit VLM proxy,9000,4096,1344x1344,336x336,336x336,3,3,8,4,4,shared_all_resident,2304,1428.48,580,96,11104.48,10.844,True,7839.52,4,0,0,99.34,n/a
costsim-00627,B5-lite,compact_7b_4bit,Compact 7B 4-bit VLM proxy,9000,4096,1344x1344,336x336,336x336,3,3,16,1,1,shared_all_resident,2304,1428.48,940,96,11464.48,11.196,True,7479.52,1,0,0,75.34,n/a
costsim-00628,B5-lite,compact_7b_4bit,Compact 7B 4-bit VLM proxy,9000,4096,1344x1344,336x336,336x336,3,3,16,2,2,shared_all_resident,2304,1428.48,940,96,11464.48,11.196,True,7479.52,2,0,0,83.34,n/a
costsim-00629,B5-lite,compact_7b_4bit,Compact 7B 4-bit VLM proxy,9000,4096,1344x1344,336x336,336x336,3,3,16,4,4,shared_all_resident,2304,1428.48,940,96,11464.48,11.196,True,7479.52,4,0,0,99.34,n/a
costsim-00630,B5-lite,compact_7b_4bit,Compact 7B 4-bit VLM proxy,9000,4096,1344x1344,336x336,336x336,3,3,32,1,1,shared_all_resident,2304,1428.48,1660,96,12184.48,11.899,True,6759.52,1,0,0,75.34,n/a
costsim-00631,B5-lite,compact_7b_4bit,Compact 7B 4-bit VLM proxy,9000,4096,1344x1344,336x336,336x336,3,3,32,2,2,shared_all_resident,2304,1428.48,1660,96,12184.48,11.899,True,6759.52,2,0,0,83.34,n/a
costsim-00632,B5-lite,compact_7b_4bit,Compact 7B 4-bit VLM proxy,9000,4096,1344x1344,336x336,336x336,3,3,32,4,4,shared_all_resident,2304,1428.48,1660,96,12184.48,11.899,True,6759.52,4,0,0,99.34,n/a
costsim-00633,B5-lite,compact_7b_4bit,Compact 7B 4-bit VLM proxy,9000,4096,1344x1344,336x336,336x336,5,5,4,1,1,shared_all_resident,3456,2142.72,400,96,11638.72,11.366,True,7305.28,1,0,0,88.02,n/a
costsim-00634,B5-lite,compact_7b_4bit,Compact 7B 4-bit VLM proxy,9000,4096,1344x1344,336x336,336x336,5,5,4,2,2,shared_all_resident,3456,2142.72,400,96,11638.72,11.366,True,7305.28,2,0,0,96.02,n/a
costsim-00635,B5-lite,compact_7b_4bit,Compact 7B 4-bit VLM proxy,9000,4096,1344x1344,336x336,336x336,5,5,4,4,4,shared_all_resident,3456,2142.72,400,96,11638.72,11.366,True,7305.28,4,0,0,112.02,n/a
costsim-00636,B5-lite,compact_7b_4bit,Compact 7B 4-bit VLM proxy,9000,4096,1344x1344,336x336,336x336,5,5,8,1,1,shared_all_resident,3456,2142.72,580,96,11818.72,11.542,True,7125.28,1,0,0,88.02,n/a
costsim-00637,B5-lite,compact_7b_4bit,Compact 7B 4-bit VLM proxy,9000,4096,1344x1344,336x336,336x336,5,5,8,2,2,shared_all_resident,3456,2142.72,580,96,11818.72,11.542,True,7125.28,2,0,0,96.02,n/a
costsim-00638,B5-lite,compact_7b_4bit,Compact 7B 4-bit VLM proxy,9000,4096,1344x1344,336x336,336x336,5,5,8,4,4,shared_all_resident,3456,2142.72,580,96,11818.72,11.542,True,7125.28,4,0,0,112.02,n/a
costsim-00639,B5-lite,compact_7b_4bit,Compact 7B 4-bit VLM proxy,9000,4096,1344x1344,336x336,336x336,5,5,16,1,1,shared_all_resident,3456,2142.72,940,96,12178.72,11.893,True,6765.28,1,0,0,88.02,n/a
costsim-00640,B5-lite,compact_7b_4bit,Compact 7B 4-bit VLM proxy,9000,4096,1344x1344,336x336,336x336,5,5,16,2,2,shared_all_resident,3456,2142.72,940,96,12178.72,11.893,True,6765.28,2,0,0,96.02,n/a
costsim-00641,B5-lite,compact_7b_4bit,Compact 7B 4-bit VLM proxy,9000,4096,1344x1344,336x336,336x336,5,5,16,4,4,shared_all_resident,3456,2142.72,940,96,12178.72,11.893,True,6765.28,4,0,0,112.02,n/a
costsim-00642,B5-lite,compact_7b_4bit,Compact 7B 4-bit VLM proxy,9000,4096,1344x1344,336x336,336x336,5,5,32,1,1,shared_all_resident,3456,2142.72,1660,96,12898.72,12.596,True,6045.28,1,0,0,88.02,n/a
costsim-00643,B5-lite,compact_7b_4bit,Compact 7B 4-bit VLM proxy,9000,4096,1344x1344,336x336,336x336,5,5,32,2,2,shared_all_resident,3456,2142.72,1660,96,12898.72,12.596,True,6045.28,2,0,0,96.02,n/a
costsim-00644,B5-lite,compact_7b_4bit,Compact 7B 4-bit VLM proxy,9000,4096,1344x1344,336x336,336x336,5,5,32,4,4,shared_all_resident,3456,2142.72,1660,96,12898.72,12.596,True,6045.28,4,0,0,112.02,n/a
costsim-00645,B5-lite,compact_7b_4bit,Compact 7B 4-bit VLM proxy,9000,4096,1344x1344,336x336,448x448,1,1,4,1,1,shared_all_resident,1600,992.0,400,96,10488.0,10.242,True,8456.0,1,0,0,67.6,n/a
costsim-00646,B5-lite,compact_7b_4bit,Compact 7B 4-bit VLM proxy,9000,4096,1344x1344,336x336,448x448,1,1,4,2,2,shared_all_resident,1600,992.0,400,96,10488.0,10.242,True,8456.0,2,0,0,75.6,n/a
costsim-00647,B5-lite,compact_7b_4bit,Compact 7B 4-bit VLM proxy,9000,4096,1344x1344,336x336,448x448,1,1,4,4,4,shared_all_resident,1600,992.0,400,96,10488.0,10.242,True,8456.0,4,0,0,91.6,n/a
costsim-00648,B5-lite,compact_7b_4bit,Compact 7B 4-bit VLM proxy,9000,4096,1344x1344,336x336,448x448,1,1,8,1,1,shared_all_resident,1600,992.0,580,96,10668.0,10.418,True,8276.0,1,0,0,67.6,n/a
costsim-00649,B5-lite,compact_7b_4bit,Compact 7B 4-bit VLM proxy,9000,4096,1344x1344,336x336,448x448,1,1,8,2,2,shared_all_resident,1600,992.0,580,96,10668.0,10.418,True,8276.0,2,0,0,75.6,n/a
costsim-00650,B5-lite,compact_7b_4bit,Compact 7B 4-bit VLM proxy,9000,4096,1344x1344,336x336,448x448,1,1,8,4,4,shared_all_resident,1600,992.0,580,96,10668.0,10.418,True,8276.0,4,0,0,91.6,n/a
costsim-00651,B5-lite,compact_7b_4bit,Compact 7B 4-bit VLM proxy,9000,4096,1344x1344,336x336,448x448,1,1,16,1,1,shared_all_resident,1600,992.0,940,96,11028.0,10.77,True,7916.0,1,0,0,67.6,n/a
costsim-00652,B5-lite,compact_7b_4bit,Compact 7B 4-bit VLM proxy,9000,4096,1344x1344,336x336,448x448,1,1,16,2,2,shared_all_resident,1600,992.0,940,96,11028.0,10.77,True,7916.0,2,0,0,75.6,n/a
costsim-00653,B5-lite,compact_7b_4bit,Compact 7B 4-bit VLM proxy,9000,4096,1344x1344,336x336,448x448,1,1,16,4,4,shared_all_resident,1600,992.0,940,96,11028.0,10.77,True,7916.0,4,0,0,91.6,n/a
costsim-00654,B5-lite,compact_7b_4bit,Compact 7B 4-bit VLM proxy,9000,4096,1344x1344,336x336,448x448,1,1,32,1,1,shared_all_resident,1600,992.0,1660,96,11748.0,11.473,True,7196.0,1,0,0,67.6,n/a
costsim-00655,B5-lite,compact_7b_4bit,Compact 7B 4-bit VLM proxy,9000,4096,1344x1344,336x336,448x448,1,1,32,2,2,shared_all_resident,1600,992.0,1660,96,11748.0,11.473,True,7196.0,2,0,0,75.6,n/a
costsim-00656,B5-lite,compact_7b_4bit,Compact 7B 4-bit VLM proxy,9000,4096,1344x1344,336x336,448x448,1,1,32,4,4,shared_all_resident,1600,992.0,1660,96,11748.0,11.473,True,7196.0,4,0,0,91.6,n/a
costsim-00657,B5-lite,compact_7b_4bit,Compact 7B 4-bit VLM proxy,9000,4096,1344x1344,336x336,448x448,3,3,4,1,1,shared_all_resident,3648,2261.76,400,96,11757.76,11.482,True,7186.24,1,0,0,90.13,n/a
costsim-00658,B5-lite,compact_7b_4bit,Compact 7B 4-bit VLM proxy,9000,4096,1344x1344,336x336,448x448,3,3,4,2,2,shared_all_resident,3648,2261.76,400,96,11757.76,11.482,True,7186.24,2,0,0,98.13,n/a
costsim-00659,B5-lite,compact_7b_4bit,Compact 7B 4-bit VLM proxy,9000,4096,1344x1344,336x336,448x448,3,3,4,4,4,shared_all_resident,3648,2261.76,400,96,11757.76,11.482,True,7186.24,4,0,0,114.13,n/a
costsim-00660,B5-lite,compact_7b_4bit,Compact 7B 4-bit VLM proxy,9000,4096,1344x1344,336x336,448x448,3,3,8,1,1,shared_all_resident,3648,2261.76,580,96,11937.76,11.658,True,7006.24,1,0,0,90.13,n/a
costsim-00661,B5-lite,compact_7b_4bit,Compact 7B 4-bit VLM proxy,9000,4096,1344x1344,336x336,448x448,3,3,8,2,2,shared_all_resident,3648,2261.76,580,96,11937.76,11.658,True,7006.24,2,0,0,98.13,n/a
costsim-00662,B5-lite,compact_7b_4bit,Compact 7B 4-bit VLM proxy,9000,4096,1344x1344,336x336,448x448,3,3,8,4,4,shared_all_resident,3648,2261.76,580,96,11937.76,11.658,True,7006.24,4,0,0,114.13,n/a
costsim-00663,B5-lite,compact_7b_4bit,Compact 7B 4-bit VLM proxy,9000,4096,1344x1344,336x336,448x448,3,3,16,1,1,shared_all_resident,3648,2261.76,940,96,12297.76,12.01,True,6646.24,1,0,0,90.13,n/a
costsim-00664,B5-lite,compact_7b_4bit,Compact 7B 4-bit VLM proxy,9000,4096,1344x1344,336x336,448x448,3,3,16,2,2,shared_all_resident,3648,2261.76,940,96,12297.76,12.01,True,6646.24,2,0,0,98.13,n/a
costsim-00665,B5-lite,compact_7b_4bit,Compact 7B 4-bit VLM proxy,9000,4096,1344x1344,336x336,448x448,3,3,16,4,4,shared_all_resident,3648,2261.76,940,96,12297.76,12.01,True,6646.24,4,0,0,114.13,n/a
costsim-00666,B5-lite,compact_7b_4bit,Compact 7B 4-bit VLM proxy,9000,4096,1344x1344,336x336,448x448,3,3,32,1,1,shared_all_resident,3648,2261.76,1660,96,13017.76,12.713,True,5926.24,1,0,0,90.13,n/a
costsim-00667,B5-lite,compact_7b_4bit,Compact 7B 4-bit VLM proxy,9000,4096,1344x1344,336x336,448x448,3,3,32,2,2,shared_all_resident,3648,2261.76,1660,96,13017.76,12.713,True,5926.24,2,0,0,98.13,n/a
costsim-00668,B5-lite,compact_7b_4bit,Compact 7B 4-bit VLM proxy,9000,4096,1344x1344,336x336,448x448,3,3,32,4,4,shared_all_resident,3648,2261.76,1660,96,13017.76,12.713,True,5926.24,4,0,0,114.13,n/a
costsim-00669,B5-lite,compact_7b_4bit,Compact 7B 4-bit VLM proxy,9000,4096,1344x1344,336x336,448x448,5,5,4,1,1,shared_all_resident,5696,3531.52,400,96,13027.52,12.722,True,5916.48,1,0,0,112.66,n/a
costsim-00670,B5-lite,compact_7b_4bit,Compact 7B 4-bit VLM proxy,9000,4096,1344x1344,336x336,448x448,5,5,4,2,2,shared_all_resident,5696,3531.52,400,96,13027.52,12.722,True,5916.48,2,0,0,120.66,n/a
costsim-00671,B5-lite,compact_7b_4bit,Compact 7B 4-bit VLM proxy,9000,4096,1344x1344,336x336,448x448,5,5,4,4,4,shared_all_resident,5696,3531.52,400,96,13027.52,12.722,True,5916.48,4,0,0,136.66,n/a
costsim-00672,B5-lite,compact_7b_4bit,Compact 7B 4-bit VLM proxy,9000,4096,1344x1344,336x336,448x448,5,5,8,1,1,shared_all_resident,5696,3531.52,580,96,13207.52,12.898,True,5736.48,1,0,0,112.66,n/a
costsim-00673,B5-lite,compact_7b_4bit,Compact 7B 4-bit VLM proxy,9000,4096,1344x1344,336x336,448x448,5,5,8,2,2,shared_all_resident,5696,3531.52,580,96,13207.52,12.898,True,5736.48,2,0,0,120.66,n/a
costsim-00674,B5-lite,compact_7b_4bit,Compact 7B 4-bit VLM proxy,9000,4096,1344x1344,336x336,448x448,5,5,8,4,4,shared_all_resident,5696,3531.52,580,96,13207.52,12.898,True,5736.48,4,0,0,136.66,n/a
costsim-00675,B5-lite,compact_7b_4bit,Compact 7B 4-bit VLM proxy,9000,4096,1344x1344,336x336,448x448,5,5,16,1,1,shared_all_resident,5696,3531.52,940,96,13567.52,13.25,True,5376.48,1,0,0,112.66,n/a
costsim-00676,B5-lite,compact_7b_4bit,Compact 7B 4-bit VLM proxy,9000,4096,1344x1344,336x336,448x448,5,5,16,2,2,shared_all_resident,5696,3531.52,940,96,13567.52,13.25,True,5376.48,2,0,0,120.66,n/a
costsim-00677,B5-lite,compact_7b_4bit,Compact 7B 4-bit VLM proxy,9000,4096,1344x1344,336x336,448x448,5,5,16,4,4,shared_all_resident,5696,3531.52,940,96,13567.52,13.25,True,5376.48,4,0,0,136.66,n/a
costsim-00678,B5-lite,compact_7b_4bit,Compact 7B 4-bit VLM proxy,9000,4096,1344x1344,336x336,448x448,5,5,32,1,1,shared_all_resident,5696,3531.52,1660,96,14287.52,13.953,True,4656.48,1,0,0,112.66,n/a
costsim-00679,B5-lite,compact_7b_4bit,Compact 7B 4-bit VLM proxy,9000,4096,1344x1344,336x336,448x448,5,5,32,2,2,shared_all_resident,5696,3531.52,1660,96,14287.52,13.953,True,4656.48,2,0,0,120.66,n/a
costsim-00680,B5-lite,compact_7b_4bit,Compact 7B 4-bit VLM proxy,9000,4096,1344x1344,336x336,448x448,5,5,32,4,4,shared_all_resident,5696,3531.52,1660,96,14287.52,13.953,True,4656.48,4,0,0,136.66,n/a
costsim-00681,B5-lite,compact_7b_4bit,Compact 7B 4-bit VLM proxy,9000,4096,1344x1344,448x448,336x336,1,1,4,1,1,shared_all_resident,1600,992.0,400,96,10488.0,10.242,True,8456.0,1,0,0,67.6,n/a
costsim-00682,B5-lite,compact_7b_4bit,Compact 7B 4-bit VLM proxy,9000,4096,1344x1344,448x448,336x336,1,1,4,2,2,shared_all_resident,1600,992.0,400,96,10488.0,10.242,True,8456.0,2,0,0,75.6,n/a
costsim-00683,B5-lite,compact_7b_4bit,Compact 7B 4-bit VLM proxy,9000,4096,1344x1344,448x448,336x336,1,1,4,4,4,shared_all_resident,1600,992.0,400,96,10488.0,10.242,True,8456.0,4,0,0,91.6,n/a
costsim-00684,B5-lite,compact_7b_4bit,Compact 7B 4-bit VLM proxy,9000,4096,1344x1344,448x448,336x336,1,1,8,1,1,shared_all_resident,1600,992.0,580,96,10668.0,10.418,True,8276.0,1,0,0,67.6,n/a
costsim-00685,B5-lite,compact_7b_4bit,Compact 7B 4-bit VLM proxy,9000,4096,1344x1344,448x448,336x336,1,1,8,2,2,shared_all_resident,1600,992.0,580,96,10668.0,10.418,True,8276.0,2,0,0,75.6,n/a
costsim-00686,B5-lite,compact_7b_4bit,Compact 7B 4-bit VLM proxy,9000,4096,1344x1344,448x448,336x336,1,1,8,4,4,shared_all_resident,1600,992.0,580,96,10668.0,10.418,True,8276.0,4,0,0,91.6,n/a
costsim-00687,B5-lite,compact_7b_4bit,Compact 7B 4-bit VLM proxy,9000,4096,1344x1344,448x448,336x336,1,1,16,1,1,shared_all_resident,1600,992.0,940,96,11028.0,10.77,True,7916.0,1,0,0,67.6,n/a
costsim-00688,B5-lite,compact_7b_4bit,Compact 7B 4-bit VLM proxy,9000,4096,1344x1344,448x448,336x336,1,1,16,2,2,shared_all_resident,1600,992.0,940,96,11028.0,10.77,True,7916.0,2,0,0,75.6,n/a
costsim-00689,B5-lite,compact_7b_4bit,Compact 7B 4-bit VLM proxy,9000,4096,1344x1344,448x448,336x336,1,1,16,4,4,shared_all_resident,1600,992.0,940,96,11028.0,10.77,True,7916.0,4,0,0,91.6,n/a
costsim-00690,B5-lite,compact_7b_4bit,Compact 7B 4-bit VLM proxy,9000,4096,1344x1344,448x448,336x336,1,1,32,1,1,shared_all_resident,1600,992.0,1660,96,11748.0,11.473,True,7196.0,1,0,0,67.6,n/a
costsim-00691,B5-lite,compact_7b_4bit,Compact 7B 4-bit VLM proxy,9000,4096,1344x1344,448x448,336x336,1,1,32,2,2,shared_all_resident,1600,992.0,1660,96,11748.0,11.473,True,7196.0,2,0,0,75.6,n/a
costsim-00692,B5-lite,compact_7b_4bit,Compact 7B 4-bit VLM proxy,9000,4096,1344x1344,448x448,336x336,1,1,32,4,4,shared_all_resident,1600,992.0,1660,96,11748.0,11.473,True,7196.0,4,0,0,91.6,n/a
costsim-00693,B5-lite,compact_7b_4bit,Compact 7B 4-bit VLM proxy,9000,4096,1344x1344,448x448,336x336,3,3,4,1,1,shared_all_resident,2752,1706.24,400,96,11202.24,10.94,True,7741.76,1,0,0,80.27,n/a
costsim-00694,B5-lite,compact_7b_4bit,Compact 7B 4-bit VLM proxy,9000,4096,1344x1344,448x448,336x336,3,3,4,2,2,shared_all_resident,2752,1706.24,400,96,11202.24,10.94,True,7741.76,2,0,0,88.27,n/a
costsim-00695,B5-lite,compact_7b_4bit,Compact 7B 4-bit VLM proxy,9000,4096,1344x1344,448x448,336x336,3,3,4,4,4,shared_all_resident,2752,1706.24,400,96,11202.24,10.94,True,7741.76,4,0,0,104.27,n/a
costsim-00696,B5-lite,compact_7b_4bit,Compact 7B 4-bit VLM proxy,9000,4096,1344x1344,448x448,336x336,3,3,8,1,1,shared_all_resident,2752,1706.24,580,96,11382.24,11.115,True,7561.76,1,0,0,80.27,n/a
costsim-00697,B5-lite,compact_7b_4bit,Compact 7B 4-bit VLM proxy,9000,4096,1344x1344,448x448,336x336,3,3,8,2,2,shared_all_resident,2752,1706.24,580,96,11382.24,11.115,True,7561.76,2,0,0,88.27,n/a
costsim-00698,B5-lite,compact_7b_4bit,Compact 7B 4-bit VLM proxy,9000,4096,1344x1344,448x448,336x336,3,3,8,4,4,shared_all_resident,2752,1706.24,580,96,11382.24,11.115,True,7561.76,4,0,0,104.27,n/a
costsim-00699,B5-lite,compact_7b_4bit,Compact 7B 4-bit VLM proxy,9000,4096,1344x1344,448x448,336x336,3,3,16,1,1,shared_all_resident,2752,1706.24,940,96,11742.24,11.467,True,7201.76,1,0,0,80.27,n/a
costsim-00700,B5-lite,compact_7b_4bit,Compact 7B 4-bit VLM proxy,9000,4096,1344x1344,448x448,336x336,3,3,16,2,2,shared_all_resident,2752,1706.24,940,96,11742.24,11.467,True,7201.76,2,0,0,88.27,n/a
costsim-00701,B5-lite,compact_7b_4bit,Compact 7B 4-bit VLM proxy,9000,4096,1344x1344,448x448,336x336,3,3,16,4,4,shared_all_resident,2752,1706.24,940,96,11742.24,11.467,True,7201.76,4,0,0,104.27,n/a
costsim-00702,B5-lite,compact_7b_4bit,Compact 7B 4-bit VLM proxy,9000,4096,1344x1344,448x448,336x336,3,3,32,1,1,shared_all_resident,2752,1706.24,1660,96,12462.24,12.17,True,6481.76,1,0,0,80.27,n/a
costsim-00703,B5-lite,compact_7b_4bit,Compact 7B 4-bit VLM proxy,9000,4096,1344x1344,448x448,336x336,3,3,32,2,2,shared_all_resident,2752,1706.24,1660,96,12462.24,12.17,True,6481.76,2,0,0,88.27,n/a
costsim-00704,B5-lite,compact_7b_4bit,Compact 7B 4-bit VLM proxy,9000,4096,1344x1344,448x448,336x336,3,3,32,4,4,shared_all_resident,2752,1706.24,1660,96,12462.24,12.17,True,6481.76,4,0,0,104.27,n/a
costsim-00705,B5-lite,compact_7b_4bit,Compact 7B 4-bit VLM proxy,9000,4096,1344x1344,448x448,336x336,5,5,4,1,1,shared_all_resident,3904,2420.48,400,96,11916.48,11.637,True,7027.52,1,0,0,92.94,n/a
costsim-00706,B5-lite,compact_7b_4bit,Compact 7B 4-bit VLM proxy,9000,4096,1344x1344,448x448,336x336,5,5,4,2,2,shared_all_resident,3904,2420.48,400,96,11916.48,11.637,True,7027.52,2,0,0,100.94,n/a
costsim-00707,B5-lite,compact_7b_4bit,Compact 7B 4-bit VLM proxy,9000,4096,1344x1344,448x448,336x336,5,5,4,4,4,shared_all_resident,3904,2420.48,400,96,11916.48,11.637,True,7027.52,4,0,0,116.94,n/a
costsim-00708,B5-lite,compact_7b_4bit,Compact 7B 4-bit VLM proxy,9000,4096,1344x1344,448x448,336x336,5,5,8,1,1,shared_all_resident,3904,2420.48,580,96,12096.48,11.813,True,6847.52,1,0,0,92.94,n/a
costsim-00709,B5-lite,compact_7b_4bit,Compact 7B 4-bit VLM proxy,9000,4096,1344x1344,448x448,336x336,5,5,8,2,2,shared_all_resident,3904,2420.48,580,96,12096.48,11.813,True,6847.52,2,0,0,100.94,n/a
costsim-00710,B5-lite,compact_7b_4bit,Compact 7B 4-bit VLM proxy,9000,4096,1344x1344,448x448,336x336,5,5,8,4,4,shared_all_resident,3904,2420.48,580,96,12096.48,11.813,True,6847.52,4,0,0,116.94,n/a
costsim-00711,B5-lite,compact_7b_4bit,Compact 7B 4-bit VLM proxy,9000,4096,1344x1344,448x448,336x336,5,5,16,1,1,shared_all_resident,3904,2420.48,940,96,12456.48,12.165,True,6487.52,1,0,0,92.94,n/a
costsim-00712,B5-lite,compact_7b_4bit,Compact 7B 4-bit VLM proxy,9000,4096,1344x1344,448x448,336x336,5,5,16,2,2,shared_all_resident,3904,2420.48,940,96,12456.48,12.165,True,6487.52,2,0,0,100.94,n/a
costsim-00713,B5-lite,compact_7b_4bit,Compact 7B 4-bit VLM proxy,9000,4096,1344x1344,448x448,336x336,5,5,16,4,4,shared_all_resident,3904,2420.48,940,96,12456.48,12.165,True,6487.52,4,0,0,116.94,n/a
costsim-00714,B5-lite,compact_7b_4bit,Compact 7B 4-bit VLM proxy,9000,4096,1344x1344,448x448,336x336,5,5,32,1,1,shared_all_resident,3904,2420.48,1660,96,13176.48,12.868,True,5767.52,1,0,0,92.94,n/a
costsim-00715,B5-lite,compact_7b_4bit,Compact 7B 4-bit VLM proxy,9000,4096,1344x1344,448x448,336x336,5,5,32,2,2,shared_all_resident,3904,2420.48,1660,96,13176.48,12.868,True,5767.52,2,0,0,100.94,n/a
costsim-00716,B5-lite,compact_7b_4bit,Compact 7B 4-bit VLM proxy,9000,4096,1344x1344,448x448,336x336,5,5,32,4,4,shared_all_resident,3904,2420.48,1660,96,13176.48,12.868,True,5767.52,4,0,0,116.94,n/a
costsim-00717,B5-lite,compact_7b_4bit,Compact 7B 4-bit VLM proxy,9000,4096,1344x1344,448x448,448x448,1,1,4,1,1,shared_all_resident,2048,1269.76,400,96,10765.76,10.513,True,8178.24,1,0,0,72.53,n/a
costsim-00718,B5-lite,compact_7b_4bit,Compact 7B 4-bit VLM proxy,9000,4096,1344x1344,448x448,448x448,1,1,4,2,2,shared_all_resident,2048,1269.76,400,96,10765.76,10.513,True,8178.24,2,0,0,80.53,n/a
costsim-00719,B5-lite,compact_7b_4bit,Compact 7B 4-bit VLM proxy,9000,4096,1344x1344,448x448,448x448,1,1,4,4,4,shared_all_resident,2048,1269.76,400,96,10765.76,10.513,True,8178.24,4,0,0,96.53,n/a
costsim-00720,B5-lite,compact_7b_4bit,Compact 7B 4-bit VLM proxy,9000,4096,1344x1344,448x448,448x448,1,1,8,1,1,shared_all_resident,2048,1269.76,580,96,10945.76,10.689,True,7998.24,1,0,0,72.53,n/a
costsim-00721,B5-lite,compact_7b_4bit,Compact 7B 4-bit VLM proxy,9000,4096,1344x1344,448x448,448x448,1,1,8,2,2,shared_all_resident,2048,1269.76,580,96,10945.76,10.689,True,7998.24,2,0,0,80.53,n/a
costsim-00722,B5-lite,compact_7b_4bit,Compact 7B 4-bit VLM proxy,9000,4096,1344x1344,448x448,448x448,1,1,8,4,4,shared_all_resident,2048,1269.76,580,96,10945.76,10.689,True,7998.24,4,0,0,96.53,n/a
costsim-00723,B5-lite,compact_7b_4bit,Compact 7B 4-bit VLM proxy,9000,4096,1344x1344,448x448,448x448,1,1,16,1,1,shared_all_resident,2048,1269.76,940,96,11305.76,11.041,True,7638.24,1,0,0,72.53,n/a
costsim-00724,B5-lite,compact_7b_4bit,Compact 7B 4-bit VLM proxy,9000,4096,1344x1344,448x448,448x448,1,1,16,2,2,shared_all_resident,2048,1269.76,940,96,11305.76,11.041,True,7638.24,2,0,0,80.53,n/a
costsim-00725,B5-lite,compact_7b_4bit,Compact 7B 4-bit VLM proxy,9000,4096,1344x1344,448x448,448x448,1,1,16,4,4,shared_all_resident,2048,1269.76,940,96,11305.76,11.041,True,7638.24,4,0,0,96.53,n/a
costsim-00726,B5-lite,compact_7b_4bit,Compact 7B 4-bit VLM proxy,9000,4096,1344x1344,448x448,448x448,1,1,32,1,1,shared_all_resident,2048,1269.76,1660,96,12025.76,11.744,True,6918.24,1,0,0,72.53,n/a
costsim-00727,B5-lite,compact_7b_4bit,Compact 7B 4-bit VLM proxy,9000,4096,1344x1344,448x448,448x448,1,1,32,2,2,shared_all_resident,2048,1269.76,1660,96,12025.76,11.744,True,6918.24,2,0,0,80.53,n/a
costsim-00728,B5-lite,compact_7b_4bit,Compact 7B 4-bit VLM proxy,9000,4096,1344x1344,448x448,448x448,1,1,32,4,4,shared_all_resident,2048,1269.76,1660,96,12025.76,11.744,True,6918.24,4,0,0,96.53,n/a
costsim-00729,B5-lite,compact_7b_4bit,Compact 7B 4-bit VLM proxy,9000,4096,1344x1344,448x448,448x448,3,3,4,1,1,shared_all_resident,4096,2539.52,400,96,12035.52,11.753,True,6908.48,1,0,0,95.06,n/a
costsim-00730,B5-lite,compact_7b_4bit,Compact 7B 4-bit VLM proxy,9000,4096,1344x1344,448x448,448x448,3,3,4,2,2,shared_all_resident,4096,2539.52,400,96,12035.52,11.753,True,6908.48,2,0,0,103.06,n/a
costsim-00731,B5-lite,compact_7b_4bit,Compact 7B 4-bit VLM proxy,9000,4096,1344x1344,448x448,448x448,3,3,4,4,4,shared_all_resident,4096,2539.52,400,96,12035.52,11.753,True,6908.48,4,0,0,119.06,n/a
costsim-00732,B5-lite,compact_7b_4bit,Compact 7B 4-bit VLM proxy,9000,4096,1344x1344,448x448,448x448,3,3,8,1,1,shared_all_resident,4096,2539.52,580,96,12215.52,11.929,True,6728.48,1,0,0,95.06,n/a
costsim-00733,B5-lite,compact_7b_4bit,Compact 7B 4-bit VLM proxy,9000,4096,1344x1344,448x448,448x448,3,3,8,2,2,shared_all_resident,4096,2539.52,580,96,12215.52,11.929,True,6728.48,2,0,0,103.06,n/a
costsim-00734,B5-lite,compact_7b_4bit,Compact 7B 4-bit VLM proxy,9000,4096,1344x1344,448x448,448x448,3,3,8,4,4,shared_all_resident,4096,2539.52,580,96,12215.52,11.929,True,6728.48,4,0,0,119.06,n/a
costsim-00735,B5-lite,compact_7b_4bit,Compact 7B 4-bit VLM proxy,9000,4096,1344x1344,448x448,448x448,3,3,16,1,1,shared_all_resident,4096,2539.52,940,96,12575.52,12.281,True,6368.48,1,0,0,95.06,n/a
costsim-00736,B5-lite,compact_7b_4bit,Compact 7B 4-bit VLM proxy,9000,4096,1344x1344,448x448,448x448,3,3,16,2,2,shared_all_resident,4096,2539.52,940,96,12575.52,12.281,True,6368.48,2,0,0,103.06,n/a
costsim-00737,B5-lite,compact_7b_4bit,Compact 7B 4-bit VLM proxy,9000,4096,1344x1344,448x448,448x448,3,3,16,4,4,shared_all_resident,4096,2539.52,940,96,12575.52,12.281,True,6368.48,4,0,0,119.06,n/a
costsim-00738,B5-lite,compact_7b_4bit,Compact 7B 4-bit VLM proxy,9000,4096,1344x1344,448x448,448x448,3,3,32,1,1,shared_all_resident,4096,2539.52,1660,96,13295.52,12.984,True,5648.48,1,0,0,95.06,n/a
costsim-00739,B5-lite,compact_7b_4bit,Compact 7B 4-bit VLM proxy,9000,4096,1344x1344,448x448,448x448,3,3,32,2,2,shared_all_resident,4096,2539.52,1660,96,13295.52,12.984,True,5648.48,2,0,0,103.06,n/a
costsim-00740,B5-lite,compact_7b_4bit,Compact 7B 4-bit VLM proxy,9000,4096,1344x1344,448x448,448x448,3,3,32,4,4,shared_all_resident,4096,2539.52,1660,96,13295.52,12.984,True,5648.48,4,0,0,119.06,n/a
costsim-00741,B5-lite,compact_7b_4bit,Compact 7B 4-bit VLM proxy,9000,4096,1344x1344,448x448,448x448,5,5,4,1,1,shared_all_resident,6144,3809.28,400,96,13305.28,12.993,True,5638.72,1,0,0,117.58,n/a
costsim-00742,B5-lite,compact_7b_4bit,Compact 7B 4-bit VLM proxy,9000,4096,1344x1344,448x448,448x448,5,5,4,2,2,shared_all_resident,6144,3809.28,400,96,13305.28,12.993,True,5638.72,2,0,0,125.58,n/a
costsim-00743,B5-lite,compact_7b_4bit,Compact 7B 4-bit VLM proxy,9000,4096,1344x1344,448x448,448x448,5,5,4,4,4,shared_all_resident,6144,3809.28,400,96,13305.28,12.993,True,5638.72,4,0,0,141.58,n/a
costsim-00744,B5-lite,compact_7b_4bit,Compact 7B 4-bit VLM proxy,9000,4096,1344x1344,448x448,448x448,5,5,8,1,1,shared_all_resident,6144,3809.28,580,96,13485.28,13.169,True,5458.72,1,0,0,117.58,n/a
costsim-00745,B5-lite,compact_7b_4bit,Compact 7B 4-bit VLM proxy,9000,4096,1344x1344,448x448,448x448,5,5,8,2,2,shared_all_resident,6144,3809.28,580,96,13485.28,13.169,True,5458.72,2,0,0,125.58,n/a
costsim-00746,B5-lite,compact_7b_4bit,Compact 7B 4-bit VLM proxy,9000,4096,1344x1344,448x448,448x448,5,5,8,4,4,shared_all_resident,6144,3809.28,580,96,13485.28,13.169,True,5458.72,4,0,0,141.58,n/a
costsim-00747,B5-lite,compact_7b_4bit,Compact 7B 4-bit VLM proxy,9000,4096,1344x1344,448x448,448x448,5,5,16,1,1,shared_all_resident,6144,3809.28,940,96,13845.28,13.521,True,5098.72,1,0,0,117.58,n/a
costsim-00748,B5-lite,compact_7b_4bit,Compact 7B 4-bit VLM proxy,9000,4096,1344x1344,448x448,448x448,5,5,16,2,2,shared_all_resident,6144,3809.28,940,96,13845.28,13.521,True,5098.72,2,0,0,125.58,n/a
costsim-00749,B5-lite,compact_7b_4bit,Compact 7B 4-bit VLM proxy,9000,4096,1344x1344,448x448,448x448,5,5,16,4,4,shared_all_resident,6144,3809.28,940,96,13845.28,13.521,True,5098.72,4,0,0,141.58,n/a
costsim-00750,B5-lite,compact_7b_4bit,Compact 7B 4-bit VLM proxy,9000,4096,1344x1344,448x448,448x448,5,5,32,1,1,shared_all_resident,6144,3809.28,1660,96,14565.28,14.224,True,4378.72,1,0,0,117.58,n/a
costsim-00751,B5-lite,compact_7b_4bit,Compact 7B 4-bit VLM proxy,9000,4096,1344x1344,448x448,448x448,5,5,32,2,2,shared_all_resident,6144,3809.28,1660,96,14565.28,14.224,True,4378.72,2,0,0,125.58,n/a
costsim-00752,B5-lite,compact_7b_4bit,Compact 7B 4-bit VLM proxy,9000,4096,1344x1344,448x448,448x448,5,5,32,4,4,shared_all_resident,6144,3809.28,1660,96,14565.28,14.224,True,4378.72,4,0,0,141.58,n/a
costsim-00753,B7-lite,compact_7b_4bit,Compact 7B 4-bit VLM proxy,9000,4096,1344x1344,336x336,336x336,1,1,4,1,1,shared_budget_conditioned,1152,714.24,265,96,10075.24,9.839,True,8868.76,1,0,0,62.67,allow_initial_plan
costsim-00754,B7-lite,compact_7b_4bit,Compact 7B 4-bit VLM proxy,9000,4096,1344x1344,336x336,336x336,1,1,4,2,2,shared_budget_conditioned,1152,714.24,310,96,10120.24,9.883,True,8823.76,2,0,0,70.67,allow_initial_plan
costsim-00755,B7-lite,compact_7b_4bit,Compact 7B 4-bit VLM proxy,9000,4096,1344x1344,336x336,336x336,1,1,4,4,4,shared_budget_conditioned,1152,714.24,400,180,10294.24,10.053,True,8649.76,4,0,0,86.67,allow_initial_plan
costsim-00756,B7-lite,compact_7b_4bit,Compact 7B 4-bit VLM proxy,9000,4096,1344x1344,336x336,336x336,1,1,8,1,1,shared_budget_conditioned,1152,714.24,265,96,10075.24,9.839,True,8868.76,1,0,0,62.67,allow_initial_plan
costsim-00757,B7-lite,compact_7b_4bit,Compact 7B 4-bit VLM proxy,9000,4096,1344x1344,336x336,336x336,1,1,8,2,2,shared_budget_conditioned,1152,714.24,310,96,10120.24,9.883,True,8823.76,2,0,0,70.67,allow_initial_plan
costsim-00758,B7-lite,compact_7b_4bit,Compact 7B 4-bit VLM proxy,9000,4096,1344x1344,336x336,336x336,1,1,8,4,4,shared_budget_conditioned,1152,714.24,400,180,10294.24,10.053,True,8649.76,4,0,0,86.67,allow_initial_plan
costsim-00759,B7-lite,compact_7b_4bit,Compact 7B 4-bit VLM proxy,9000,4096,1344x1344,336x336,336x336,1,1,16,1,1,shared_budget_conditioned,1152,714.24,265,96,10075.24,9.839,True,8868.76,1,0,0,62.67,allow_initial_plan
costsim-00760,B7-lite,compact_7b_4bit,Compact 7B 4-bit VLM proxy,9000,4096,1344x1344,336x336,336x336,1,1,16,2,2,shared_budget_conditioned,1152,714.24,310,96,10120.24,9.883,True,8823.76,2,0,0,70.67,allow_initial_plan
costsim-00761,B7-lite,compact_7b_4bit,Compact 7B 4-bit VLM proxy,9000,4096,1344x1344,336x336,336x336,1,1,16,4,4,shared_budget_conditioned,1152,714.24,400,180,10294.24,10.053,True,8649.76,4,0,0,86.67,allow_initial_plan
costsim-00762,B7-lite,compact_7b_4bit,Compact 7B 4-bit VLM proxy,9000,4096,1344x1344,336x336,336x336,1,1,32,1,1,shared_budget_conditioned,1152,714.24,265,96,10075.24,9.839,True,8868.76,1,0,0,62.67,allow_initial_plan
costsim-00763,B7-lite,compact_7b_4bit,Compact 7B 4-bit VLM proxy,9000,4096,1344x1344,336x336,336x336,1,1,32,2,2,shared_budget_conditioned,1152,714.24,310,96,10120.24,9.883,True,8823.76,2,0,0,70.67,allow_initial_plan
costsim-00764,B7-lite,compact_7b_4bit,Compact 7B 4-bit VLM proxy,9000,4096,1344x1344,336x336,336x336,1,1,32,4,4,shared_budget_conditioned,1152,714.24,400,180,10294.24,10.053,True,8649.76,4,0,0,86.67,allow_initial_plan
costsim-00765,B7-lite,compact_7b_4bit,Compact 7B 4-bit VLM proxy,9000,4096,1344x1344,336x336,336x336,3,3,4,1,1,shared_budget_conditioned,2304,1428.48,265,96,10789.48,10.537,True,8154.52,1,0,0,75.34,allow_initial_plan
costsim-00766,B7-lite,compact_7b_4bit,Compact 7B 4-bit VLM proxy,9000,4096,1344x1344,336x336,336x336,3,3,4,2,2,shared_budget_conditioned,2304,1428.48,310,96,10834.48,10.581,True,8109.52,2,0,0,83.34,allow_initial_plan
costsim-00767,B7-lite,compact_7b_4bit,Compact 7B 4-bit VLM proxy,9000,4096,1344x1344,336x336,336x336,3,3,4,4,4,shared_budget_conditioned,2304,1428.48,400,180,11008.48,10.75,True,7935.52,4,0,0,99.34,allow_initial_plan
costsim-00768,B7-lite,compact_7b_4bit,Compact 7B 4-bit VLM proxy,9000,4096,1344x1344,336x336,336x336,3,3,8,1,1,shared_budget_conditioned,2304,1428.48,265,96,10789.48,10.537,True,8154.52,1,0,0,75.34,allow_initial_plan
costsim-00769,B7-lite,compact_7b_4bit,Compact 7B 4-bit VLM proxy,9000,4096,1344x1344,336x336,336x336,3,3,8,2,2,shared_budget_conditioned,2304,1428.48,310,96,10834.48,10.581,True,8109.52,2,0,0,83.34,allow_initial_plan
costsim-00770,B7-lite,compact_7b_4bit,Compact 7B 4-bit VLM proxy,9000,4096,1344x1344,336x336,336x336,3,3,8,4,4,shared_budget_conditioned,2304,1428.48,400,180,11008.48,10.75,True,7935.52,4,0,0,99.34,allow_initial_plan
costsim-00771,B7-lite,compact_7b_4bit,Compact 7B 4-bit VLM proxy,9000,4096,1344x1344,336x336,336x336,3,3,16,1,1,shared_budget_conditioned,2304,1428.48,265,96,10789.48,10.537,True,8154.52,1,0,0,75.34,allow_initial_plan
costsim-00772,B7-lite,compact_7b_4bit,Compact 7B 4-bit VLM proxy,9000,4096,1344x1344,336x336,336x336,3,3,16,2,2,shared_budget_conditioned,2304,1428.48,310,96,10834.48,10.581,True,8109.52,2,0,0,83.34,allow_initial_plan
costsim-00773,B7-lite,compact_7b_4bit,Compact 7B 4-bit VLM proxy,9000,4096,1344x1344,336x336,336x336,3,3,16,4,4,shared_budget_conditioned,2304,1428.48,400,180,11008.48,10.75,True,7935.52,4,0,0,99.34,allow_initial_plan
costsim-00774,B7-lite,compact_7b_4bit,Compact 7B 4-bit VLM proxy,9000,4096,1344x1344,336x336,336x336,3,3,32,1,1,shared_budget_conditioned,2304,1428.48,265,96,10789.48,10.537,True,8154.52,1,0,0,75.34,allow_initial_plan
costsim-00775,B7-lite,compact_7b_4bit,Compact 7B 4-bit VLM proxy,9000,4096,1344x1344,336x336,336x336,3,3,32,2,2,shared_budget_conditioned,2304,1428.48,310,96,10834.48,10.581,True,8109.52,2,0,0,83.34,allow_initial_plan
costsim-00776,B7-lite,compact_7b_4bit,Compact 7B 4-bit VLM proxy,9000,4096,1344x1344,336x336,336x336,3,3,32,4,4,shared_budget_conditioned,2304,1428.48,400,180,11008.48,10.75,True,7935.52,4,0,0,99.34,allow_initial_plan
costsim-00777,B7-lite,compact_7b_4bit,Compact 7B 4-bit VLM proxy,9000,4096,1344x1344,336x336,336x336,5,5,4,1,1,shared_budget_conditioned,3456,2142.72,265,96,11503.72,11.234,True,7440.28,1,0,0,88.02,allow_initial_plan
costsim-00778,B7-lite,compact_7b_4bit,Compact 7B 4-bit VLM proxy,9000,4096,1344x1344,336x336,336x336,5,5,4,2,2,shared_budget_conditioned,3456,2142.72,310,96,11548.72,11.278,True,7395.28,2,0,0,96.02,allow_initial_plan
costsim-00779,B7-lite,compact_7b_4bit,Compact 7B 4-bit VLM proxy,9000,4096,1344x1344,336x336,336x336,5,5,4,4,4,shared_budget_conditioned,3456,2142.72,400,180,11722.72,11.448,True,7221.28,4,0,0,112.02,allow_initial_plan
costsim-00780,B7-lite,compact_7b_4bit,Compact 7B 4-bit VLM proxy,9000,4096,1344x1344,336x336,336x336,5,5,8,1,1,shared_budget_conditioned,3456,2142.72,265,96,11503.72,11.234,True,7440.28,1,0,0,88.02,allow_initial_plan
costsim-00781,B7-lite,compact_7b_4bit,Compact 7B 4-bit VLM proxy,9000,4096,1344x1344,336x336,336x336,5,5,8,2,2,shared_budget_conditioned,3456,2142.72,310,96,11548.72,11.278,True,7395.28,2,0,0,96.02,allow_initial_plan
costsim-00782,B7-lite,compact_7b_4bit,Compact 7B 4-bit VLM proxy,9000,4096,1344x1344,336x336,336x336,5,5,8,4,4,shared_budget_conditioned,3456,2142.72,400,180,11722.72,11.448,True,7221.28,4,0,0,112.02,allow_initial_plan
costsim-00783,B7-lite,compact_7b_4bit,Compact 7B 4-bit VLM proxy,9000,4096,1344x1344,336x336,336x336,5,5,16,1,1,shared_budget_conditioned,3456,2142.72,265,96,11503.72,11.234,True,7440.28,1,0,0,88.02,allow_initial_plan
costsim-00784,B7-lite,compact_7b_4bit,Compact 7B 4-bit VLM proxy,9000,4096,1344x1344,336x336,336x336,5,5,16,2,2,shared_budget_conditioned,3456,2142.72,310,96,11548.72,11.278,True,7395.28,2,0,0,96.02,allow_initial_plan
costsim-00785,B7-lite,compact_7b_4bit,Compact 7B 4-bit VLM proxy,9000,4096,1344x1344,336x336,336x336,5,5,16,4,4,shared_budget_conditioned,3456,2142.72,400,180,11722.72,11.448,True,7221.28,4,0,0,112.02,allow_initial_plan
costsim-00786,B7-lite,compact_7b_4bit,Compact 7B 4-bit VLM proxy,9000,4096,1344x1344,336x336,336x336,5,5,32,1,1,shared_budget_conditioned,3456,2142.72,265,96,11503.72,11.234,True,7440.28,1,0,0,88.02,allow_initial_plan
costsim-00787,B7-lite,compact_7b_4bit,Compact 7B 4-bit VLM proxy,9000,4096,1344x1344,336x336,336x336,5,5,32,2,2,shared_budget_conditioned,3456,2142.72,310,96,11548.72,11.278,True,7395.28,2,0,0,96.02,allow_initial_plan
costsim-00788,B7-lite,compact_7b_4bit,Compact 7B 4-bit VLM proxy,9000,4096,1344x1344,336x336,336x336,5,5,32,4,4,shared_budget_conditioned,3456,2142.72,400,180,11722.72,11.448,True,7221.28,4,0,0,112.02,allow_initial_plan
costsim-00789,B7-lite,compact_7b_4bit,Compact 7B 4-bit VLM proxy,9000,4096,1344x1344,336x336,448x448,1,1,4,1,1,shared_budget_conditioned,1600,992.0,265,96,10353.0,10.11,True,8591.0,1,0,0,67.6,allow_initial_plan
costsim-00790,B7-lite,compact_7b_4bit,Compact 7B 4-bit VLM proxy,9000,4096,1344x1344,336x336,448x448,1,1,4,2,2,shared_budget_conditioned,1600,992.0,310,96,10398.0,10.154,True,8546.0,2,0,0,75.6,allow_initial_plan
costsim-00791,B7-lite,compact_7b_4bit,Compact 7B 4-bit VLM proxy,9000,4096,1344x1344,336x336,448x448,1,1,4,4,4,shared_budget_conditioned,1600,992.0,400,180,10572.0,10.324,True,8372.0,4,0,0,91.6,allow_initial_plan
costsim-00792,B7-lite,compact_7b_4bit,Compact 7B 4-bit VLM proxy,9000,4096,1344x1344,336x336,448x448,1,1,8,1,1,shared_budget_conditioned,1600,992.0,265,96,10353.0,10.11,True,8591.0,1,0,0,67.6,allow_initial_plan
costsim-00793,B7-lite,compact_7b_4bit,Compact 7B 4-bit VLM proxy,9000,4096,1344x1344,336x336,448x448,1,1,8,2,2,shared_budget_conditioned,1600,992.0,310,96,10398.0,10.154,True,8546.0,2,0,0,75.6,allow_initial_plan
costsim-00794,B7-lite,compact_7b_4bit,Compact 7B 4-bit VLM proxy,9000,4096,1344x1344,336x336,448x448,1,1,8,4,4,shared_budget_conditioned,1600,992.0,400,180,10572.0,10.324,True,8372.0,4,0,0,91.6,allow_initial_plan
costsim-00795,B7-lite,compact_7b_4bit,Compact 7B 4-bit VLM proxy,9000,4096,1344x1344,336x336,448x448,1,1,16,1,1,shared_budget_conditioned,1600,992.0,265,96,10353.0,10.11,True,8591.0,1,0,0,67.6,allow_initial_plan
costsim-00796,B7-lite,compact_7b_4bit,Compact 7B 4-bit VLM proxy,9000,4096,1344x1344,336x336,448x448,1,1,16,2,2,shared_budget_conditioned,1600,992.0,310,96,10398.0,10.154,True,8546.0,2,0,0,75.6,allow_initial_plan
costsim-00797,B7-lite,compact_7b_4bit,Compact 7B 4-bit VLM proxy,9000,4096,1344x1344,336x336,448x448,1,1,16,4,4,shared_budget_conditioned,1600,992.0,400,180,10572.0,10.324,True,8372.0,4,0,0,91.6,allow_initial_plan
costsim-00798,B7-lite,compact_7b_4bit,Compact 7B 4-bit VLM proxy,9000,4096,1344x1344,336x336,448x448,1,1,32,1,1,shared_budget_conditioned,1600,992.0,265,96,10353.0,10.11,True,8591.0,1,0,0,67.6,allow_initial_plan
costsim-00799,B7-lite,compact_7b_4bit,Compact 7B 4-bit VLM proxy,9000,4096,1344x1344,336x336,448x448,1,1,32,2,2,shared_budget_conditioned,1600,992.0,310,96,10398.0,10.154,True,8546.0,2,0,0,75.6,allow_initial_plan
costsim-00800,B7-lite,compact_7b_4bit,Compact 7B 4-bit VLM proxy,9000,4096,1344x1344,336x336,448x448,1,1,32,4,4,shared_budget_conditioned,1600,992.0,400,180,10572.0,10.324,True,8372.0,4,0,0,91.6,allow_initial_plan
costsim-00801,B7-lite,compact_7b_4bit,Compact 7B 4-bit VLM proxy,9000,4096,1344x1344,336x336,448x448,3,3,4,1,1,shared_budget_conditioned,3648,2261.76,265,96,11622.76,11.35,True,7321.24,1,0,0,90.13,allow_initial_plan
costsim-00802,B7-lite,compact_7b_4bit,Compact 7B 4-bit VLM proxy,9000,4096,1344x1344,336x336,448x448,3,3,4,2,2,shared_budget_conditioned,3648,2261.76,310,96,11667.76,11.394,True,7276.24,2,0,0,98.13,allow_initial_plan
costsim-00803,B7-lite,compact_7b_4bit,Compact 7B 4-bit VLM proxy,9000,4096,1344x1344,336x336,448x448,3,3,4,4,4,shared_budget_conditioned,3648,2261.76,400,180,11841.76,11.564,True,7102.24,4,0,0,114.13,allow_initial_plan
costsim-00804,B7-lite,compact_7b_4bit,Compact 7B 4-bit VLM proxy,9000,4096,1344x1344,336x336,448x448,3,3,8,1,1,shared_budget_conditioned,3648,2261.76,265,96,11622.76,11.35,True,7321.24,1,0,0,90.13,allow_initial_plan
costsim-00805,B7-lite,compact_7b_4bit,Compact 7B 4-bit VLM proxy,9000,4096,1344x1344,336x336,448x448,3,3,8,2,2,shared_budget_conditioned,3648,2261.76,310,96,11667.76,11.394,True,7276.24,2,0,0,98.13,allow_initial_plan
costsim-00806,B7-lite,compact_7b_4bit,Compact 7B 4-bit VLM proxy,9000,4096,1344x1344,336x336,448x448,3,3,8,4,4,shared_budget_conditioned,3648,2261.76,400,180,11841.76,11.564,True,7102.24,4,0,0,114.13,allow_initial_plan
costsim-00807,B7-lite,compact_7b_4bit,Compact 7B 4-bit VLM proxy,9000,4096,1344x1344,336x336,448x448,3,3,16,1,1,shared_budget_conditioned,3648,2261.76,265,96,11622.76,11.35,True,7321.24,1,0,0,90.13,allow_initial_plan
costsim-00808,B7-lite,compact_7b_4bit,Compact 7B 4-bit VLM proxy,9000,4096,1344x1344,336x336,448x448,3,3,16,2,2,shared_budget_conditioned,3648,2261.76,310,96,11667.76,11.394,True,7276.24,2,0,0,98.13,allow_initial_plan
costsim-00809,B7-lite,compact_7b_4bit,Compact 7B 4-bit VLM proxy,9000,4096,1344x1344,336x336,448x448,3,3,16,4,4,shared_budget_conditioned,3648,2261.76,400,180,11841.76,11.564,True,7102.24,4,0,0,114.13,allow_initial_plan
costsim-00810,B7-lite,compact_7b_4bit,Compact 7B 4-bit VLM proxy,9000,4096,1344x1344,336x336,448x448,3,3,32,1,1,shared_budget_conditioned,3648,2261.76,265,96,11622.76,11.35,True,7321.24,1,0,0,90.13,allow_initial_plan
costsim-00811,B7-lite,compact_7b_4bit,Compact 7B 4-bit VLM proxy,9000,4096,1344x1344,336x336,448x448,3,3,32,2,2,shared_budget_conditioned,3648,2261.76,310,96,11667.76,11.394,True,7276.24,2,0,0,98.13,allow_initial_plan
costsim-00812,B7-lite,compact_7b_4bit,Compact 7B 4-bit VLM proxy,9000,4096,1344x1344,336x336,448x448,3,3,32,4,4,shared_budget_conditioned,3648,2261.76,400,180,11841.76,11.564,True,7102.24,4,0,0,114.13,allow_initial_plan
costsim-00813,B7-lite,compact_7b_4bit,Compact 7B 4-bit VLM proxy,9000,4096,1344x1344,336x336,448x448,5,5,4,1,1,shared_budget_conditioned,5696,3531.52,265,96,12892.52,12.59,True,6051.48,1,0,0,112.66,allow_initial_plan
costsim-00814,B7-lite,compact_7b_4bit,Compact 7B 4-bit VLM proxy,9000,4096,1344x1344,336x336,448x448,5,5,4,2,2,shared_budget_conditioned,5696,3531.52,310,96,12937.52,12.634,True,6006.48,2,0,0,120.66,allow_initial_plan
costsim-00815,B7-lite,compact_7b_4bit,Compact 7B 4-bit VLM proxy,9000,4096,1344x1344,336x336,448x448,5,5,4,4,4,shared_budget_conditioned,5696,3531.52,400,180,13111.52,12.804,True,5832.48,4,0,0,136.66,allow_initial_plan
costsim-00816,B7-lite,compact_7b_4bit,Compact 7B 4-bit VLM proxy,9000,4096,1344x1344,336x336,448x448,5,5,8,1,1,shared_budget_conditioned,5696,3531.52,265,96,12892.52,12.59,True,6051.48,1,0,0,112.66,allow_initial_plan
costsim-00817,B7-lite,compact_7b_4bit,Compact 7B 4-bit VLM proxy,9000,4096,1344x1344,336x336,448x448,5,5,8,2,2,shared_budget_conditioned,5696,3531.52,310,96,12937.52,12.634,True,6006.48,2,0,0,120.66,allow_initial_plan
costsim-00818,B7-lite,compact_7b_4bit,Compact 7B 4-bit VLM proxy,9000,4096,1344x1344,336x336,448x448,5,5,8,4,4,shared_budget_conditioned,5696,3531.52,400,180,13111.52,12.804,True,5832.48,4,0,0,136.66,allow_initial_plan
costsim-00819,B7-lite,compact_7b_4bit,Compact 7B 4-bit VLM proxy,9000,4096,1344x1344,336x336,448x448,5,5,16,1,1,shared_budget_conditioned,5696,3531.52,265,96,12892.52,12.59,True,6051.48,1,0,0,112.66,allow_initial_plan
costsim-00820,B7-lite,compact_7b_4bit,Compact 7B 4-bit VLM proxy,9000,4096,1344x1344,336x336,448x448,5,5,16,2,2,shared_budget_conditioned,5696,3531.52,310,96,12937.52,12.634,True,6006.48,2,0,0,120.66,allow_initial_plan
costsim-00821,B7-lite,compact_7b_4bit,Compact 7B 4-bit VLM proxy,9000,4096,1344x1344,336x336,448x448,5,5,16,4,4,shared_budget_conditioned,5696,3531.52,400,180,13111.52,12.804,True,5832.48,4,0,0,136.66,allow_initial_plan
costsim-00822,B7-lite,compact_7b_4bit,Compact 7B 4-bit VLM proxy,9000,4096,1344x1344,336x336,448x448,5,5,32,1,1,shared_budget_conditioned,5696,3531.52,265,96,12892.52,12.59,True,6051.48,1,0,0,112.66,allow_initial_plan
costsim-00823,B7-lite,compact_7b_4bit,Compact 7B 4-bit VLM proxy,9000,4096,1344x1344,336x336,448x448,5,5,32,2,2,shared_budget_conditioned,5696,3531.52,310,96,12937.52,12.634,True,6006.48,2,0,0,120.66,allow_initial_plan
costsim-00824,B7-lite,compact_7b_4bit,Compact 7B 4-bit VLM proxy,9000,4096,1344x1344,336x336,448x448,5,5,32,4,4,shared_budget_conditioned,5696,3531.52,400,180,13111.52,12.804,True,5832.48,4,0,0,136.66,allow_initial_plan
costsim-00825,B7-lite,compact_7b_4bit,Compact 7B 4-bit VLM proxy,9000,4096,1344x1344,448x448,336x336,1,1,4,1,1,shared_budget_conditioned,1600,992.0,265,96,10353.0,10.11,True,8591.0,1,0,0,67.6,allow_initial_plan
costsim-00826,B7-lite,compact_7b_4bit,Compact 7B 4-bit VLM proxy,9000,4096,1344x1344,448x448,336x336,1,1,4,2,2,shared_budget_conditioned,1600,992.0,310,96,10398.0,10.154,True,8546.0,2,0,0,75.6,allow_initial_plan
costsim-00827,B7-lite,compact_7b_4bit,Compact 7B 4-bit VLM proxy,9000,4096,1344x1344,448x448,336x336,1,1,4,4,4,shared_budget_conditioned,1600,992.0,400,180,10572.0,10.324,True,8372.0,4,0,0,91.6,allow_initial_plan
costsim-00828,B7-lite,compact_7b_4bit,Compact 7B 4-bit VLM proxy,9000,4096,1344x1344,448x448,336x336,1,1,8,1,1,shared_budget_conditioned,1600,992.0,265,96,10353.0,10.11,True,8591.0,1,0,0,67.6,allow_initial_plan
costsim-00829,B7-lite,compact_7b_4bit,Compact 7B 4-bit VLM proxy,9000,4096,1344x1344,448x448,336x336,1,1,8,2,2,shared_budget_conditioned,1600,992.0,310,96,10398.0,10.154,True,8546.0,2,0,0,75.6,allow_initial_plan
costsim-00830,B7-lite,compact_7b_4bit,Compact 7B 4-bit VLM proxy,9000,4096,1344x1344,448x448,336x336,1,1,8,4,4,shared_budget_conditioned,1600,992.0,400,180,10572.0,10.324,True,8372.0,4,0,0,91.6,allow_initial_plan
costsim-00831,B7-lite,compact_7b_4bit,Compact 7B 4-bit VLM proxy,9000,4096,1344x1344,448x448,336x336,1,1,16,1,1,shared_budget_conditioned,1600,992.0,265,96,10353.0,10.11,True,8591.0,1,0,0,67.6,allow_initial_plan
costsim-00832,B7-lite,compact_7b_4bit,Compact 7B 4-bit VLM proxy,9000,4096,1344x1344,448x448,336x336,1,1,16,2,2,shared_budget_conditioned,1600,992.0,310,96,10398.0,10.154,True,8546.0,2,0,0,75.6,allow_initial_plan
costsim-00833,B7-lite,compact_7b_4bit,Compact 7B 4-bit VLM proxy,9000,4096,1344x1344,448x448,336x336,1,1,16,4,4,shared_budget_conditioned,1600,992.0,400,180,10572.0,10.324,True,8372.0,4,0,0,91.6,allow_initial_plan
costsim-00834,B7-lite,compact_7b_4bit,Compact 7B 4-bit VLM proxy,9000,4096,1344x1344,448x448,336x336,1,1,32,1,1,shared_budget_conditioned,1600,992.0,265,96,10353.0,10.11,True,8591.0,1,0,0,67.6,allow_initial_plan
costsim-00835,B7-lite,compact_7b_4bit,Compact 7B 4-bit VLM proxy,9000,4096,1344x1344,448x448,336x336,1,1,32,2,2,shared_budget_conditioned,1600,992.0,310,96,10398.0,10.154,True,8546.0,2,0,0,75.6,allow_initial_plan
costsim-00836,B7-lite,compact_7b_4bit,Compact 7B 4-bit VLM proxy,9000,4096,1344x1344,448x448,336x336,1,1,32,4,4,shared_budget_conditioned,1600,992.0,400,180,10572.0,10.324,True,8372.0,4,0,0,91.6,allow_initial_plan
costsim-00837,B7-lite,compact_7b_4bit,Compact 7B 4-bit VLM proxy,9000,4096,1344x1344,448x448,336x336,3,3,4,1,1,shared_budget_conditioned,2752,1706.24,265,96,11067.24,10.808,True,7876.76,1,0,0,80.27,allow_initial_plan
costsim-00838,B7-lite,compact_7b_4bit,Compact 7B 4-bit VLM proxy,9000,4096,1344x1344,448x448,336x336,3,3,4,2,2,shared_budget_conditioned,2752,1706.24,310,96,11112.24,10.852,True,7831.76,2,0,0,88.27,allow_initial_plan
costsim-00839,B7-lite,compact_7b_4bit,Compact 7B 4-bit VLM proxy,9000,4096,1344x1344,448x448,336x336,3,3,4,4,4,shared_budget_conditioned,2752,1706.24,400,180,11286.24,11.022,True,7657.76,4,0,0,104.27,allow_initial_plan
costsim-00840,B7-lite,compact_7b_4bit,Compact 7B 4-bit VLM proxy,9000,4096,1344x1344,448x448,336x336,3,3,8,1,1,shared_budget_conditioned,2752,1706.24,265,96,11067.24,10.808,True,7876.76,1,0,0,80.27,allow_initial_plan
costsim-00841,B7-lite,compact_7b_4bit,Compact 7B 4-bit VLM proxy,9000,4096,1344x1344,448x448,336x336,3,3,8,2,2,shared_budget_conditioned,2752,1706.24,310,96,11112.24,10.852,True,7831.76,2,0,0,88.27,allow_initial_plan
costsim-00842,B7-lite,compact_7b_4bit,Compact 7B 4-bit VLM proxy,9000,4096,1344x1344,448x448,336x336,3,3,8,4,4,shared_budget_conditioned,2752,1706.24,400,180,11286.24,11.022,True,7657.76,4,0,0,104.27,allow_initial_plan
costsim-00843,B7-lite,compact_7b_4bit,Compact 7B 4-bit VLM proxy,9000,4096,1344x1344,448x448,336x336,3,3,16,1,1,shared_budget_conditioned,2752,1706.24,265,96,11067.24,10.808,True,7876.76,1,0,0,80.27,allow_initial_plan
costsim-00844,B7-lite,compact_7b_4bit,Compact 7B 4-bit VLM proxy,9000,4096,1344x1344,448x448,336x336,3,3,16,2,2,shared_budget_conditioned,2752,1706.24,310,96,11112.24,10.852,True,7831.76,2,0,0,88.27,allow_initial_plan
costsim-00845,B7-lite,compact_7b_4bit,Compact 7B 4-bit VLM proxy,9000,4096,1344x1344,448x448,336x336,3,3,16,4,4,shared_budget_conditioned,2752,1706.24,400,180,11286.24,11.022,True,7657.76,4,0,0,104.27,allow_initial_plan
costsim-00846,B7-lite,compact_7b_4bit,Compact 7B 4-bit VLM proxy,9000,4096,1344x1344,448x448,336x336,3,3,32,1,1,shared_budget_conditioned,2752,1706.24,265,96,11067.24,10.808,True,7876.76,1,0,0,80.27,allow_initial_plan
costsim-00847,B7-lite,compact_7b_4bit,Compact 7B 4-bit VLM proxy,9000,4096,1344x1344,448x448,336x336,3,3,32,2,2,shared_budget_conditioned,2752,1706.24,310,96,11112.24,10.852,True,7831.76,2,0,0,88.27,allow_initial_plan
costsim-00848,B7-lite,compact_7b_4bit,Compact 7B 4-bit VLM proxy,9000,4096,1344x1344,448x448,336x336,3,3,32,4,4,shared_budget_conditioned,2752,1706.24,400,180,11286.24,11.022,True,7657.76,4,0,0,104.27,allow_initial_plan
costsim-00849,B7-lite,compact_7b_4bit,Compact 7B 4-bit VLM proxy,9000,4096,1344x1344,448x448,336x336,5,5,4,1,1,shared_budget_conditioned,3904,2420.48,265,96,11781.48,11.505,True,7162.52,1,0,0,92.94,allow_initial_plan
costsim-00850,B7-lite,compact_7b_4bit,Compact 7B 4-bit VLM proxy,9000,4096,1344x1344,448x448,336x336,5,5,4,2,2,shared_budget_conditioned,3904,2420.48,310,96,11826.48,11.549,True,7117.52,2,0,0,100.94,allow_initial_plan
costsim-00851,B7-lite,compact_7b_4bit,Compact 7B 4-bit VLM proxy,9000,4096,1344x1344,448x448,336x336,5,5,4,4,4,shared_budget_conditioned,3904,2420.48,400,180,12000.48,11.719,True,6943.52,4,0,0,116.94,allow_initial_plan
costsim-00852,B7-lite,compact_7b_4bit,Compact 7B 4-bit VLM proxy,9000,4096,1344x1344,448x448,336x336,5,5,8,1,1,shared_budget_conditioned,3904,2420.48,265,96,11781.48,11.505,True,7162.52,1,0,0,92.94,allow_initial_plan
costsim-00853,B7-lite,compact_7b_4bit,Compact 7B 4-bit VLM proxy,9000,4096,1344x1344,448x448,336x336,5,5,8,2,2,shared_budget_conditioned,3904,2420.48,310,96,11826.48,11.549,True,7117.52,2,0,0,100.94,allow_initial_plan
costsim-00854,B7-lite,compact_7b_4bit,Compact 7B 4-bit VLM proxy,9000,4096,1344x1344,448x448,336x336,5,5,8,4,4,shared_budget_conditioned,3904,2420.48,400,180,12000.48,11.719,True,6943.52,4,0,0,116.94,allow_initial_plan
costsim-00855,B7-lite,compact_7b_4bit,Compact 7B 4-bit VLM proxy,9000,4096,1344x1344,448x448,336x336,5,5,16,1,1,shared_budget_conditioned,3904,2420.48,265,96,11781.48,11.505,True,7162.52,1,0,0,92.94,allow_initial_plan
costsim-00856,B7-lite,compact_7b_4bit,Compact 7B 4-bit VLM proxy,9000,4096,1344x1344,448x448,336x336,5,5,16,2,2,shared_budget_conditioned,3904,2420.48,310,96,11826.48,11.549,True,7117.52,2,0,0,100.94,allow_initial_plan
costsim-00857,B7-lite,compact_7b_4bit,Compact 7B 4-bit VLM proxy,9000,4096,1344x1344,448x448,336x336,5,5,16,4,4,shared_budget_conditioned,3904,2420.48,400,180,12000.48,11.719,True,6943.52,4,0,0,116.94,allow_initial_plan
costsim-00858,B7-lite,compact_7b_4bit,Compact 7B 4-bit VLM proxy,9000,4096,1344x1344,448x448,336x336,5,5,32,1,1,shared_budget_conditioned,3904,2420.48,265,96,11781.48,11.505,True,7162.52,1,0,0,92.94,allow_initial_plan
costsim-00859,B7-lite,compact_7b_4bit,Compact 7B 4-bit VLM proxy,9000,4096,1344x1344,448x448,336x336,5,5,32,2,2,shared_budget_conditioned,3904,2420.48,310,96,11826.48,11.549,True,7117.52,2,0,0,100.94,allow_initial_plan
costsim-00860,B7-lite,compact_7b_4bit,Compact 7B 4-bit VLM proxy,9000,4096,1344x1344,448x448,336x336,5,5,32,4,4,shared_budget_conditioned,3904,2420.48,400,180,12000.48,11.719,True,6943.52,4,0,0,116.94,allow_initial_plan
costsim-00861,B7-lite,compact_7b_4bit,Compact 7B 4-bit VLM proxy,9000,4096,1344x1344,448x448,448x448,1,1,4,1,1,shared_budget_conditioned,2048,1269.76,265,96,10630.76,10.382,True,8313.24,1,0,0,72.53,allow_initial_plan
costsim-00862,B7-lite,compact_7b_4bit,Compact 7B 4-bit VLM proxy,9000,4096,1344x1344,448x448,448x448,1,1,4,2,2,shared_budget_conditioned,2048,1269.76,310,96,10675.76,10.426,True,8268.24,2,0,0,80.53,allow_initial_plan
costsim-00863,B7-lite,compact_7b_4bit,Compact 7B 4-bit VLM proxy,9000,4096,1344x1344,448x448,448x448,1,1,4,4,4,shared_budget_conditioned,2048,1269.76,400,180,10849.76,10.595,True,8094.24,4,0,0,96.53,allow_initial_plan
costsim-00864,B7-lite,compact_7b_4bit,Compact 7B 4-bit VLM proxy,9000,4096,1344x1344,448x448,448x448,1,1,8,1,1,shared_budget_conditioned,2048,1269.76,265,96,10630.76,10.382,True,8313.24,1,0,0,72.53,allow_initial_plan
costsim-00865,B7-lite,compact_7b_4bit,Compact 7B 4-bit VLM proxy,9000,4096,1344x1344,448x448,448x448,1,1,8,2,2,shared_budget_conditioned,2048,1269.76,310,96,10675.76,10.426,True,8268.24,2,0,0,80.53,allow_initial_plan
costsim-00866,B7-lite,compact_7b_4bit,Compact 7B 4-bit VLM proxy,9000,4096,1344x1344,448x448,448x448,1,1,8,4,4,shared_budget_conditioned,2048,1269.76,400,180,10849.76,10.595,True,8094.24,4,0,0,96.53,allow_initial_plan
costsim-00867,B7-lite,compact_7b_4bit,Compact 7B 4-bit VLM proxy,9000,4096,1344x1344,448x448,448x448,1,1,16,1,1,shared_budget_conditioned,2048,1269.76,265,96,10630.76,10.382,True,8313.24,1,0,0,72.53,allow_initial_plan
costsim-00868,B7-lite,compact_7b_4bit,Compact 7B 4-bit VLM proxy,9000,4096,1344x1344,448x448,448x448,1,1,16,2,2,shared_budget_conditioned,2048,1269.76,310,96,10675.76,10.426,True,8268.24,2,0,0,80.53,allow_initial_plan
costsim-00869,B7-lite,compact_7b_4bit,Compact 7B 4-bit VLM proxy,9000,4096,1344x1344,448x448,448x448,1,1,16,4,4,shared_budget_conditioned,2048,1269.76,400,180,10849.76,10.595,True,8094.24,4,0,0,96.53,allow_initial_plan
costsim-00870,B7-lite,compact_7b_4bit,Compact 7B 4-bit VLM proxy,9000,4096,1344x1344,448x448,448x448,1,1,32,1,1,shared_budget_conditioned,2048,1269.76,265,96,10630.76,10.382,True,8313.24,1,0,0,72.53,allow_initial_plan
costsim-00871,B7-lite,compact_7b_4bit,Compact 7B 4-bit VLM proxy,9000,4096,1344x1344,448x448,448x448,1,1,32,2,2,shared_budget_conditioned,2048,1269.76,310,96,10675.76,10.426,True,8268.24,2,0,0,80.53,allow_initial_plan
costsim-00872,B7-lite,compact_7b_4bit,Compact 7B 4-bit VLM proxy,9000,4096,1344x1344,448x448,448x448,1,1,32,4,4,shared_budget_conditioned,2048,1269.76,400,180,10849.76,10.595,True,8094.24,4,0,0,96.53,allow_initial_plan
costsim-00873,B7-lite,compact_7b_4bit,Compact 7B 4-bit VLM proxy,9000,4096,1344x1344,448x448,448x448,3,3,4,1,1,shared_budget_conditioned,4096,2539.52,265,96,11900.52,11.622,True,7043.48,1,0,0,95.06,allow_initial_plan
costsim-00874,B7-lite,compact_7b_4bit,Compact 7B 4-bit VLM proxy,9000,4096,1344x1344,448x448,448x448,3,3,4,2,2,shared_budget_conditioned,4096,2539.52,310,96,11945.52,11.666,True,6998.48,2,0,0,103.06,allow_initial_plan
costsim-00875,B7-lite,compact_7b_4bit,Compact 7B 4-bit VLM proxy,9000,4096,1344x1344,448x448,448x448,3,3,4,4,4,shared_budget_conditioned,4096,2539.52,400,180,12119.52,11.835,True,6824.48,4,0,0,119.06,allow_initial_plan
costsim-00876,B7-lite,compact_7b_4bit,Compact 7B 4-bit VLM proxy,9000,4096,1344x1344,448x448,448x448,3,3,8,1,1,shared_budget_conditioned,4096,2539.52,265,96,11900.52,11.622,True,7043.48,1,0,0,95.06,allow_initial_plan
costsim-00877,B7-lite,compact_7b_4bit,Compact 7B 4-bit VLM proxy,9000,4096,1344x1344,448x448,448x448,3,3,8,2,2,shared_budget_conditioned,4096,2539.52,310,96,11945.52,11.666,True,6998.48,2,0,0,103.06,allow_initial_plan
costsim-00878,B7-lite,compact_7b_4bit,Compact 7B 4-bit VLM proxy,9000,4096,1344x1344,448x448,448x448,3,3,8,4,4,shared_budget_conditioned,4096,2539.52,400,180,12119.52,11.835,True,6824.48,4,0,0,119.06,allow_initial_plan
costsim-00879,B7-lite,compact_7b_4bit,Compact 7B 4-bit VLM proxy,9000,4096,1344x1344,448x448,448x448,3,3,16,1,1,shared_budget_conditioned,4096,2539.52,265,96,11900.52,11.622,True,7043.48,1,0,0,95.06,allow_initial_plan
costsim-00880,B7-lite,compact_7b_4bit,Compact 7B 4-bit VLM proxy,9000,4096,1344x1344,448x448,448x448,3,3,16,2,2,shared_budget_conditioned,4096,2539.52,310,96,11945.52,11.666,True,6998.48,2,0,0,103.06,allow_initial_plan
costsim-00881,B7-lite,compact_7b_4bit,Compact 7B 4-bit VLM proxy,9000,4096,1344x1344,448x448,448x448,3,3,16,4,4,shared_budget_conditioned,4096,2539.52,400,180,12119.52,11.835,True,6824.48,4,0,0,119.06,allow_initial_plan
costsim-00882,B7-lite,compact_7b_4bit,Compact 7B 4-bit VLM proxy,9000,4096,1344x1344,448x448,448x448,3,3,32,1,1,shared_budget_conditioned,4096,2539.52,265,96,11900.52,11.622,True,7043.48,1,0,0,95.06,allow_initial_plan
costsim-00883,B7-lite,compact_7b_4bit,Compact 7B 4-bit VLM proxy,9000,4096,1344x1344,448x448,448x448,3,3,32,2,2,shared_budget_conditioned,4096,2539.52,310,96,11945.52,11.666,True,6998.48,2,0,0,103.06,allow_initial_plan
costsim-00884,B7-lite,compact_7b_4bit,Compact 7B 4-bit VLM proxy,9000,4096,1344x1344,448x448,448x448,3,3,32,4,4,shared_budget_conditioned,4096,2539.52,400,180,12119.52,11.835,True,6824.48,4,0,0,119.06,allow_initial_plan
costsim-00885,B7-lite,compact_7b_4bit,Compact 7B 4-bit VLM proxy,9000,4096,1344x1344,448x448,448x448,5,5,4,1,1,shared_budget_conditioned,6144,3809.28,265,96,13170.28,12.862,True,5773.72,1,0,0,117.58,allow_initial_plan
costsim-00886,B7-lite,compact_7b_4bit,Compact 7B 4-bit VLM proxy,9000,4096,1344x1344,448x448,448x448,5,5,4,2,2,shared_budget_conditioned,6144,3809.28,310,96,13215.28,12.906,True,5728.72,2,0,0,125.58,allow_initial_plan
costsim-00887,B7-lite,compact_7b_4bit,Compact 7B 4-bit VLM proxy,9000,4096,1344x1344,448x448,448x448,5,5,4,4,4,shared_budget_conditioned,6144,3809.28,400,180,13389.28,13.075,True,5554.72,4,0,0,141.58,allow_initial_plan
costsim-00888,B7-lite,compact_7b_4bit,Compact 7B 4-bit VLM proxy,9000,4096,1344x1344,448x448,448x448,5,5,8,1,1,shared_budget_conditioned,6144,3809.28,265,96,13170.28,12.862,True,5773.72,1,0,0,117.58,allow_initial_plan
costsim-00889,B7-lite,compact_7b_4bit,Compact 7B 4-bit VLM proxy,9000,4096,1344x1344,448x448,448x448,5,5,8,2,2,shared_budget_conditioned,6144,3809.28,310,96,13215.28,12.906,True,5728.72,2,0,0,125.58,allow_initial_plan
costsim-00890,B7-lite,compact_7b_4bit,Compact 7B 4-bit VLM proxy,9000,4096,1344x1344,448x448,448x448,5,5,8,4,4,shared_budget_conditioned,6144,3809.28,400,180,13389.28,13.075,True,5554.72,4,0,0,141.58,allow_initial_plan
costsim-00891,B7-lite,compact_7b_4bit,Compact 7B 4-bit VLM proxy,9000,4096,1344x1344,448x448,448x448,5,5,16,1,1,shared_budget_conditioned,6144,3809.28,265,96,13170.28,12.862,True,5773.72,1,0,0,117.58,allow_initial_plan
costsim-00892,B7-lite,compact_7b_4bit,Compact 7B 4-bit VLM proxy,9000,4096,1344x1344,448x448,448x448,5,5,16,2,2,shared_budget_conditioned,6144,3809.28,310,96,13215.28,12.906,True,5728.72,2,0,0,125.58,allow_initial_plan
costsim-00893,B7-lite,compact_7b_4bit,Compact 7B 4-bit VLM proxy,9000,4096,1344x1344,448x448,448x448,5,5,16,4,4,shared_budget_conditioned,6144,3809.28,400,180,13389.28,13.075,True,5554.72,4,0,0,141.58,allow_initial_plan
costsim-00894,B7-lite,compact_7b_4bit,Compact 7B 4-bit VLM proxy,9000,4096,1344x1344,448x448,448x448,5,5,32,1,1,shared_budget_conditioned,6144,3809.28,265,96,13170.28,12.862,True,5773.72,1,0,0,117.58,allow_initial_plan
costsim-00895,B7-lite,compact_7b_4bit,Compact 7B 4-bit VLM proxy,9000,4096,1344x1344,448x448,448x448,5,5,32,2,2,shared_budget_conditioned,6144,3809.28,310,96,13215.28,12.906,True,5728.72,2,0,0,125.58,allow_initial_plan
costsim-00896,B7-lite,compact_7b_4bit,Compact 7B 4-bit VLM proxy,9000,4096,1344x1344,448x448,448x448,5,5,32,4,4,shared_budget_conditioned,6144,3809.28,400,180,13389.28,13.075,True,5554.72,4,0,0,141.58,allow_initial_plan
costsim-00897,B0,compact_7b_4bit,Compact 7B 4-bit VLM proxy,9000,6144,1344x1344,336x336,336x336,0,0,0,0,0,none,576,357.12,0.0,0.0,9357.12,9.138,True,7538.88,0,0,0,48.34,n/a
costsim-00898,B0,compact_7b_4bit,Compact 7B 4-bit VLM proxy,9000,6144,1344x1344,448x448,336x336,0,0,0,0,0,none,1024,634.88,0.0,0.0,9634.88,9.409,True,7261.12,0,0,0,53.26,n/a
costsim-00899,B1,compact_7b_4bit,Compact 7B 4-bit VLM proxy,9000,6144,1024x1024,336x336,336x336,0,0,0,0,0,none,5476,3395.12,0.0,0.0,12395.12,12.105,True,4500.88,0,0,0,102.24,n/a
costsim-00900,B1,compact_7b_4bit,Compact 7B 4-bit VLM proxy,9000,6144,1344x1344,336x336,336x336,0,0,0,0,0,none,9216,5713.92,0.0,0.0,14713.92,14.369,True,2182.08,0,0,0,143.38,n/a
costsim-00901,B2,compact_7b_4bit,Compact 7B 4-bit VLM proxy,9000,6144,1344x1344,336x336,336x336,1,1,0,0,0,none,1152,714.24,0.0,0.0,9714.24,9.487,True,7181.76,0,0,0,54.67,n/a
costsim-00902,B2,compact_7b_4bit,Compact 7B 4-bit VLM proxy,9000,6144,1344x1344,336x336,336x336,3,3,0,0,0,none,2304,1428.48,0.0,0.0,10428.48,10.184,True,6467.52,0,0,0,67.34,n/a
costsim-00903,B2,compact_7b_4bit,Compact 7B 4-bit VLM proxy,9000,6144,1344x1344,336x336,336x336,5,5,0,0,0,none,3456,2142.72,0.0,0.0,11142.72,10.882,True,5753.28,0,0,0,80.02,n/a
costsim-00904,B2,compact_7b_4bit,Compact 7B 4-bit VLM proxy,9000,6144,1344x1344,336x336,448x448,1,1,0,0,0,none,1600,992.0,0.0,0.0,9992.0,9.758,True,6904.0,0,0,0,59.6,n/a
costsim-00905,B2,compact_7b_4bit,Compact 7B 4-bit VLM proxy,9000,6144,1344x1344,336x336,448x448,3,3,0,0,0,none,3648,2261.76,0.0,0.0,11261.76,10.998,True,5634.24,0,0,0,82.13,n/a
costsim-00906,B2,compact_7b_4bit,Compact 7B 4-bit VLM proxy,9000,6144,1344x1344,336x336,448x448,5,5,0,0,0,none,5696,3531.52,0.0,0.0,12531.52,12.238,True,4364.48,0,0,0,104.66,n/a
costsim-00907,B2,compact_7b_4bit,Compact 7B 4-bit VLM proxy,9000,6144,1344x1344,448x448,336x336,1,1,0,0,0,none,1600,992.0,0.0,0.0,9992.0,9.758,True,6904.0,0,0,0,59.6,n/a
costsim-00908,B2,compact_7b_4bit,Compact 7B 4-bit VLM proxy,9000,6144,1344x1344,448x448,336x336,3,3,0,0,0,none,2752,1706.24,0.0,0.0,10706.24,10.455,True,6189.76,0,0,0,72.27,n/a
costsim-00909,B2,compact_7b_4bit,Compact 7B 4-bit VLM proxy,9000,6144,1344x1344,448x448,336x336,5,5,0,0,0,none,3904,2420.48,0.0,0.0,11420.48,11.153,True,5475.52,0,0,0,84.94,n/a
costsim-00910,B2,compact_7b_4bit,Compact 7B 4-bit VLM proxy,9000,6144,1344x1344,448x448,448x448,1,1,0,0,0,none,2048,1269.76,0.0,0.0,10269.76,10.029,True,6626.24,0,0,0,64.53,n/a
costsim-00911,B2,compact_7b_4bit,Compact 7B 4-bit VLM proxy,9000,6144,1344x1344,448x448,448x448,3,3,0,0,0,none,4096,2539.52,0.0,0.0,11539.52,11.269,True,5356.48,0,0,0,87.06,n/a
costsim-00912,B2,compact_7b_4bit,Compact 7B 4-bit VLM proxy,9000,6144,1344x1344,448x448,448x448,5,5,0,0,0,none,6144,3809.28,0.0,0.0,12809.28,12.509,True,4086.72,0,0,0,109.58,n/a
costsim-00913,B4-lite,compact_7b_4bit,Compact 7B 4-bit VLM proxy,9000,6144,1344x1344,336x336,336x336,1,1,4,1,1,independent_all_resident,1152,714.24,720,96,10530.24,10.283,True,6365.76,1,0,0,72.67,n/a
costsim-00914,B4-lite,compact_7b_4bit,Compact 7B 4-bit VLM proxy,9000,6144,1344x1344,336x336,336x336,1,1,4,2,2,independent_all_resident,1152,714.24,720,96,10530.24,10.283,True,6365.76,2,0,0,90.67,n/a
costsim-00915,B4-lite,compact_7b_4bit,Compact 7B 4-bit VLM proxy,9000,6144,1344x1344,336x336,336x336,1,1,4,4,4,independent_all_resident,1152,714.24,720,96,10530.24,10.283,True,6365.76,4,0,0,126.67,n/a
costsim-00916,B4-lite,compact_7b_4bit,Compact 7B 4-bit VLM proxy,9000,6144,1344x1344,336x336,336x336,1,1,8,1,1,independent_all_resident,1152,714.24,1440,96,11250.24,10.987,True,5645.76,1,0,0,72.67,n/a
costsim-00917,B4-lite,compact_7b_4bit,Compact 7B 4-bit VLM proxy,9000,6144,1344x1344,336x336,336x336,1,1,8,2,2,independent_all_resident,1152,714.24,1440,96,11250.24,10.987,True,5645.76,2,0,0,90.67,n/a
costsim-00918,B4-lite,compact_7b_4bit,Compact 7B 4-bit VLM proxy,9000,6144,1344x1344,336x336,336x336,1,1,8,4,4,independent_all_resident,1152,714.24,1440,96,11250.24,10.987,True,5645.76,4,0,0,126.67,n/a
costsim-00919,B4-lite,compact_7b_4bit,Compact 7B 4-bit VLM proxy,9000,6144,1344x1344,336x336,336x336,1,1,16,1,1,independent_all_resident,1152,714.24,2880,96,12690.24,12.393,True,4205.76,1,0,0,72.67,n/a
costsim-00920,B4-lite,compact_7b_4bit,Compact 7B 4-bit VLM proxy,9000,6144,1344x1344,336x336,336x336,1,1,16,2,2,independent_all_resident,1152,714.24,2880,96,12690.24,12.393,True,4205.76,2,0,0,90.67,n/a
costsim-00921,B4-lite,compact_7b_4bit,Compact 7B 4-bit VLM proxy,9000,6144,1344x1344,336x336,336x336,1,1,16,4,4,independent_all_resident,1152,714.24,2880,96,12690.24,12.393,True,4205.76,4,0,0,126.67,n/a
costsim-00922,B4-lite,compact_7b_4bit,Compact 7B 4-bit VLM proxy,9000,6144,1344x1344,336x336,336x336,1,1,32,1,1,independent_all_resident,1152,714.24,5760,96,15570.24,15.205,True,1325.76,1,0,0,72.67,n/a
costsim-00923,B4-lite,compact_7b_4bit,Compact 7B 4-bit VLM proxy,9000,6144,1344x1344,336x336,336x336,1,1,32,2,2,independent_all_resident,1152,714.24,5760,96,15570.24,15.205,True,1325.76,2,0,0,90.67,n/a
costsim-00924,B4-lite,compact_7b_4bit,Compact 7B 4-bit VLM proxy,9000,6144,1344x1344,336x336,336x336,1,1,32,4,4,independent_all_resident,1152,714.24,5760,96,15570.24,15.205,True,1325.76,4,0,0,126.67,n/a
costsim-00925,B4-lite,compact_7b_4bit,Compact 7B 4-bit VLM proxy,9000,6144,1344x1344,336x336,336x336,3,3,4,1,1,independent_all_resident,2304,1428.48,720,96,11244.48,10.981,True,5651.52,1,0,0,85.34,n/a
costsim-00926,B4-lite,compact_7b_4bit,Compact 7B 4-bit VLM proxy,9000,6144,1344x1344,336x336,336x336,3,3,4,2,2,independent_all_resident,2304,1428.48,720,96,11244.48,10.981,True,5651.52,2,0,0,103.34,n/a
costsim-00927,B4-lite,compact_7b_4bit,Compact 7B 4-bit VLM proxy,9000,6144,1344x1344,336x336,336x336,3,3,4,4,4,independent_all_resident,2304,1428.48,720,96,11244.48,10.981,True,5651.52,4,0,0,139.34,n/a
costsim-00928,B4-lite,compact_7b_4bit,Compact 7B 4-bit VLM proxy,9000,6144,1344x1344,336x336,336x336,3,3,8,1,1,independent_all_resident,2304,1428.48,1440,96,11964.48,11.684,True,4931.52,1,0,0,85.34,n/a
costsim-00929,B4-lite,compact_7b_4bit,Compact 7B 4-bit VLM proxy,9000,6144,1344x1344,336x336,336x336,3,3,8,2,2,independent_all_resident,2304,1428.48,1440,96,11964.48,11.684,True,4931.52,2,0,0,103.34,n/a
costsim-00930,B4-lite,compact_7b_4bit,Compact 7B 4-bit VLM proxy,9000,6144,1344x1344,336x336,336x336,3,3,8,4,4,independent_all_resident,2304,1428.48,1440,96,11964.48,11.684,True,4931.52,4,0,0,139.34,n/a
costsim-00931,B4-lite,compact_7b_4bit,Compact 7B 4-bit VLM proxy,9000,6144,1344x1344,336x336,336x336,3,3,16,1,1,independent_all_resident,2304,1428.48,2880,96,13404.48,13.09,True,3491.52,1,0,0,85.34,n/a
costsim-00932,B4-lite,compact_7b_4bit,Compact 7B 4-bit VLM proxy,9000,6144,1344x1344,336x336,336x336,3,3,16,2,2,independent_all_resident,2304,1428.48,2880,96,13404.48,13.09,True,3491.52,2,0,0,103.34,n/a
costsim-00933,B4-lite,compact_7b_4bit,Compact 7B 4-bit VLM proxy,9000,6144,1344x1344,336x336,336x336,3,3,16,4,4,independent_all_resident,2304,1428.48,2880,96,13404.48,13.09,True,3491.52,4,0,0,139.34,n/a
costsim-00934,B4-lite,compact_7b_4bit,Compact 7B 4-bit VLM proxy,9000,6144,1344x1344,336x336,336x336,3,3,32,1,1,independent_all_resident,2304,1428.48,5760,96,16284.48,15.903,True,611.52,1,0,0,85.34,n/a
costsim-00935,B4-lite,compact_7b_4bit,Compact 7B 4-bit VLM proxy,9000,6144,1344x1344,336x336,336x336,3,3,32,2,2,independent_all_resident,2304,1428.48,5760,96,16284.48,15.903,True,611.52,2,0,0,103.34,n/a
costsim-00936,B4-lite,compact_7b_4bit,Compact 7B 4-bit VLM proxy,9000,6144,1344x1344,336x336,336x336,3,3,32,4,4,independent_all_resident,2304,1428.48,5760,96,16284.48,15.903,True,611.52,4,0,0,139.34,n/a
costsim-00937,B4-lite,compact_7b_4bit,Compact 7B 4-bit VLM proxy,9000,6144,1344x1344,336x336,336x336,5,5,4,1,1,independent_all_resident,3456,2142.72,720,96,11958.72,11.678,True,4937.28,1,0,0,98.02,n/a
costsim-00938,B4-lite,compact_7b_4bit,Compact 7B 4-bit VLM proxy,9000,6144,1344x1344,336x336,336x336,5,5,4,2,2,independent_all_resident,3456,2142.72,720,96,11958.72,11.678,True,4937.28,2,0,0,116.02,n/a
costsim-00939,B4-lite,compact_7b_4bit,Compact 7B 4-bit VLM proxy,9000,6144,1344x1344,336x336,336x336,5,5,4,4,4,independent_all_resident,3456,2142.72,720,96,11958.72,11.678,True,4937.28,4,0,0,152.02,n/a
costsim-00940,B4-lite,compact_7b_4bit,Compact 7B 4-bit VLM proxy,9000,6144,1344x1344,336x336,336x336,5,5,8,1,1,independent_all_resident,3456,2142.72,1440,96,12678.72,12.382,True,4217.28,1,0,0,98.02,n/a
costsim-00941,B4-lite,compact_7b_4bit,Compact 7B 4-bit VLM proxy,9000,6144,1344x1344,336x336,336x336,5,5,8,2,2,independent_all_resident,3456,2142.72,1440,96,12678.72,12.382,True,4217.28,2,0,0,116.02,n/a
costsim-00942,B4-lite,compact_7b_4bit,Compact 7B 4-bit VLM proxy,9000,6144,1344x1344,336x336,336x336,5,5,8,4,4,independent_all_resident,3456,2142.72,1440,96,12678.72,12.382,True,4217.28,4,0,0,152.02,n/a
costsim-00943,B4-lite,compact_7b_4bit,Compact 7B 4-bit VLM proxy,9000,6144,1344x1344,336x336,336x336,5,5,16,1,1,independent_all_resident,3456,2142.72,2880,96,14118.72,13.788,True,2777.28,1,0,0,98.02,n/a
costsim-00944,B4-lite,compact_7b_4bit,Compact 7B 4-bit VLM proxy,9000,6144,1344x1344,336x336,336x336,5,5,16,2,2,independent_all_resident,3456,2142.72,2880,96,14118.72,13.788,True,2777.28,2,0,0,116.02,n/a
costsim-00945,B4-lite,compact_7b_4bit,Compact 7B 4-bit VLM proxy,9000,6144,1344x1344,336x336,336x336,5,5,16,4,4,independent_all_resident,3456,2142.72,2880,96,14118.72,13.788,True,2777.28,4,0,0,152.02,n/a
costsim-00946,B4-lite,compact_7b_4bit,Compact 7B 4-bit VLM proxy,9000,6144,1344x1344,336x336,336x336,5,5,32,1,1,independent_all_resident,3456,2142.72,5760,96,16998.72,16.6,False,-102.72,1,0,0,98.02,n/a
costsim-00947,B4-lite,compact_7b_4bit,Compact 7B 4-bit VLM proxy,9000,6144,1344x1344,336x336,336x336,5,5,32,2,2,independent_all_resident,3456,2142.72,5760,96,16998.72,16.6,False,-102.72,2,0,0,116.02,n/a
costsim-00948,B4-lite,compact_7b_4bit,Compact 7B 4-bit VLM proxy,9000,6144,1344x1344,336x336,336x336,5,5,32,4,4,independent_all_resident,3456,2142.72,5760,96,16998.72,16.6,False,-102.72,4,0,0,152.02,n/a
costsim-00949,B4-lite,compact_7b_4bit,Compact 7B 4-bit VLM proxy,9000,6144,1344x1344,336x336,448x448,1,1,4,1,1,independent_all_resident,1600,992.0,720,96,10808.0,10.555,True,6088.0,1,0,0,77.6,n/a
costsim-00950,B4-lite,compact_7b_4bit,Compact 7B 4-bit VLM proxy,9000,6144,1344x1344,336x336,448x448,1,1,4,2,2,independent_all_resident,1600,992.0,720,96,10808.0,10.555,True,6088.0,2,0,0,95.6,n/a
costsim-00951,B4-lite,compact_7b_4bit,Compact 7B 4-bit VLM proxy,9000,6144,1344x1344,336x336,448x448,1,1,4,4,4,independent_all_resident,1600,992.0,720,96,10808.0,10.555,True,6088.0,4,0,0,131.6,n/a
costsim-00952,B4-lite,compact_7b_4bit,Compact 7B 4-bit VLM proxy,9000,6144,1344x1344,336x336,448x448,1,1,8,1,1,independent_all_resident,1600,992.0,1440,96,11528.0,11.258,True,5368.0,1,0,0,77.6,n/a
costsim-00953,B4-lite,compact_7b_4bit,Compact 7B 4-bit VLM proxy,9000,6144,1344x1344,336x336,448x448,1,1,8,2,2,independent_all_resident,1600,992.0,1440,96,11528.0,11.258,True,5368.0,2,0,0,95.6,n/a
costsim-00954,B4-lite,compact_7b_4bit,Compact 7B 4-bit VLM proxy,9000,6144,1344x1344,336x336,448x448,1,1,8,4,4,independent_all_resident,1600,992.0,1440,96,11528.0,11.258,True,5368.0,4,0,0,131.6,n/a
costsim-00955,B4-lite,compact_7b_4bit,Compact 7B 4-bit VLM proxy,9000,6144,1344x1344,336x336,448x448,1,1,16,1,1,independent_all_resident,1600,992.0,2880,96,12968.0,12.664,True,3928.0,1,0,0,77.6,n/a
costsim-00956,B4-lite,compact_7b_4bit,Compact 7B 4-bit VLM proxy,9000,6144,1344x1344,336x336,448x448,1,1,16,2,2,independent_all_resident,1600,992.0,2880,96,12968.0,12.664,True,3928.0,2,0,0,95.6,n/a
costsim-00957,B4-lite,compact_7b_4bit,Compact 7B 4-bit VLM proxy,9000,6144,1344x1344,336x336,448x448,1,1,16,4,4,independent_all_resident,1600,992.0,2880,96,12968.0,12.664,True,3928.0,4,0,0,131.6,n/a
costsim-00958,B4-lite,compact_7b_4bit,Compact 7B 4-bit VLM proxy,9000,6144,1344x1344,336x336,448x448,1,1,32,1,1,independent_all_resident,1600,992.0,5760,96,15848.0,15.477,True,1048.0,1,0,0,77.6,n/a
costsim-00959,B4-lite,compact_7b_4bit,Compact 7B 4-bit VLM proxy,9000,6144,1344x1344,336x336,448x448,1,1,32,2,2,independent_all_resident,1600,992.0,5760,96,15848.0,15.477,True,1048.0,2,0,0,95.6,n/a
costsim-00960,B4-lite,compact_7b_4bit,Compact 7B 4-bit VLM proxy,9000,6144,1344x1344,336x336,448x448,1,1,32,4,4,independent_all_resident,1600,992.0,5760,96,15848.0,15.477,True,1048.0,4,0,0,131.6,n/a
costsim-00961,B4-lite,compact_7b_4bit,Compact 7B 4-bit VLM proxy,9000,6144,1344x1344,336x336,448x448,3,3,4,1,1,independent_all_resident,3648,2261.76,720,96,12077.76,11.795,True,4818.24,1,0,0,100.13,n/a
costsim-00962,B4-lite,compact_7b_4bit,Compact 7B 4-bit VLM proxy,9000,6144,1344x1344,336x336,448x448,3,3,4,2,2,independent_all_resident,3648,2261.76,720,96,12077.76,11.795,True,4818.24,2,0,0,118.13,n/a
costsim-00963,B4-lite,compact_7b_4bit,Compact 7B 4-bit VLM proxy,9000,6144,1344x1344,336x336,448x448,3,3,4,4,4,independent_all_resident,3648,2261.76,720,96,12077.76,11.795,True,4818.24,4,0,0,154.13,n/a
costsim-00964,B4-lite,compact_7b_4bit,Compact 7B 4-bit VLM proxy,9000,6144,1344x1344,336x336,448x448,3,3,8,1,1,independent_all_resident,3648,2261.76,1440,96,12797.76,12.498,True,4098.24,1,0,0,100.13,n/a
costsim-00965,B4-lite,compact_7b_4bit,Compact 7B 4-bit VLM proxy,9000,6144,1344x1344,336x336,448x448,3,3,8,2,2,independent_all_resident,3648,2261.76,1440,96,12797.76,12.498,True,4098.24,2,0,0,118.13,n/a
costsim-00966,B4-lite,compact_7b_4bit,Compact 7B 4-bit VLM proxy,9000,6144,1344x1344,336x336,448x448,3,3,8,4,4,independent_all_resident,3648,2261.76,1440,96,12797.76,12.498,True,4098.24,4,0,0,154.13,n/a
costsim-00967,B4-lite,compact_7b_4bit,Compact 7B 4-bit VLM proxy,9000,6144,1344x1344,336x336,448x448,3,3,16,1,1,independent_all_resident,3648,2261.76,2880,96,14237.76,13.904,True,2658.24,1,0,0,100.13,n/a
costsim-00968,B4-lite,compact_7b_4bit,Compact 7B 4-bit VLM proxy,9000,6144,1344x1344,336x336,448x448,3,3,16,2,2,independent_all_resident,3648,2261.76,2880,96,14237.76,13.904,True,2658.24,2,0,0,118.13,n/a
costsim-00969,B4-lite,compact_7b_4bit,Compact 7B 4-bit VLM proxy,9000,6144,1344x1344,336x336,448x448,3,3,16,4,4,independent_all_resident,3648,2261.76,2880,96,14237.76,13.904,True,2658.24,4,0,0,154.13,n/a
costsim-00970,B4-lite,compact_7b_4bit,Compact 7B 4-bit VLM proxy,9000,6144,1344x1344,336x336,448x448,3,3,32,1,1,independent_all_resident,3648,2261.76,5760,96,17117.76,16.717,False,-221.76,1,0,0,100.13,n/a
costsim-00971,B4-lite,compact_7b_4bit,Compact 7B 4-bit VLM proxy,9000,6144,1344x1344,336x336,448x448,3,3,32,2,2,independent_all_resident,3648,2261.76,5760,96,17117.76,16.717,False,-221.76,2,0,0,118.13,n/a
costsim-00972,B4-lite,compact_7b_4bit,Compact 7B 4-bit VLM proxy,9000,6144,1344x1344,336x336,448x448,3,3,32,4,4,independent_all_resident,3648,2261.76,5760,96,17117.76,16.717,False,-221.76,4,0,0,154.13,n/a
costsim-00973,B4-lite,compact_7b_4bit,Compact 7B 4-bit VLM proxy,9000,6144,1344x1344,336x336,448x448,5,5,4,1,1,independent_all_resident,5696,3531.52,720,96,13347.52,13.035,True,3548.48,1,0,0,122.66,n/a
costsim-00974,B4-lite,compact_7b_4bit,Compact 7B 4-bit VLM proxy,9000,6144,1344x1344,336x336,448x448,5,5,4,2,2,independent_all_resident,5696,3531.52,720,96,13347.52,13.035,True,3548.48,2,0,0,140.66,n/a
costsim-00975,B4-lite,compact_7b_4bit,Compact 7B 4-bit VLM proxy,9000,6144,1344x1344,336x336,448x448,5,5,4,4,4,independent_all_resident,5696,3531.52,720,96,13347.52,13.035,True,3548.48,4,0,0,176.66,n/a
costsim-00976,B4-lite,compact_7b_4bit,Compact 7B 4-bit VLM proxy,9000,6144,1344x1344,336x336,448x448,5,5,8,1,1,independent_all_resident,5696,3531.52,1440,96,14067.52,13.738,True,2828.48,1,0,0,122.66,n/a
costsim-00977,B4-lite,compact_7b_4bit,Compact 7B 4-bit VLM proxy,9000,6144,1344x1344,336x336,448x448,5,5,8,2,2,independent_all_resident,5696,3531.52,1440,96,14067.52,13.738,True,2828.48,2,0,0,140.66,n/a
costsim-00978,B4-lite,compact_7b_4bit,Compact 7B 4-bit VLM proxy,9000,6144,1344x1344,336x336,448x448,5,5,8,4,4,independent_all_resident,5696,3531.52,1440,96,14067.52,13.738,True,2828.48,4,0,0,176.66,n/a
costsim-00979,B4-lite,compact_7b_4bit,Compact 7B 4-bit VLM proxy,9000,6144,1344x1344,336x336,448x448,5,5,16,1,1,independent_all_resident,5696,3531.52,2880,96,15507.52,15.144,True,1388.48,1,0,0,122.66,n/a
costsim-00980,B4-lite,compact_7b_4bit,Compact 7B 4-bit VLM proxy,9000,6144,1344x1344,336x336,448x448,5,5,16,2,2,independent_all_resident,5696,3531.52,2880,96,15507.52,15.144,True,1388.48,2,0,0,140.66,n/a
costsim-00981,B4-lite,compact_7b_4bit,Compact 7B 4-bit VLM proxy,9000,6144,1344x1344,336x336,448x448,5,5,16,4,4,independent_all_resident,5696,3531.52,2880,96,15507.52,15.144,True,1388.48,4,0,0,176.66,n/a
costsim-00982,B4-lite,compact_7b_4bit,Compact 7B 4-bit VLM proxy,9000,6144,1344x1344,336x336,448x448,5,5,32,1,1,independent_all_resident,5696,3531.52,5760,96,18387.52,17.957,False,-1491.52,1,0,0,122.66,n/a
costsim-00983,B4-lite,compact_7b_4bit,Compact 7B 4-bit VLM proxy,9000,6144,1344x1344,336x336,448x448,5,5,32,2,2,independent_all_resident,5696,3531.52,5760,96,18387.52,17.957,False,-1491.52,2,0,0,140.66,n/a
costsim-00984,B4-lite,compact_7b_4bit,Compact 7B 4-bit VLM proxy,9000,6144,1344x1344,336x336,448x448,5,5,32,4,4,independent_all_resident,5696,3531.52,5760,96,18387.52,17.957,False,-1491.52,4,0,0,176.66,n/a
costsim-00985,B4-lite,compact_7b_4bit,Compact 7B 4-bit VLM proxy,9000,6144,1344x1344,448x448,336x336,1,1,4,1,1,independent_all_resident,1600,992.0,720,96,10808.0,10.555,True,6088.0,1,0,0,77.6,n/a
costsim-00986,B4-lite,compact_7b_4bit,Compact 7B 4-bit VLM proxy,9000,6144,1344x1344,448x448,336x336,1,1,4,2,2,independent_all_resident,1600,992.0,720,96,10808.0,10.555,True,6088.0,2,0,0,95.6,n/a
costsim-00987,B4-lite,compact_7b_4bit,Compact 7B 4-bit VLM proxy,9000,6144,1344x1344,448x448,336x336,1,1,4,4,4,independent_all_resident,1600,992.0,720,96,10808.0,10.555,True,6088.0,4,0,0,131.6,n/a
costsim-00988,B4-lite,compact_7b_4bit,Compact 7B 4-bit VLM proxy,9000,6144,1344x1344,448x448,336x336,1,1,8,1,1,independent_all_resident,1600,992.0,1440,96,11528.0,11.258,True,5368.0,1,0,0,77.6,n/a
costsim-00989,B4-lite,compact_7b_4bit,Compact 7B 4-bit VLM proxy,9000,6144,1344x1344,448x448,336x336,1,1,8,2,2,independent_all_resident,1600,992.0,1440,96,11528.0,11.258,True,5368.0,2,0,0,95.6,n/a
costsim-00990,B4-lite,compact_7b_4bit,Compact 7B 4-bit VLM proxy,9000,6144,1344x1344,448x448,336x336,1,1,8,4,4,independent_all_resident,1600,992.0,1440,96,11528.0,11.258,True,5368.0,4,0,0,131.6,n/a
costsim-00991,B4-lite,compact_7b_4bit,Compact 7B 4-bit VLM proxy,9000,6144,1344x1344,448x448,336x336,1,1,16,1,1,independent_all_resident,1600,992.0,2880,96,12968.0,12.664,True,3928.0,1,0,0,77.6,n/a
costsim-00992,B4-lite,compact_7b_4bit,Compact 7B 4-bit VLM proxy,9000,6144,1344x1344,448x448,336x336,1,1,16,2,2,independent_all_resident,1600,992.0,2880,96,12968.0,12.664,True,3928.0,2,0,0,95.6,n/a
costsim-00993,B4-lite,compact_7b_4bit,Compact 7B 4-bit VLM proxy,9000,6144,1344x1344,448x448,336x336,1,1,16,4,4,independent_all_resident,1600,992.0,2880,96,12968.0,12.664,True,3928.0,4,0,0,131.6,n/a
costsim-00994,B4-lite,compact_7b_4bit,Compact 7B 4-bit VLM proxy,9000,6144,1344x1344,448x448,336x336,1,1,32,1,1,independent_all_resident,1600,992.0,5760,96,15848.0,15.477,True,1048.0,1,0,0,77.6,n/a
costsim-00995,B4-lite,compact_7b_4bit,Compact 7B 4-bit VLM proxy,9000,6144,1344x1344,448x448,336x336,1,1,32,2,2,independent_all_resident,1600,992.0,5760,96,15848.0,15.477,True,1048.0,2,0,0,95.6,n/a
costsim-00996,B4-lite,compact_7b_4bit,Compact 7B 4-bit VLM proxy,9000,6144,1344x1344,448x448,336x336,1,1,32,4,4,independent_all_resident,1600,992.0,5760,96,15848.0,15.477,True,1048.0,4,0,0,131.6,n/a
costsim-00997,B4-lite,compact_7b_4bit,Compact 7B 4-bit VLM proxy,9000,6144,1344x1344,448x448,336x336,3,3,4,1,1,independent_all_resident,2752,1706.24,720,96,11522.24,11.252,True,5373.76,1,0,0,90.27,n/a
costsim-00998,B4-lite,compact_7b_4bit,Compact 7B 4-bit VLM proxy,9000,6144,1344x1344,448x448,336x336,3,3,4,2,2,independent_all_resident,2752,1706.24,720,96,11522.24,11.252,True,5373.76,2,0,0,108.27,n/a
costsim-00999,B4-lite,compact_7b_4bit,Compact 7B 4-bit VLM proxy,9000,6144,1344x1344,448x448,336x336,3,3,4,4,4,independent_all_resident,2752,1706.24,720,96,11522.24,11.252,True,5373.76,4,0,0,144.27,n/a
costsim-01000,B4-lite,compact_7b_4bit,Compact 7B 4-bit VLM proxy,9000,6144,1344x1344,448x448,336x336,3,3,8,1,1,independent_all_resident,2752,1706.24,1440,96,12242.24,11.955,True,4653.76,1,0,0,90.27,n/a
costsim-01001,B4-lite,compact_7b_4bit,Compact 7B 4-bit VLM proxy,9000,6144,1344x1344,448x448,336x336,3,3,8,2,2,independent_all_resident,2752,1706.24,1440,96,12242.24,11.955,True,4653.76,2,0,0,108.27,n/a
costsim-01002,B4-lite,compact_7b_4bit,Compact 7B 4-bit VLM proxy,9000,6144,1344x1344,448x448,336x336,3,3,8,4,4,independent_all_resident,2752,1706.24,1440,96,12242.24,11.955,True,4653.76,4,0,0,144.27,n/a
costsim-01003,B4-lite,compact_7b_4bit,Compact 7B 4-bit VLM proxy,9000,6144,1344x1344,448x448,336x336,3,3,16,1,1,independent_all_resident,2752,1706.24,2880,96,13682.24,13.362,True,3213.76,1,0,0,90.27,n/a
costsim-01004,B4-lite,compact_7b_4bit,Compact 7B 4-bit VLM proxy,9000,6144,1344x1344,448x448,336x336,3,3,16,2,2,independent_all_resident,2752,1706.24,2880,96,13682.24,13.362,True,3213.76,2,0,0,108.27,n/a
costsim-01005,B4-lite,compact_7b_4bit,Compact 7B 4-bit VLM proxy,9000,6144,1344x1344,448x448,336x336,3,3,16,4,4,independent_all_resident,2752,1706.24,2880,96,13682.24,13.362,True,3213.76,4,0,0,144.27,n/a
costsim-01006,B4-lite,compact_7b_4bit,Compact 7B 4-bit VLM proxy,9000,6144,1344x1344,448x448,336x336,3,3,32,1,1,independent_all_resident,2752,1706.24,5760,96,16562.24,16.174,True,333.76,1,0,0,90.27,n/a
costsim-01007,B4-lite,compact_7b_4bit,Compact 7B 4-bit VLM proxy,9000,6144,1344x1344,448x448,336x336,3,3,32,2,2,independent_all_resident,2752,1706.24,5760,96,16562.24,16.174,True,333.76,2,0,0,108.27,n/a
costsim-01008,B4-lite,compact_7b_4bit,Compact 7B 4-bit VLM proxy,9000,6144,1344x1344,448x448,336x336,3,3,32,4,4,independent_all_resident,2752,1706.24,5760,96,16562.24,16.174,True,333.76,4,0,0,144.27,n/a
costsim-01009,B4-lite,compact_7b_4bit,Compact 7B 4-bit VLM proxy,9000,6144,1344x1344,448x448,336x336,5,5,4,1,1,independent_all_resident,3904,2420.48,720,96,12236.48,11.95,True,4659.52,1,0,0,102.94,n/a
costsim-01010,B4-lite,compact_7b_4bit,Compact 7B 4-bit VLM proxy,9000,6144,1344x1344,448x448,336x336,5,5,4,2,2,independent_all_resident,3904,2420.48,720,96,12236.48,11.95,True,4659.52,2,0,0,120.94,n/a
costsim-01011,B4-lite,compact_7b_4bit,Compact 7B 4-bit VLM proxy,9000,6144,1344x1344,448x448,336x336,5,5,4,4,4,independent_all_resident,3904,2420.48,720,96,12236.48,11.95,True,4659.52,4,0,0,156.94,n/a
costsim-01012,B4-lite,compact_7b_4bit,Compact 7B 4-bit VLM proxy,9000,6144,1344x1344,448x448,336x336,5,5,8,1,1,independent_all_resident,3904,2420.48,1440,96,12956.48,12.653,True,3939.52,1,0,0,102.94,n/a
costsim-01013,B4-lite,compact_7b_4bit,Compact 7B 4-bit VLM proxy,9000,6144,1344x1344,448x448,336x336,5,5,8,2,2,independent_all_resident,3904,2420.48,1440,96,12956.48,12.653,True,3939.52,2,0,0,120.94,n/a
costsim-01014,B4-lite,compact_7b_4bit,Compact 7B 4-bit VLM proxy,9000,6144,1344x1344,448x448,336x336,5,5,8,4,4,independent_all_resident,3904,2420.48,1440,96,12956.48,12.653,True,3939.52,4,0,0,156.94,n/a
costsim-01015,B4-lite,compact_7b_4bit,Compact 7B 4-bit VLM proxy,9000,6144,1344x1344,448x448,336x336,5,5,16,1,1,independent_all_resident,3904,2420.48,2880,96,14396.48,14.059,True,2499.52,1,0,0,102.94,n/a
costsim-01016,B4-lite,compact_7b_4bit,Compact 7B 4-bit VLM proxy,9000,6144,1344x1344,448x448,336x336,5,5,16,2,2,independent_all_resident,3904,2420.48,2880,96,14396.48,14.059,True,2499.52,2,0,0,120.94,n/a
costsim-01017,B4-lite,compact_7b_4bit,Compact 7B 4-bit VLM proxy,9000,6144,1344x1344,448x448,336x336,5,5,16,4,4,independent_all_resident,3904,2420.48,2880,96,14396.48,14.059,True,2499.52,4,0,0,156.94,n/a
costsim-01018,B4-lite,compact_7b_4bit,Compact 7B 4-bit VLM proxy,9000,6144,1344x1344,448x448,336x336,5,5,32,1,1,independent_all_resident,3904,2420.48,5760,96,17276.48,16.872,False,-380.48,1,0,0,102.94,n/a
costsim-01019,B4-lite,compact_7b_4bit,Compact 7B 4-bit VLM proxy,9000,6144,1344x1344,448x448,336x336,5,5,32,2,2,independent_all_resident,3904,2420.48,5760,96,17276.48,16.872,False,-380.48,2,0,0,120.94,n/a
costsim-01020,B4-lite,compact_7b_4bit,Compact 7B 4-bit VLM proxy,9000,6144,1344x1344,448x448,336x336,5,5,32,4,4,independent_all_resident,3904,2420.48,5760,96,17276.48,16.872,False,-380.48,4,0,0,156.94,n/a
costsim-01021,B4-lite,compact_7b_4bit,Compact 7B 4-bit VLM proxy,9000,6144,1344x1344,448x448,448x448,1,1,4,1,1,independent_all_resident,2048,1269.76,720,96,11085.76,10.826,True,5810.24,1,0,0,82.53,n/a
costsim-01022,B4-lite,compact_7b_4bit,Compact 7B 4-bit VLM proxy,9000,6144,1344x1344,448x448,448x448,1,1,4,2,2,independent_all_resident,2048,1269.76,720,96,11085.76,10.826,True,5810.24,2,0,0,100.53,n/a
costsim-01023,B4-lite,compact_7b_4bit,Compact 7B 4-bit VLM proxy,9000,6144,1344x1344,448x448,448x448,1,1,4,4,4,independent_all_resident,2048,1269.76,720,96,11085.76,10.826,True,5810.24,4,0,0,136.53,n/a
costsim-01024,B4-lite,compact_7b_4bit,Compact 7B 4-bit VLM proxy,9000,6144,1344x1344,448x448,448x448,1,1,8,1,1,independent_all_resident,2048,1269.76,1440,96,11805.76,11.529,True,5090.24,1,0,0,82.53,n/a
costsim-01025,B4-lite,compact_7b_4bit,Compact 7B 4-bit VLM proxy,9000,6144,1344x1344,448x448,448x448,1,1,8,2,2,independent_all_resident,2048,1269.76,1440,96,11805.76,11.529,True,5090.24,2,0,0,100.53,n/a
costsim-01026,B4-lite,compact_7b_4bit,Compact 7B 4-bit VLM proxy,9000,6144,1344x1344,448x448,448x448,1,1,8,4,4,independent_all_resident,2048,1269.76,1440,96,11805.76,11.529,True,5090.24,4,0,0,136.53,n/a
costsim-01027,B4-lite,compact_7b_4bit,Compact 7B 4-bit VLM proxy,9000,6144,1344x1344,448x448,448x448,1,1,16,1,1,independent_all_resident,2048,1269.76,2880,96,13245.76,12.935,True,3650.24,1,0,0,82.53,n/a
costsim-01028,B4-lite,compact_7b_4bit,Compact 7B 4-bit VLM proxy,9000,6144,1344x1344,448x448,448x448,1,1,16,2,2,independent_all_resident,2048,1269.76,2880,96,13245.76,12.935,True,3650.24,2,0,0,100.53,n/a
costsim-01029,B4-lite,compact_7b_4bit,Compact 7B 4-bit VLM proxy,9000,6144,1344x1344,448x448,448x448,1,1,16,4,4,independent_all_resident,2048,1269.76,2880,96,13245.76,12.935,True,3650.24,4,0,0,136.53,n/a
costsim-01030,B4-lite,compact_7b_4bit,Compact 7B 4-bit VLM proxy,9000,6144,1344x1344,448x448,448x448,1,1,32,1,1,independent_all_resident,2048,1269.76,5760,96,16125.76,15.748,True,770.24,1,0,0,82.53,n/a
costsim-01031,B4-lite,compact_7b_4bit,Compact 7B 4-bit VLM proxy,9000,6144,1344x1344,448x448,448x448,1,1,32,2,2,independent_all_resident,2048,1269.76,5760,96,16125.76,15.748,True,770.24,2,0,0,100.53,n/a
costsim-01032,B4-lite,compact_7b_4bit,Compact 7B 4-bit VLM proxy,9000,6144,1344x1344,448x448,448x448,1,1,32,4,4,independent_all_resident,2048,1269.76,5760,96,16125.76,15.748,True,770.24,4,0,0,136.53,n/a
costsim-01033,B4-lite,compact_7b_4bit,Compact 7B 4-bit VLM proxy,9000,6144,1344x1344,448x448,448x448,3,3,4,1,1,independent_all_resident,4096,2539.52,720,96,12355.52,12.066,True,4540.48,1,0,0,105.06,n/a
costsim-01034,B4-lite,compact_7b_4bit,Compact 7B 4-bit VLM proxy,9000,6144,1344x1344,448x448,448x448,3,3,4,2,2,independent_all_resident,4096,2539.52,720,96,12355.52,12.066,True,4540.48,2,0,0,123.06,n/a
costsim-01035,B4-lite,compact_7b_4bit,Compact 7B 4-bit VLM proxy,9000,6144,1344x1344,448x448,448x448,3,3,4,4,4,independent_all_resident,4096,2539.52,720,96,12355.52,12.066,True,4540.48,4,0,0,159.06,n/a
costsim-01036,B4-lite,compact_7b_4bit,Compact 7B 4-bit VLM proxy,9000,6144,1344x1344,448x448,448x448,3,3,8,1,1,independent_all_resident,4096,2539.52,1440,96,13075.52,12.769,True,3820.48,1,0,0,105.06,n/a
costsim-01037,B4-lite,compact_7b_4bit,Compact 7B 4-bit VLM proxy,9000,6144,1344x1344,448x448,448x448,3,3,8,2,2,independent_all_resident,4096,2539.52,1440,96,13075.52,12.769,True,3820.48,2,0,0,123.06,n/a
costsim-01038,B4-lite,compact_7b_4bit,Compact 7B 4-bit VLM proxy,9000,6144,1344x1344,448x448,448x448,3,3,8,4,4,independent_all_resident,4096,2539.52,1440,96,13075.52,12.769,True,3820.48,4,0,0,159.06,n/a
costsim-01039,B4-lite,compact_7b_4bit,Compact 7B 4-bit VLM proxy,9000,6144,1344x1344,448x448,448x448,3,3,16,1,1,independent_all_resident,4096,2539.52,2880,96,14515.52,14.175,True,2380.48,1,0,0,105.06,n/a
costsim-01040,B4-lite,compact_7b_4bit,Compact 7B 4-bit VLM proxy,9000,6144,1344x1344,448x448,448x448,3,3,16,2,2,independent_all_resident,4096,2539.52,2880,96,14515.52,14.175,True,2380.48,2,0,0,123.06,n/a
costsim-01041,B4-lite,compact_7b_4bit,Compact 7B 4-bit VLM proxy,9000,6144,1344x1344,448x448,448x448,3,3,16,4,4,independent_all_resident,4096,2539.52,2880,96,14515.52,14.175,True,2380.48,4,0,0,159.06,n/a
costsim-01042,B4-lite,compact_7b_4bit,Compact 7B 4-bit VLM proxy,9000,6144,1344x1344,448x448,448x448,3,3,32,1,1,independent_all_resident,4096,2539.52,5760,96,17395.52,16.988,False,-499.52,1,0,0,105.06,n/a
costsim-01043,B4-lite,compact_7b_4bit,Compact 7B 4-bit VLM proxy,9000,6144,1344x1344,448x448,448x448,3,3,32,2,2,independent_all_resident,4096,2539.52,5760,96,17395.52,16.988,False,-499.52,2,0,0,123.06,n/a
costsim-01044,B4-lite,compact_7b_4bit,Compact 7B 4-bit VLM proxy,9000,6144,1344x1344,448x448,448x448,3,3,32,4,4,independent_all_resident,4096,2539.52,5760,96,17395.52,16.988,False,-499.52,4,0,0,159.06,n/a
costsim-01045,B4-lite,compact_7b_4bit,Compact 7B 4-bit VLM proxy,9000,6144,1344x1344,448x448,448x448,5,5,4,1,1,independent_all_resident,6144,3809.28,720,96,13625.28,13.306,True,3270.72,1,0,0,127.58,n/a
costsim-01046,B4-lite,compact_7b_4bit,Compact 7B 4-bit VLM proxy,9000,6144,1344x1344,448x448,448x448,5,5,4,2,2,independent_all_resident,6144,3809.28,720,96,13625.28,13.306,True,3270.72,2,0,0,145.58,n/a
costsim-01047,B4-lite,compact_7b_4bit,Compact 7B 4-bit VLM proxy,9000,6144,1344x1344,448x448,448x448,5,5,4,4,4,independent_all_resident,6144,3809.28,720,96,13625.28,13.306,True,3270.72,4,0,0,181.58,n/a
costsim-01048,B4-lite,compact_7b_4bit,Compact 7B 4-bit VLM proxy,9000,6144,1344x1344,448x448,448x448,5,5,8,1,1,independent_all_resident,6144,3809.28,1440,96,14345.28,14.009,True,2550.72,1,0,0,127.58,n/a
costsim-01049,B4-lite,compact_7b_4bit,Compact 7B 4-bit VLM proxy,9000,6144,1344x1344,448x448,448x448,5,5,8,2,2,independent_all_resident,6144,3809.28,1440,96,14345.28,14.009,True,2550.72,2,0,0,145.58,n/a
costsim-01050,B4-lite,compact_7b_4bit,Compact 7B 4-bit VLM proxy,9000,6144,1344x1344,448x448,448x448,5,5,8,4,4,independent_all_resident,6144,3809.28,1440,96,14345.28,14.009,True,2550.72,4,0,0,181.58,n/a
costsim-01051,B4-lite,compact_7b_4bit,Compact 7B 4-bit VLM proxy,9000,6144,1344x1344,448x448,448x448,5,5,16,1,1,independent_all_resident,6144,3809.28,2880,96,15785.28,15.415,True,1110.72,1,0,0,127.58,n/a
costsim-01052,B4-lite,compact_7b_4bit,Compact 7B 4-bit VLM proxy,9000,6144,1344x1344,448x448,448x448,5,5,16,2,2,independent_all_resident,6144,3809.28,2880,96,15785.28,15.415,True,1110.72,2,0,0,145.58,n/a
costsim-01053,B4-lite,compact_7b_4bit,Compact 7B 4-bit VLM proxy,9000,6144,1344x1344,448x448,448x448,5,5,16,4,4,independent_all_resident,6144,3809.28,2880,96,15785.28,15.415,True,1110.72,4,0,0,181.58,n/a
costsim-01054,B4-lite,compact_7b_4bit,Compact 7B 4-bit VLM proxy,9000,6144,1344x1344,448x448,448x448,5,5,32,1,1,independent_all_resident,6144,3809.28,5760,96,18665.28,18.228,False,-1769.28,1,0,0,127.58,n/a
costsim-01055,B4-lite,compact_7b_4bit,Compact 7B 4-bit VLM proxy,9000,6144,1344x1344,448x448,448x448,5,5,32,2,2,independent_all_resident,6144,3809.28,5760,96,18665.28,18.228,False,-1769.28,2,0,0,145.58,n/a
costsim-01056,B4-lite,compact_7b_4bit,Compact 7B 4-bit VLM proxy,9000,6144,1344x1344,448x448,448x448,5,5,32,4,4,independent_all_resident,6144,3809.28,5760,96,18665.28,18.228,False,-1769.28,4,0,0,181.58,n/a
costsim-01057,B5-lite,compact_7b_4bit,Compact 7B 4-bit VLM proxy,9000,6144,1344x1344,336x336,336x336,1,1,4,1,1,shared_all_resident,1152,714.24,400,96,10210.24,9.971,True,6685.76,1,0,0,62.67,n/a
costsim-01058,B5-lite,compact_7b_4bit,Compact 7B 4-bit VLM proxy,9000,6144,1344x1344,336x336,336x336,1,1,4,2,2,shared_all_resident,1152,714.24,400,96,10210.24,9.971,True,6685.76,2,0,0,70.67,n/a
costsim-01059,B5-lite,compact_7b_4bit,Compact 7B 4-bit VLM proxy,9000,6144,1344x1344,336x336,336x336,1,1,4,4,4,shared_all_resident,1152,714.24,400,96,10210.24,9.971,True,6685.76,4,0,0,86.67,n/a
costsim-01060,B5-lite,compact_7b_4bit,Compact 7B 4-bit VLM proxy,9000,6144,1344x1344,336x336,336x336,1,1,8,1,1,shared_all_resident,1152,714.24,580,96,10390.24,10.147,True,6505.76,1,0,0,62.67,n/a
costsim-01061,B5-lite,compact_7b_4bit,Compact 7B 4-bit VLM proxy,9000,6144,1344x1344,336x336,336x336,1,1,8,2,2,shared_all_resident,1152,714.24,580,96,10390.24,10.147,True,6505.76,2,0,0,70.67,n/a
costsim-01062,B5-lite,compact_7b_4bit,Compact 7B 4-bit VLM proxy,9000,6144,1344x1344,336x336,336x336,1,1,8,4,4,shared_all_resident,1152,714.24,580,96,10390.24,10.147,True,6505.76,4,0,0,86.67,n/a
costsim-01063,B5-lite,compact_7b_4bit,Compact 7B 4-bit VLM proxy,9000,6144,1344x1344,336x336,336x336,1,1,16,1,1,shared_all_resident,1152,714.24,940,96,10750.24,10.498,True,6145.76,1,0,0,62.67,n/a
costsim-01064,B5-lite,compact_7b_4bit,Compact 7B 4-bit VLM proxy,9000,6144,1344x1344,336x336,336x336,1,1,16,2,2,shared_all_resident,1152,714.24,940,96,10750.24,10.498,True,6145.76,2,0,0,70.67,n/a
costsim-01065,B5-lite,compact_7b_4bit,Compact 7B 4-bit VLM proxy,9000,6144,1344x1344,336x336,336x336,1,1,16,4,4,shared_all_resident,1152,714.24,940,96,10750.24,10.498,True,6145.76,4,0,0,86.67,n/a
costsim-01066,B5-lite,compact_7b_4bit,Compact 7B 4-bit VLM proxy,9000,6144,1344x1344,336x336,336x336,1,1,32,1,1,shared_all_resident,1152,714.24,1660,96,11470.24,11.201,True,5425.76,1,0,0,62.67,n/a
costsim-01067,B5-lite,compact_7b_4bit,Compact 7B 4-bit VLM proxy,9000,6144,1344x1344,336x336,336x336,1,1,32,2,2,shared_all_resident,1152,714.24,1660,96,11470.24,11.201,True,5425.76,2,0,0,70.67,n/a
costsim-01068,B5-lite,compact_7b_4bit,Compact 7B 4-bit VLM proxy,9000,6144,1344x1344,336x336,336x336,1,1,32,4,4,shared_all_resident,1152,714.24,1660,96,11470.24,11.201,True,5425.76,4,0,0,86.67,n/a
costsim-01069,B5-lite,compact_7b_4bit,Compact 7B 4-bit VLM proxy,9000,6144,1344x1344,336x336,336x336,3,3,4,1,1,shared_all_resident,2304,1428.48,400,96,10924.48,10.668,True,5971.52,1,0,0,75.34,n/a
costsim-01070,B5-lite,compact_7b_4bit,Compact 7B 4-bit VLM proxy,9000,6144,1344x1344,336x336,336x336,3,3,4,2,2,shared_all_resident,2304,1428.48,400,96,10924.48,10.668,True,5971.52,2,0,0,83.34,n/a
costsim-01071,B5-lite,compact_7b_4bit,Compact 7B 4-bit VLM proxy,9000,6144,1344x1344,336x336,336x336,3,3,4,4,4,shared_all_resident,2304,1428.48,400,96,10924.48,10.668,True,5971.52,4,0,0,99.34,n/a
costsim-01072,B5-lite,compact_7b_4bit,Compact 7B 4-bit VLM proxy,9000,6144,1344x1344,336x336,336x336,3,3,8,1,1,shared_all_resident,2304,1428.48,580,96,11104.48,10.844,True,5791.52,1,0,0,75.34,n/a
costsim-01073,B5-lite,compact_7b_4bit,Compact 7B 4-bit VLM proxy,9000,6144,1344x1344,336x336,336x336,3,3,8,2,2,shared_all_resident,2304,1428.48,580,96,11104.48,10.844,True,5791.52,2,0,0,83.34,n/a
costsim-01074,B5-lite,compact_7b_4bit,Compact 7B 4-bit VLM proxy,9000,6144,1344x1344,336x336,336x336,3,3,8,4,4,shared_all_resident,2304,1428.48,580,96,11104.48,10.844,True,5791.52,4,0,0,99.34,n/a
costsim-01075,B5-lite,compact_7b_4bit,Compact 7B 4-bit VLM proxy,9000,6144,1344x1344,336x336,336x336,3,3,16,1,1,shared_all_resident,2304,1428.48,940,96,11464.48,11.196,True,5431.52,1,0,0,75.34,n/a
costsim-01076,B5-lite,compact_7b_4bit,Compact 7B 4-bit VLM proxy,9000,6144,1344x1344,336x336,336x336,3,3,16,2,2,shared_all_resident,2304,1428.48,940,96,11464.48,11.196,True,5431.52,2,0,0,83.34,n/a
costsim-01077,B5-lite,compact_7b_4bit,Compact 7B 4-bit VLM proxy,9000,6144,1344x1344,336x336,336x336,3,3,16,4,4,shared_all_resident,2304,1428.48,940,96,11464.48,11.196,True,5431.52,4,0,0,99.34,n/a
costsim-01078,B5-lite,compact_7b_4bit,Compact 7B 4-bit VLM proxy,9000,6144,1344x1344,336x336,336x336,3,3,32,1,1,shared_all_resident,2304,1428.48,1660,96,12184.48,11.899,True,4711.52,1,0,0,75.34,n/a
costsim-01079,B5-lite,compact_7b_4bit,Compact 7B 4-bit VLM proxy,9000,6144,1344x1344,336x336,336x336,3,3,32,2,2,shared_all_resident,2304,1428.48,1660,96,12184.48,11.899,True,4711.52,2,0,0,83.34,n/a
costsim-01080,B5-lite,compact_7b_4bit,Compact 7B 4-bit VLM proxy,9000,6144,1344x1344,336x336,336x336,3,3,32,4,4,shared_all_resident,2304,1428.48,1660,96,12184.48,11.899,True,4711.52,4,0,0,99.34,n/a
costsim-01081,B5-lite,compact_7b_4bit,Compact 7B 4-bit VLM proxy,9000,6144,1344x1344,336x336,336x336,5,5,4,1,1,shared_all_resident,3456,2142.72,400,96,11638.72,11.366,True,5257.28,1,0,0,88.02,n/a
costsim-01082,B5-lite,compact_7b_4bit,Compact 7B 4-bit VLM proxy,9000,6144,1344x1344,336x336,336x336,5,5,4,2,2,shared_all_resident,3456,2142.72,400,96,11638.72,11.366,True,5257.28,2,0,0,96.02,n/a
costsim-01083,B5-lite,compact_7b_4bit,Compact 7B 4-bit VLM proxy,9000,6144,1344x1344,336x336,336x336,5,5,4,4,4,shared_all_resident,3456,2142.72,400,96,11638.72,11.366,True,5257.28,4,0,0,112.02,n/a
costsim-01084,B5-lite,compact_7b_4bit,Compact 7B 4-bit VLM proxy,9000,6144,1344x1344,336x336,336x336,5,5,8,1,1,shared_all_resident,3456,2142.72,580,96,11818.72,11.542,True,5077.28,1,0,0,88.02,n/a
costsim-01085,B5-lite,compact_7b_4bit,Compact 7B 4-bit VLM proxy,9000,6144,1344x1344,336x336,336x336,5,5,8,2,2,shared_all_resident,3456,2142.72,580,96,11818.72,11.542,True,5077.28,2,0,0,96.02,n/a
costsim-01086,B5-lite,compact_7b_4bit,Compact 7B 4-bit VLM proxy,9000,6144,1344x1344,336x336,336x336,5,5,8,4,4,shared_all_resident,3456,2142.72,580,96,11818.72,11.542,True,5077.28,4,0,0,112.02,n/a
costsim-01087,B5-lite,compact_7b_4bit,Compact 7B 4-bit VLM proxy,9000,6144,1344x1344,336x336,336x336,5,5,16,1,1,shared_all_resident,3456,2142.72,940,96,12178.72,11.893,True,4717.28,1,0,0,88.02,n/a
costsim-01088,B5-lite,compact_7b_4bit,Compact 7B 4-bit VLM proxy,9000,6144,1344x1344,336x336,336x336,5,5,16,2,2,shared_all_resident,3456,2142.72,940,96,12178.72,11.893,True,4717.28,2,0,0,96.02,n/a
costsim-01089,B5-lite,compact_7b_4bit,Compact 7B 4-bit VLM proxy,9000,6144,1344x1344,336x336,336x336,5,5,16,4,4,shared_all_resident,3456,2142.72,940,96,12178.72,11.893,True,4717.28,4,0,0,112.02,n/a
costsim-01090,B5-lite,compact_7b_4bit,Compact 7B 4-bit VLM proxy,9000,6144,1344x1344,336x336,336x336,5,5,32,1,1,shared_all_resident,3456,2142.72,1660,96,12898.72,12.596,True,3997.28,1,0,0,88.02,n/a
costsim-01091,B5-lite,compact_7b_4bit,Compact 7B 4-bit VLM proxy,9000,6144,1344x1344,336x336,336x336,5,5,32,2,2,shared_all_resident,3456,2142.72,1660,96,12898.72,12.596,True,3997.28,2,0,0,96.02,n/a
costsim-01092,B5-lite,compact_7b_4bit,Compact 7B 4-bit VLM proxy,9000,6144,1344x1344,336x336,336x336,5,5,32,4,4,shared_all_resident,3456,2142.72,1660,96,12898.72,12.596,True,3997.28,4,0,0,112.02,n/a
costsim-01093,B5-lite,compact_7b_4bit,Compact 7B 4-bit VLM proxy,9000,6144,1344x1344,336x336,448x448,1,1,4,1,1,shared_all_resident,1600,992.0,400,96,10488.0,10.242,True,6408.0,1,0,0,67.6,n/a
costsim-01094,B5-lite,compact_7b_4bit,Compact 7B 4-bit VLM proxy,9000,6144,1344x1344,336x336,448x448,1,1,4,2,2,shared_all_resident,1600,992.0,400,96,10488.0,10.242,True,6408.0,2,0,0,75.6,n/a
costsim-01095,B5-lite,compact_7b_4bit,Compact 7B 4-bit VLM proxy,9000,6144,1344x1344,336x336,448x448,1,1,4,4,4,shared_all_resident,1600,992.0,400,96,10488.0,10.242,True,6408.0,4,0,0,91.6,n/a
costsim-01096,B5-lite,compact_7b_4bit,Compact 7B 4-bit VLM proxy,9000,6144,1344x1344,336x336,448x448,1,1,8,1,1,shared_all_resident,1600,992.0,580,96,10668.0,10.418,True,6228.0,1,0,0,67.6,n/a
costsim-01097,B5-lite,compact_7b_4bit,Compact 7B 4-bit VLM proxy,9000,6144,1344x1344,336x336,448x448,1,1,8,2,2,shared_all_resident,1600,992.0,580,96,10668.0,10.418,True,6228.0,2,0,0,75.6,n/a
costsim-01098,B5-lite,compact_7b_4bit,Compact 7B 4-bit VLM proxy,9000,6144,1344x1344,336x336,448x448,1,1,8,4,4,shared_all_resident,1600,992.0,580,96,10668.0,10.418,True,6228.0,4,0,0,91.6,n/a
costsim-01099,B5-lite,compact_7b_4bit,Compact 7B 4-bit VLM proxy,9000,6144,1344x1344,336x336,448x448,1,1,16,1,1,shared_all_resident,1600,992.0,940,96,11028.0,10.77,True,5868.0,1,0,0,67.6,n/a
costsim-01100,B5-lite,compact_7b_4bit,Compact 7B 4-bit VLM proxy,9000,6144,1344x1344,336x336,448x448,1,1,16,2,2,shared_all_resident,1600,992.0,940,96,11028.0,10.77,True,5868.0,2,0,0,75.6,n/a
costsim-01101,B5-lite,compact_7b_4bit,Compact 7B 4-bit VLM proxy,9000,6144,1344x1344,336x336,448x448,1,1,16,4,4,shared_all_resident,1600,992.0,940,96,11028.0,10.77,True,5868.0,4,0,0,91.6,n/a
costsim-01102,B5-lite,compact_7b_4bit,Compact 7B 4-bit VLM proxy,9000,6144,1344x1344,336x336,448x448,1,1,32,1,1,shared_all_resident,1600,992.0,1660,96,11748.0,11.473,True,5148.0,1,0,0,67.6,n/a
costsim-01103,B5-lite,compact_7b_4bit,Compact 7B 4-bit VLM proxy,9000,6144,1344x1344,336x336,448x448,1,1,32,2,2,shared_all_resident,1600,992.0,1660,96,11748.0,11.473,True,5148.0,2,0,0,75.6,n/a
costsim-01104,B5-lite,compact_7b_4bit,Compact 7B 4-bit VLM proxy,9000,6144,1344x1344,336x336,448x448,1,1,32,4,4,shared_all_resident,1600,992.0,1660,96,11748.0,11.473,True,5148.0,4,0,0,91.6,n/a
costsim-01105,B5-lite,compact_7b_4bit,Compact 7B 4-bit VLM proxy,9000,6144,1344x1344,336x336,448x448,3,3,4,1,1,shared_all_resident,3648,2261.76,400,96,11757.76,11.482,True,5138.24,1,0,0,90.13,n/a
costsim-01106,B5-lite,compact_7b_4bit,Compact 7B 4-bit VLM proxy,9000,6144,1344x1344,336x336,448x448,3,3,4,2,2,shared_all_resident,3648,2261.76,400,96,11757.76,11.482,True,5138.24,2,0,0,98.13,n/a
costsim-01107,B5-lite,compact_7b_4bit,Compact 7B 4-bit VLM proxy,9000,6144,1344x1344,336x336,448x448,3,3,4,4,4,shared_all_resident,3648,2261.76,400,96,11757.76,11.482,True,5138.24,4,0,0,114.13,n/a
costsim-01108,B5-lite,compact_7b_4bit,Compact 7B 4-bit VLM proxy,9000,6144,1344x1344,336x336,448x448,3,3,8,1,1,shared_all_resident,3648,2261.76,580,96,11937.76,11.658,True,4958.24,1,0,0,90.13,n/a
costsim-01109,B5-lite,compact_7b_4bit,Compact 7B 4-bit VLM proxy,9000,6144,1344x1344,336x336,448x448,3,3,8,2,2,shared_all_resident,3648,2261.76,580,96,11937.76,11.658,True,4958.24,2,0,0,98.13,n/a
costsim-01110,B5-lite,compact_7b_4bit,Compact 7B 4-bit VLM proxy,9000,6144,1344x1344,336x336,448x448,3,3,8,4,4,shared_all_resident,3648,2261.76,580,96,11937.76,11.658,True,4958.24,4,0,0,114.13,n/a
costsim-01111,B5-lite,compact_7b_4bit,Compact 7B 4-bit VLM proxy,9000,6144,1344x1344,336x336,448x448,3,3,16,1,1,shared_all_resident,3648,2261.76,940,96,12297.76,12.01,True,4598.24,1,0,0,90.13,n/a
costsim-01112,B5-lite,compact_7b_4bit,Compact 7B 4-bit VLM proxy,9000,6144,1344x1344,336x336,448x448,3,3,16,2,2,shared_all_resident,3648,2261.76,940,96,12297.76,12.01,True,4598.24,2,0,0,98.13,n/a
costsim-01113,B5-lite,compact_7b_4bit,Compact 7B 4-bit VLM proxy,9000,6144,1344x1344,336x336,448x448,3,3,16,4,4,shared_all_resident,3648,2261.76,940,96,12297.76,12.01,True,4598.24,4,0,0,114.13,n/a
costsim-01114,B5-lite,compact_7b_4bit,Compact 7B 4-bit VLM proxy,9000,6144,1344x1344,336x336,448x448,3,3,32,1,1,shared_all_resident,3648,2261.76,1660,96,13017.76,12.713,True,3878.24,1,0,0,90.13,n/a
costsim-01115,B5-lite,compact_7b_4bit,Compact 7B 4-bit VLM proxy,9000,6144,1344x1344,336x336,448x448,3,3,32,2,2,shared_all_resident,3648,2261.76,1660,96,13017.76,12.713,True,3878.24,2,0,0,98.13,n/a
costsim-01116,B5-lite,compact_7b_4bit,Compact 7B 4-bit VLM proxy,9000,6144,1344x1344,336x336,448x448,3,3,32,4,4,shared_all_resident,3648,2261.76,1660,96,13017.76,12.713,True,3878.24,4,0,0,114.13,n/a
costsim-01117,B5-lite,compact_7b_4bit,Compact 7B 4-bit VLM proxy,9000,6144,1344x1344,336x336,448x448,5,5,4,1,1,shared_all_resident,5696,3531.52,400,96,13027.52,12.722,True,3868.48,1,0,0,112.66,n/a
costsim-01118,B5-lite,compact_7b_4bit,Compact 7B 4-bit VLM proxy,9000,6144,1344x1344,336x336,448x448,5,5,4,2,2,shared_all_resident,5696,3531.52,400,96,13027.52,12.722,True,3868.48,2,0,0,120.66,n/a
costsim-01119,B5-lite,compact_7b_4bit,Compact 7B 4-bit VLM proxy,9000,6144,1344x1344,336x336,448x448,5,5,4,4,4,shared_all_resident,5696,3531.52,400,96,13027.52,12.722,True,3868.48,4,0,0,136.66,n/a
costsim-01120,B5-lite,compact_7b_4bit,Compact 7B 4-bit VLM proxy,9000,6144,1344x1344,336x336,448x448,5,5,8,1,1,shared_all_resident,5696,3531.52,580,96,13207.52,12.898,True,3688.48,1,0,0,112.66,n/a
costsim-01121,B5-lite,compact_7b_4bit,Compact 7B 4-bit VLM proxy,9000,6144,1344x1344,336x336,448x448,5,5,8,2,2,shared_all_resident,5696,3531.52,580,96,13207.52,12.898,True,3688.48,2,0,0,120.66,n/a
costsim-01122,B5-lite,compact_7b_4bit,Compact 7B 4-bit VLM proxy,9000,6144,1344x1344,336x336,448x448,5,5,8,4,4,shared_all_resident,5696,3531.52,580,96,13207.52,12.898,True,3688.48,4,0,0,136.66,n/a
costsim-01123,B5-lite,compact_7b_4bit,Compact 7B 4-bit VLM proxy,9000,6144,1344x1344,336x336,448x448,5,5,16,1,1,shared_all_resident,5696,3531.52,940,96,13567.52,13.25,True,3328.48,1,0,0,112.66,n/a
costsim-01124,B5-lite,compact_7b_4bit,Compact 7B 4-bit VLM proxy,9000,6144,1344x1344,336x336,448x448,5,5,16,2,2,shared_all_resident,5696,3531.52,940,96,13567.52,13.25,True,3328.48,2,0,0,120.66,n/a
costsim-01125,B5-lite,compact_7b_4bit,Compact 7B 4-bit VLM proxy,9000,6144,1344x1344,336x336,448x448,5,5,16,4,4,shared_all_resident,5696,3531.52,940,96,13567.52,13.25,True,3328.48,4,0,0,136.66,n/a
costsim-01126,B5-lite,compact_7b_4bit,Compact 7B 4-bit VLM proxy,9000,6144,1344x1344,336x336,448x448,5,5,32,1,1,shared_all_resident,5696,3531.52,1660,96,14287.52,13.953,True,2608.48,1,0,0,112.66,n/a
costsim-01127,B5-lite,compact_7b_4bit,Compact 7B 4-bit VLM proxy,9000,6144,1344x1344,336x336,448x448,5,5,32,2,2,shared_all_resident,5696,3531.52,1660,96,14287.52,13.953,True,2608.48,2,0,0,120.66,n/a
costsim-01128,B5-lite,compact_7b_4bit,Compact 7B 4-bit VLM proxy,9000,6144,1344x1344,336x336,448x448,5,5,32,4,4,shared_all_resident,5696,3531.52,1660,96,14287.52,13.953,True,2608.48,4,0,0,136.66,n/a
costsim-01129,B5-lite,compact_7b_4bit,Compact 7B 4-bit VLM proxy,9000,6144,1344x1344,448x448,336x336,1,1,4,1,1,shared_all_resident,1600,992.0,400,96,10488.0,10.242,True,6408.0,1,0,0,67.6,n/a
costsim-01130,B5-lite,compact_7b_4bit,Compact 7B 4-bit VLM proxy,9000,6144,1344x1344,448x448,336x336,1,1,4,2,2,shared_all_resident,1600,992.0,400,96,10488.0,10.242,True,6408.0,2,0,0,75.6,n/a
costsim-01131,B5-lite,compact_7b_4bit,Compact 7B 4-bit VLM proxy,9000,6144,1344x1344,448x448,336x336,1,1,4,4,4,shared_all_resident,1600,992.0,400,96,10488.0,10.242,True,6408.0,4,0,0,91.6,n/a
costsim-01132,B5-lite,compact_7b_4bit,Compact 7B 4-bit VLM proxy,9000,6144,1344x1344,448x448,336x336,1,1,8,1,1,shared_all_resident,1600,992.0,580,96,10668.0,10.418,True,6228.0,1,0,0,67.6,n/a
costsim-01133,B5-lite,compact_7b_4bit,Compact 7B 4-bit VLM proxy,9000,6144,1344x1344,448x448,336x336,1,1,8,2,2,shared_all_resident,1600,992.0,580,96,10668.0,10.418,True,6228.0,2,0,0,75.6,n/a
costsim-01134,B5-lite,compact_7b_4bit,Compact 7B 4-bit VLM proxy,9000,6144,1344x1344,448x448,336x336,1,1,8,4,4,shared_all_resident,1600,992.0,580,96,10668.0,10.418,True,6228.0,4,0,0,91.6,n/a
costsim-01135,B5-lite,compact_7b_4bit,Compact 7B 4-bit VLM proxy,9000,6144,1344x1344,448x448,336x336,1,1,16,1,1,shared_all_resident,1600,992.0,940,96,11028.0,10.77,True,5868.0,1,0,0,67.6,n/a
costsim-01136,B5-lite,compact_7b_4bit,Compact 7B 4-bit VLM proxy,9000,6144,1344x1344,448x448,336x336,1,1,16,2,2,shared_all_resident,1600,992.0,940,96,11028.0,10.77,True,5868.0,2,0,0,75.6,n/a
costsim-01137,B5-lite,compact_7b_4bit,Compact 7B 4-bit VLM proxy,9000,6144,1344x1344,448x448,336x336,1,1,16,4,4,shared_all_resident,1600,992.0,940,96,11028.0,10.77,True,5868.0,4,0,0,91.6,n/a
costsim-01138,B5-lite,compact_7b_4bit,Compact 7B 4-bit VLM proxy,9000,6144,1344x1344,448x448,336x336,1,1,32,1,1,shared_all_resident,1600,992.0,1660,96,11748.0,11.473,True,5148.0,1,0,0,67.6,n/a
costsim-01139,B5-lite,compact_7b_4bit,Compact 7B 4-bit VLM proxy,9000,6144,1344x1344,448x448,336x336,1,1,32,2,2,shared_all_resident,1600,992.0,1660,96,11748.0,11.473,True,5148.0,2,0,0,75.6,n/a
costsim-01140,B5-lite,compact_7b_4bit,Compact 7B 4-bit VLM proxy,9000,6144,1344x1344,448x448,336x336,1,1,32,4,4,shared_all_resident,1600,992.0,1660,96,11748.0,11.473,True,5148.0,4,0,0,91.6,n/a
costsim-01141,B5-lite,compact_7b_4bit,Compact 7B 4-bit VLM proxy,9000,6144,1344x1344,448x448,336x336,3,3,4,1,1,shared_all_resident,2752,1706.24,400,96,11202.24,10.94,True,5693.76,1,0,0,80.27,n/a
costsim-01142,B5-lite,compact_7b_4bit,Compact 7B 4-bit VLM proxy,9000,6144,1344x1344,448x448,336x336,3,3,4,2,2,shared_all_resident,2752,1706.24,400,96,11202.24,10.94,True,5693.76,2,0,0,88.27,n/a
costsim-01143,B5-lite,compact_7b_4bit,Compact 7B 4-bit VLM proxy,9000,6144,1344x1344,448x448,336x336,3,3,4,4,4,shared_all_resident,2752,1706.24,400,96,11202.24,10.94,True,5693.76,4,0,0,104.27,n/a
costsim-01144,B5-lite,compact_7b_4bit,Compact 7B 4-bit VLM proxy,9000,6144,1344x1344,448x448,336x336,3,3,8,1,1,shared_all_resident,2752,1706.24,580,96,11382.24,11.115,True,5513.76,1,0,0,80.27,n/a
costsim-01145,B5-lite,compact_7b_4bit,Compact 7B 4-bit VLM proxy,9000,6144,1344x1344,448x448,336x336,3,3,8,2,2,shared_all_resident,2752,1706.24,580,96,11382.24,11.115,True,5513.76,2,0,0,88.27,n/a
costsim-01146,B5-lite,compact_7b_4bit,Compact 7B 4-bit VLM proxy,9000,6144,1344x1344,448x448,336x336,3,3,8,4,4,shared_all_resident,2752,1706.24,580,96,11382.24,11.115,True,5513.76,4,0,0,104.27,n/a
costsim-01147,B5-lite,compact_7b_4bit,Compact 7B 4-bit VLM proxy,9000,6144,1344x1344,448x448,336x336,3,3,16,1,1,shared_all_resident,2752,1706.24,940,96,11742.24,11.467,True,5153.76,1,0,0,80.27,n/a
costsim-01148,B5-lite,compact_7b_4bit,Compact 7B 4-bit VLM proxy,9000,6144,1344x1344,448x448,336x336,3,3,16,2,2,shared_all_resident,2752,1706.24,940,96,11742.24,11.467,True,5153.76,2,0,0,88.27,n/a
costsim-01149,B5-lite,compact_7b_4bit,Compact 7B 4-bit VLM proxy,9000,6144,1344x1344,448x448,336x336,3,3,16,4,4,shared_all_resident,2752,1706.24,940,96,11742.24,11.467,True,5153.76,4,0,0,104.27,n/a
costsim-01150,B5-lite,compact_7b_4bit,Compact 7B 4-bit VLM proxy,9000,6144,1344x1344,448x448,336x336,3,3,32,1,1,shared_all_resident,2752,1706.24,1660,96,12462.24,12.17,True,4433.76,1,0,0,80.27,n/a
costsim-01151,B5-lite,compact_7b_4bit,Compact 7B 4-bit VLM proxy,9000,6144,1344x1344,448x448,336x336,3,3,32,2,2,shared_all_resident,2752,1706.24,1660,96,12462.24,12.17,True,4433.76,2,0,0,88.27,n/a
costsim-01152,B5-lite,compact_7b_4bit,Compact 7B 4-bit VLM proxy,9000,6144,1344x1344,448x448,336x336,3,3,32,4,4,shared_all_resident,2752,1706.24,1660,96,12462.24,12.17,True,4433.76,4,0,0,104.27,n/a
costsim-01153,B5-lite,compact_7b_4bit,Compact 7B 4-bit VLM proxy,9000,6144,1344x1344,448x448,336x336,5,5,4,1,1,shared_all_resident,3904,2420.48,400,96,11916.48,11.637,True,4979.52,1,0,0,92.94,n/a
costsim-01154,B5-lite,compact_7b_4bit,Compact 7B 4-bit VLM proxy,9000,6144,1344x1344,448x448,336x336,5,5,4,2,2,shared_all_resident,3904,2420.48,400,96,11916.48,11.637,True,4979.52,2,0,0,100.94,n/a
costsim-01155,B5-lite,compact_7b_4bit,Compact 7B 4-bit VLM proxy,9000,6144,1344x1344,448x448,336x336,5,5,4,4,4,shared_all_resident,3904,2420.48,400,96,11916.48,11.637,True,4979.52,4,0,0,116.94,n/a
costsim-01156,B5-lite,compact_7b_4bit,Compact 7B 4-bit VLM proxy,9000,6144,1344x1344,448x448,336x336,5,5,8,1,1,shared_all_resident,3904,2420.48,580,96,12096.48,11.813,True,4799.52,1,0,0,92.94,n/a
costsim-01157,B5-lite,compact_7b_4bit,Compact 7B 4-bit VLM proxy,9000,6144,1344x1344,448x448,336x336,5,5,8,2,2,shared_all_resident,3904,2420.48,580,96,12096.48,11.813,True,4799.52,2,0,0,100.94,n/a
costsim-01158,B5-lite,compact_7b_4bit,Compact 7B 4-bit VLM proxy,9000,6144,1344x1344,448x448,336x336,5,5,8,4,4,shared_all_resident,3904,2420.48,580,96,12096.48,11.813,True,4799.52,4,0,0,116.94,n/a
costsim-01159,B5-lite,compact_7b_4bit,Compact 7B 4-bit VLM proxy,9000,6144,1344x1344,448x448,336x336,5,5,16,1,1,shared_all_resident,3904,2420.48,940,96,12456.48,12.165,True,4439.52,1,0,0,92.94,n/a
costsim-01160,B5-lite,compact_7b_4bit,Compact 7B 4-bit VLM proxy,9000,6144,1344x1344,448x448,336x336,5,5,16,2,2,shared_all_resident,3904,2420.48,940,96,12456.48,12.165,True,4439.52,2,0,0,100.94,n/a
costsim-01161,B5-lite,compact_7b_4bit,Compact 7B 4-bit VLM proxy,9000,6144,1344x1344,448x448,336x336,5,5,16,4,4,shared_all_resident,3904,2420.48,940,96,12456.48,12.165,True,4439.52,4,0,0,116.94,n/a
costsim-01162,B5-lite,compact_7b_4bit,Compact 7B 4-bit VLM proxy,9000,6144,1344x1344,448x448,336x336,5,5,32,1,1,shared_all_resident,3904,2420.48,1660,96,13176.48,12.868,True,3719.52,1,0,0,92.94,n/a
costsim-01163,B5-lite,compact_7b_4bit,Compact 7B 4-bit VLM proxy,9000,6144,1344x1344,448x448,336x336,5,5,32,2,2,shared_all_resident,3904,2420.48,1660,96,13176.48,12.868,True,3719.52,2,0,0,100.94,n/a
costsim-01164,B5-lite,compact_7b_4bit,Compact 7B 4-bit VLM proxy,9000,6144,1344x1344,448x448,336x336,5,5,32,4,4,shared_all_resident,3904,2420.48,1660,96,13176.48,12.868,True,3719.52,4,0,0,116.94,n/a
costsim-01165,B5-lite,compact_7b_4bit,Compact 7B 4-bit VLM proxy,9000,6144,1344x1344,448x448,448x448,1,1,4,1,1,shared_all_resident,2048,1269.76,400,96,10765.76,10.513,True,6130.24,1,0,0,72.53,n/a
costsim-01166,B5-lite,compact_7b_4bit,Compact 7B 4-bit VLM proxy,9000,6144,1344x1344,448x448,448x448,1,1,4,2,2,shared_all_resident,2048,1269.76,400,96,10765.76,10.513,True,6130.24,2,0,0,80.53,n/a
costsim-01167,B5-lite,compact_7b_4bit,Compact 7B 4-bit VLM proxy,9000,6144,1344x1344,448x448,448x448,1,1,4,4,4,shared_all_resident,2048,1269.76,400,96,10765.76,10.513,True,6130.24,4,0,0,96.53,n/a
costsim-01168,B5-lite,compact_7b_4bit,Compact 7B 4-bit VLM proxy,9000,6144,1344x1344,448x448,448x448,1,1,8,1,1,shared_all_resident,2048,1269.76,580,96,10945.76,10.689,True,5950.24,1,0,0,72.53,n/a
costsim-01169,B5-lite,compact_7b_4bit,Compact 7B 4-bit VLM proxy,9000,6144,1344x1344,448x448,448x448,1,1,8,2,2,shared_all_resident,2048,1269.76,580,96,10945.76,10.689,True,5950.24,2,0,0,80.53,n/a
costsim-01170,B5-lite,compact_7b_4bit,Compact 7B 4-bit VLM proxy,9000,6144,1344x1344,448x448,448x448,1,1,8,4,4,shared_all_resident,2048,1269.76,580,96,10945.76,10.689,True,5950.24,4,0,0,96.53,n/a
costsim-01171,B5-lite,compact_7b_4bit,Compact 7B 4-bit VLM proxy,9000,6144,1344x1344,448x448,448x448,1,1,16,1,1,shared_all_resident,2048,1269.76,940,96,11305.76,11.041,True,5590.24,1,0,0,72.53,n/a
costsim-01172,B5-lite,compact_7b_4bit,Compact 7B 4-bit VLM proxy,9000,6144,1344x1344,448x448,448x448,1,1,16,2,2,shared_all_resident,2048,1269.76,940,96,11305.76,11.041,True,5590.24,2,0,0,80.53,n/a
costsim-01173,B5-lite,compact_7b_4bit,Compact 7B 4-bit VLM proxy,9000,6144,1344x1344,448x448,448x448,1,1,16,4,4,shared_all_resident,2048,1269.76,940,96,11305.76,11.041,True,5590.24,4,0,0,96.53,n/a
costsim-01174,B5-lite,compact_7b_4bit,Compact 7B 4-bit VLM proxy,9000,6144,1344x1344,448x448,448x448,1,1,32,1,1,shared_all_resident,2048,1269.76,1660,96,12025.76,11.744,True,4870.24,1,0,0,72.53,n/a
costsim-01175,B5-lite,compact_7b_4bit,Compact 7B 4-bit VLM proxy,9000,6144,1344x1344,448x448,448x448,1,1,32,2,2,shared_all_resident,2048,1269.76,1660,96,12025.76,11.744,True,4870.24,2,0,0,80.53,n/a
costsim-01176,B5-lite,compact_7b_4bit,Compact 7B 4-bit VLM proxy,9000,6144,1344x1344,448x448,448x448,1,1,32,4,4,shared_all_resident,2048,1269.76,1660,96,12025.76,11.744,True,4870.24,4,0,0,96.53,n/a
costsim-01177,B5-lite,compact_7b_4bit,Compact 7B 4-bit VLM proxy,9000,6144,1344x1344,448x448,448x448,3,3,4,1,1,shared_all_resident,4096,2539.52,400,96,12035.52,11.753,True,4860.48,1,0,0,95.06,n/a
costsim-01178,B5-lite,compact_7b_4bit,Compact 7B 4-bit VLM proxy,9000,6144,1344x1344,448x448,448x448,3,3,4,2,2,shared_all_resident,4096,2539.52,400,96,12035.52,11.753,True,4860.48,2,0,0,103.06,n/a
costsim-01179,B5-lite,compact_7b_4bit,Compact 7B 4-bit VLM proxy,9000,6144,1344x1344,448x448,448x448,3,3,4,4,4,shared_all_resident,4096,2539.52,400,96,12035.52,11.753,True,4860.48,4,0,0,119.06,n/a
costsim-01180,B5-lite,compact_7b_4bit,Compact 7B 4-bit VLM proxy,9000,6144,1344x1344,448x448,448x448,3,3,8,1,1,shared_all_resident,4096,2539.52,580,96,12215.52,11.929,True,4680.48,1,0,0,95.06,n/a
costsim-01181,B5-lite,compact_7b_4bit,Compact 7B 4-bit VLM proxy,9000,6144,1344x1344,448x448,448x448,3,3,8,2,2,shared_all_resident,4096,2539.52,580,96,12215.52,11.929,True,4680.48,2,0,0,103.06,n/a
costsim-01182,B5-lite,compact_7b_4bit,Compact 7B 4-bit VLM proxy,9000,6144,1344x1344,448x448,448x448,3,3,8,4,4,shared_all_resident,4096,2539.52,580,96,12215.52,11.929,True,4680.48,4,0,0,119.06,n/a
costsim-01183,B5-lite,compact_7b_4bit,Compact 7B 4-bit VLM proxy,9000,6144,1344x1344,448x448,448x448,3,3,16,1,1,shared_all_resident,4096,2539.52,940,96,12575.52,12.281,True,4320.48,1,0,0,95.06,n/a
costsim-01184,B5-lite,compact_7b_4bit,Compact 7B 4-bit VLM proxy,9000,6144,1344x1344,448x448,448x448,3,3,16,2,2,shared_all_resident,4096,2539.52,940,96,12575.52,12.281,True,4320.48,2,0,0,103.06,n/a
costsim-01185,B5-lite,compact_7b_4bit,Compact 7B 4-bit VLM proxy,9000,6144,1344x1344,448x448,448x448,3,3,16,4,4,shared_all_resident,4096,2539.52,940,96,12575.52,12.281,True,4320.48,4,0,0,119.06,n/a
costsim-01186,B5-lite,compact_7b_4bit,Compact 7B 4-bit VLM proxy,9000,6144,1344x1344,448x448,448x448,3,3,32,1,1,shared_all_resident,4096,2539.52,1660,96,13295.52,12.984,True,3600.48,1,0,0,95.06,n/a
costsim-01187,B5-lite,compact_7b_4bit,Compact 7B 4-bit VLM proxy,9000,6144,1344x1344,448x448,448x448,3,3,32,2,2,shared_all_resident,4096,2539.52,1660,96,13295.52,12.984,True,3600.48,2,0,0,103.06,n/a
costsim-01188,B5-lite,compact_7b_4bit,Compact 7B 4-bit VLM proxy,9000,6144,1344x1344,448x448,448x448,3,3,32,4,4,shared_all_resident,4096,2539.52,1660,96,13295.52,12.984,True,3600.48,4,0,0,119.06,n/a
costsim-01189,B5-lite,compact_7b_4bit,Compact 7B 4-bit VLM proxy,9000,6144,1344x1344,448x448,448x448,5,5,4,1,1,shared_all_resident,6144,3809.28,400,96,13305.28,12.993,True,3590.72,1,0,0,117.58,n/a
costsim-01190,B5-lite,compact_7b_4bit,Compact 7B 4-bit VLM proxy,9000,6144,1344x1344,448x448,448x448,5,5,4,2,2,shared_all_resident,6144,3809.28,400,96,13305.28,12.993,True,3590.72,2,0,0,125.58,n/a
costsim-01191,B5-lite,compact_7b_4bit,Compact 7B 4-bit VLM proxy,9000,6144,1344x1344,448x448,448x448,5,5,4,4,4,shared_all_resident,6144,3809.28,400,96,13305.28,12.993,True,3590.72,4,0,0,141.58,n/a
costsim-01192,B5-lite,compact_7b_4bit,Compact 7B 4-bit VLM proxy,9000,6144,1344x1344,448x448,448x448,5,5,8,1,1,shared_all_resident,6144,3809.28,580,96,13485.28,13.169,True,3410.72,1,0,0,117.58,n/a
costsim-01193,B5-lite,compact_7b_4bit,Compact 7B 4-bit VLM proxy,9000,6144,1344x1344,448x448,448x448,5,5,8,2,2,shared_all_resident,6144,3809.28,580,96,13485.28,13.169,True,3410.72,2,0,0,125.58,n/a
costsim-01194,B5-lite,compact_7b_4bit,Compact 7B 4-bit VLM proxy,9000,6144,1344x1344,448x448,448x448,5,5,8,4,4,shared_all_resident,6144,3809.28,580,96,13485.28,13.169,True,3410.72,4,0,0,141.58,n/a
costsim-01195,B5-lite,compact_7b_4bit,Compact 7B 4-bit VLM proxy,9000,6144,1344x1344,448x448,448x448,5,5,16,1,1,shared_all_resident,6144,3809.28,940,96,13845.28,13.521,True,3050.72,1,0,0,117.58,n/a
costsim-01196,B5-lite,compact_7b_4bit,Compact 7B 4-bit VLM proxy,9000,6144,1344x1344,448x448,448x448,5,5,16,2,2,shared_all_resident,6144,3809.28,940,96,13845.28,13.521,True,3050.72,2,0,0,125.58,n/a
costsim-01197,B5-lite,compact_7b_4bit,Compact 7B 4-bit VLM proxy,9000,6144,1344x1344,448x448,448x448,5,5,16,4,4,shared_all_resident,6144,3809.28,940,96,13845.28,13.521,True,3050.72,4,0,0,141.58,n/a
costsim-01198,B5-lite,compact_7b_4bit,Compact 7B 4-bit VLM proxy,9000,6144,1344x1344,448x448,448x448,5,5,32,1,1,shared_all_resident,6144,3809.28,1660,96,14565.28,14.224,True,2330.72,1,0,0,117.58,n/a
costsim-01199,B5-lite,compact_7b_4bit,Compact 7B 4-bit VLM proxy,9000,6144,1344x1344,448x448,448x448,5,5,32,2,2,shared_all_resident,6144,3809.28,1660,96,14565.28,14.224,True,2330.72,2,0,0,125.58,n/a
costsim-01200,B5-lite,compact_7b_4bit,Compact 7B 4-bit VLM proxy,9000,6144,1344x1344,448x448,448x448,5,5,32,4,4,shared_all_resident,6144,3809.28,1660,96,14565.28,14.224,True,2330.72,4,0,0,141.58,n/a
costsim-01201,B7-lite,compact_7b_4bit,Compact 7B 4-bit VLM proxy,9000,6144,1344x1344,336x336,336x336,1,1,4,1,1,shared_budget_conditioned,1152,714.24,265,96,10075.24,9.839,True,6820.76,1,0,0,62.67,allow_initial_plan
costsim-01202,B7-lite,compact_7b_4bit,Compact 7B 4-bit VLM proxy,9000,6144,1344x1344,336x336,336x336,1,1,4,2,2,shared_budget_conditioned,1152,714.24,310,96,10120.24,9.883,True,6775.76,2,0,0,70.67,allow_initial_plan
costsim-01203,B7-lite,compact_7b_4bit,Compact 7B 4-bit VLM proxy,9000,6144,1344x1344,336x336,336x336,1,1,4,4,4,shared_budget_conditioned,1152,714.24,400,180,10294.24,10.053,True,6601.76,4,0,0,86.67,allow_initial_plan
costsim-01204,B7-lite,compact_7b_4bit,Compact 7B 4-bit VLM proxy,9000,6144,1344x1344,336x336,336x336,1,1,8,1,1,shared_budget_conditioned,1152,714.24,265,96,10075.24,9.839,True,6820.76,1,0,0,62.67,allow_initial_plan
costsim-01205,B7-lite,compact_7b_4bit,Compact 7B 4-bit VLM proxy,9000,6144,1344x1344,336x336,336x336,1,1,8,2,2,shared_budget_conditioned,1152,714.24,310,96,10120.24,9.883,True,6775.76,2,0,0,70.67,allow_initial_plan
costsim-01206,B7-lite,compact_7b_4bit,Compact 7B 4-bit VLM proxy,9000,6144,1344x1344,336x336,336x336,1,1,8,4,4,shared_budget_conditioned,1152,714.24,400,180,10294.24,10.053,True,6601.76,4,0,0,86.67,allow_initial_plan
costsim-01207,B7-lite,compact_7b_4bit,Compact 7B 4-bit VLM proxy,9000,6144,1344x1344,336x336,336x336,1,1,16,1,1,shared_budget_conditioned,1152,714.24,265,96,10075.24,9.839,True,6820.76,1,0,0,62.67,allow_initial_plan
costsim-01208,B7-lite,compact_7b_4bit,Compact 7B 4-bit VLM proxy,9000,6144,1344x1344,336x336,336x336,1,1,16,2,2,shared_budget_conditioned,1152,714.24,310,96,10120.24,9.883,True,6775.76,2,0,0,70.67,allow_initial_plan
costsim-01209,B7-lite,compact_7b_4bit,Compact 7B 4-bit VLM proxy,9000,6144,1344x1344,336x336,336x336,1,1,16,4,4,shared_budget_conditioned,1152,714.24,400,180,10294.24,10.053,True,6601.76,4,0,0,86.67,allow_initial_plan
costsim-01210,B7-lite,compact_7b_4bit,Compact 7B 4-bit VLM proxy,9000,6144,1344x1344,336x336,336x336,1,1,32,1,1,shared_budget_conditioned,1152,714.24,265,96,10075.24,9.839,True,6820.76,1,0,0,62.67,allow_initial_plan
costsim-01211,B7-lite,compact_7b_4bit,Compact 7B 4-bit VLM proxy,9000,6144,1344x1344,336x336,336x336,1,1,32,2,2,shared_budget_conditioned,1152,714.24,310,96,10120.24,9.883,True,6775.76,2,0,0,70.67,allow_initial_plan
costsim-01212,B7-lite,compact_7b_4bit,Compact 7B 4-bit VLM proxy,9000,6144,1344x1344,336x336,336x336,1,1,32,4,4,shared_budget_conditioned,1152,714.24,400,180,10294.24,10.053,True,6601.76,4,0,0,86.67,allow_initial_plan
costsim-01213,B7-lite,compact_7b_4bit,Compact 7B 4-bit VLM proxy,9000,6144,1344x1344,336x336,336x336,3,3,4,1,1,shared_budget_conditioned,2304,1428.48,265,96,10789.48,10.537,True,6106.52,1,0,0,75.34,allow_initial_plan
costsim-01214,B7-lite,compact_7b_4bit,Compact 7B 4-bit VLM proxy,9000,6144,1344x1344,336x336,336x336,3,3,4,2,2,shared_budget_conditioned,2304,1428.48,310,96,10834.48,10.581,True,6061.52,2,0,0,83.34,allow_initial_plan
costsim-01215,B7-lite,compact_7b_4bit,Compact 7B 4-bit VLM proxy,9000,6144,1344x1344,336x336,336x336,3,3,4,4,4,shared_budget_conditioned,2304,1428.48,400,180,11008.48,10.75,True,5887.52,4,0,0,99.34,allow_initial_plan
costsim-01216,B7-lite,compact_7b_4bit,Compact 7B 4-bit VLM proxy,9000,6144,1344x1344,336x336,336x336,3,3,8,1,1,shared_budget_conditioned,2304,1428.48,265,96,10789.48,10.537,True,6106.52,1,0,0,75.34,allow_initial_plan
costsim-01217,B7-lite,compact_7b_4bit,Compact 7B 4-bit VLM proxy,9000,6144,1344x1344,336x336,336x336,3,3,8,2,2,shared_budget_conditioned,2304,1428.48,310,96,10834.48,10.581,True,6061.52,2,0,0,83.34,allow_initial_plan
costsim-01218,B7-lite,compact_7b_4bit,Compact 7B 4-bit VLM proxy,9000,6144,1344x1344,336x336,336x336,3,3,8,4,4,shared_budget_conditioned,2304,1428.48,400,180,11008.48,10.75,True,5887.52,4,0,0,99.34,allow_initial_plan
costsim-01219,B7-lite,compact_7b_4bit,Compact 7B 4-bit VLM proxy,9000,6144,1344x1344,336x336,336x336,3,3,16,1,1,shared_budget_conditioned,2304,1428.48,265,96,10789.48,10.537,True,6106.52,1,0,0,75.34,allow_initial_plan
costsim-01220,B7-lite,compact_7b_4bit,Compact 7B 4-bit VLM proxy,9000,6144,1344x1344,336x336,336x336,3,3,16,2,2,shared_budget_conditioned,2304,1428.48,310,96,10834.48,10.581,True,6061.52,2,0,0,83.34,allow_initial_plan
costsim-01221,B7-lite,compact_7b_4bit,Compact 7B 4-bit VLM proxy,9000,6144,1344x1344,336x336,336x336,3,3,16,4,4,shared_budget_conditioned,2304,1428.48,400,180,11008.48,10.75,True,5887.52,4,0,0,99.34,allow_initial_plan
costsim-01222,B7-lite,compact_7b_4bit,Compact 7B 4-bit VLM proxy,9000,6144,1344x1344,336x336,336x336,3,3,32,1,1,shared_budget_conditioned,2304,1428.48,265,96,10789.48,10.537,True,6106.52,1,0,0,75.34,allow_initial_plan
costsim-01223,B7-lite,compact_7b_4bit,Compact 7B 4-bit VLM proxy,9000,6144,1344x1344,336x336,336x336,3,3,32,2,2,shared_budget_conditioned,2304,1428.48,310,96,10834.48,10.581,True,6061.52,2,0,0,83.34,allow_initial_plan
costsim-01224,B7-lite,compact_7b_4bit,Compact 7B 4-bit VLM proxy,9000,6144,1344x1344,336x336,336x336,3,3,32,4,4,shared_budget_conditioned,2304,1428.48,400,180,11008.48,10.75,True,5887.52,4,0,0,99.34,allow_initial_plan
costsim-01225,B7-lite,compact_7b_4bit,Compact 7B 4-bit VLM proxy,9000,6144,1344x1344,336x336,336x336,5,5,4,1,1,shared_budget_conditioned,3456,2142.72,265,96,11503.72,11.234,True,5392.28,1,0,0,88.02,allow_initial_plan
costsim-01226,B7-lite,compact_7b_4bit,Compact 7B 4-bit VLM proxy,9000,6144,1344x1344,336x336,336x336,5,5,4,2,2,shared_budget_conditioned,3456,2142.72,310,96,11548.72,11.278,True,5347.28,2,0,0,96.02,allow_initial_plan
costsim-01227,B7-lite,compact_7b_4bit,Compact 7B 4-bit VLM proxy,9000,6144,1344x1344,336x336,336x336,5,5,4,4,4,shared_budget_conditioned,3456,2142.72,400,180,11722.72,11.448,True,5173.28,4,0,0,112.02,allow_initial_plan
costsim-01228,B7-lite,compact_7b_4bit,Compact 7B 4-bit VLM proxy,9000,6144,1344x1344,336x336,336x336,5,5,8,1,1,shared_budget_conditioned,3456,2142.72,265,96,11503.72,11.234,True,5392.28,1,0,0,88.02,allow_initial_plan
costsim-01229,B7-lite,compact_7b_4bit,Compact 7B 4-bit VLM proxy,9000,6144,1344x1344,336x336,336x336,5,5,8,2,2,shared_budget_conditioned,3456,2142.72,310,96,11548.72,11.278,True,5347.28,2,0,0,96.02,allow_initial_plan
costsim-01230,B7-lite,compact_7b_4bit,Compact 7B 4-bit VLM proxy,9000,6144,1344x1344,336x336,336x336,5,5,8,4,4,shared_budget_conditioned,3456,2142.72,400,180,11722.72,11.448,True,5173.28,4,0,0,112.02,allow_initial_plan
costsim-01231,B7-lite,compact_7b_4bit,Compact 7B 4-bit VLM proxy,9000,6144,1344x1344,336x336,336x336,5,5,16,1,1,shared_budget_conditioned,3456,2142.72,265,96,11503.72,11.234,True,5392.28,1,0,0,88.02,allow_initial_plan
costsim-01232,B7-lite,compact_7b_4bit,Compact 7B 4-bit VLM proxy,9000,6144,1344x1344,336x336,336x336,5,5,16,2,2,shared_budget_conditioned,3456,2142.72,310,96,11548.72,11.278,True,5347.28,2,0,0,96.02,allow_initial_plan
costsim-01233,B7-lite,compact_7b_4bit,Compact 7B 4-bit VLM proxy,9000,6144,1344x1344,336x336,336x336,5,5,16,4,4,shared_budget_conditioned,3456,2142.72,400,180,11722.72,11.448,True,5173.28,4,0,0,112.02,allow_initial_plan
costsim-01234,B7-lite,compact_7b_4bit,Compact 7B 4-bit VLM proxy,9000,6144,1344x1344,336x336,336x336,5,5,32,1,1,shared_budget_conditioned,3456,2142.72,265,96,11503.72,11.234,True,5392.28,1,0,0,88.02,allow_initial_plan
costsim-01235,B7-lite,compact_7b_4bit,Compact 7B 4-bit VLM proxy,9000,6144,1344x1344,336x336,336x336,5,5,32,2,2,shared_budget_conditioned,3456,2142.72,310,96,11548.72,11.278,True,5347.28,2,0,0,96.02,allow_initial_plan
costsim-01236,B7-lite,compact_7b_4bit,Compact 7B 4-bit VLM proxy,9000,6144,1344x1344,336x336,336x336,5,5,32,4,4,shared_budget_conditioned,3456,2142.72,400,180,11722.72,11.448,True,5173.28,4,0,0,112.02,allow_initial_plan
costsim-01237,B7-lite,compact_7b_4bit,Compact 7B 4-bit VLM proxy,9000,6144,1344x1344,336x336,448x448,1,1,4,1,1,shared_budget_conditioned,1600,992.0,265,96,10353.0,10.11,True,6543.0,1,0,0,67.6,allow_initial_plan
costsim-01238,B7-lite,compact_7b_4bit,Compact 7B 4-bit VLM proxy,9000,6144,1344x1344,336x336,448x448,1,1,4,2,2,shared_budget_conditioned,1600,992.0,310,96,10398.0,10.154,True,6498.0,2,0,0,75.6,allow_initial_plan
costsim-01239,B7-lite,compact_7b_4bit,Compact 7B 4-bit VLM proxy,9000,6144,1344x1344,336x336,448x448,1,1,4,4,4,shared_budget_conditioned,1600,992.0,400,180,10572.0,10.324,True,6324.0,4,0,0,91.6,allow_initial_plan
costsim-01240,B7-lite,compact_7b_4bit,Compact 7B 4-bit VLM proxy,9000,6144,1344x1344,336x336,448x448,1,1,8,1,1,shared_budget_conditioned,1600,992.0,265,96,10353.0,10.11,True,6543.0,1,0,0,67.6,allow_initial_plan
costsim-01241,B7-lite,compact_7b_4bit,Compact 7B 4-bit VLM proxy,9000,6144,1344x1344,336x336,448x448,1,1,8,2,2,shared_budget_conditioned,1600,992.0,310,96,10398.0,10.154,True,6498.0,2,0,0,75.6,allow_initial_plan
costsim-01242,B7-lite,compact_7b_4bit,Compact 7B 4-bit VLM proxy,9000,6144,1344x1344,336x336,448x448,1,1,8,4,4,shared_budget_conditioned,1600,992.0,400,180,10572.0,10.324,True,6324.0,4,0,0,91.6,allow_initial_plan
costsim-01243,B7-lite,compact_7b_4bit,Compact 7B 4-bit VLM proxy,9000,6144,1344x1344,336x336,448x448,1,1,16,1,1,shared_budget_conditioned,1600,992.0,265,96,10353.0,10.11,True,6543.0,1,0,0,67.6,allow_initial_plan
costsim-01244,B7-lite,compact_7b_4bit,Compact 7B 4-bit VLM proxy,9000,6144,1344x1344,336x336,448x448,1,1,16,2,2,shared_budget_conditioned,1600,992.0,310,96,10398.0,10.154,True,6498.0,2,0,0,75.6,allow_initial_plan
costsim-01245,B7-lite,compact_7b_4bit,Compact 7B 4-bit VLM proxy,9000,6144,1344x1344,336x336,448x448,1,1,16,4,4,shared_budget_conditioned,1600,992.0,400,180,10572.0,10.324,True,6324.0,4,0,0,91.6,allow_initial_plan
costsim-01246,B7-lite,compact_7b_4bit,Compact 7B 4-bit VLM proxy,9000,6144,1344x1344,336x336,448x448,1,1,32,1,1,shared_budget_conditioned,1600,992.0,265,96,10353.0,10.11,True,6543.0,1,0,0,67.6,allow_initial_plan
costsim-01247,B7-lite,compact_7b_4bit,Compact 7B 4-bit VLM proxy,9000,6144,1344x1344,336x336,448x448,1,1,32,2,2,shared_budget_conditioned,1600,992.0,310,96,10398.0,10.154,True,6498.0,2,0,0,75.6,allow_initial_plan
costsim-01248,B7-lite,compact_7b_4bit,Compact 7B 4-bit VLM proxy,9000,6144,1344x1344,336x336,448x448,1,1,32,4,4,shared_budget_conditioned,1600,992.0,400,180,10572.0,10.324,True,6324.0,4,0,0,91.6,allow_initial_plan
costsim-01249,B7-lite,compact_7b_4bit,Compact 7B 4-bit VLM proxy,9000,6144,1344x1344,336x336,448x448,3,3,4,1,1,shared_budget_conditioned,3648,2261.76,265,96,11622.76,11.35,True,5273.24,1,0,0,90.13,allow_initial_plan
costsim-01250,B7-lite,compact_7b_4bit,Compact 7B 4-bit VLM proxy,9000,6144,1344x1344,336x336,448x448,3,3,4,2,2,shared_budget_conditioned,3648,2261.76,310,96,11667.76,11.394,True,5228.24,2,0,0,98.13,allow_initial_plan
costsim-01251,B7-lite,compact_7b_4bit,Compact 7B 4-bit VLM proxy,9000,6144,1344x1344,336x336,448x448,3,3,4,4,4,shared_budget_conditioned,3648,2261.76,400,180,11841.76,11.564,True,5054.24,4,0,0,114.13,allow_initial_plan
costsim-01252,B7-lite,compact_7b_4bit,Compact 7B 4-bit VLM proxy,9000,6144,1344x1344,336x336,448x448,3,3,8,1,1,shared_budget_conditioned,3648,2261.76,265,96,11622.76,11.35,True,5273.24,1,0,0,90.13,allow_initial_plan
costsim-01253,B7-lite,compact_7b_4bit,Compact 7B 4-bit VLM proxy,9000,6144,1344x1344,336x336,448x448,3,3,8,2,2,shared_budget_conditioned,3648,2261.76,310,96,11667.76,11.394,True,5228.24,2,0,0,98.13,allow_initial_plan
costsim-01254,B7-lite,compact_7b_4bit,Compact 7B 4-bit VLM proxy,9000,6144,1344x1344,336x336,448x448,3,3,8,4,4,shared_budget_conditioned,3648,2261.76,400,180,11841.76,11.564,True,5054.24,4,0,0,114.13,allow_initial_plan
costsim-01255,B7-lite,compact_7b_4bit,Compact 7B 4-bit VLM proxy,9000,6144,1344x1344,336x336,448x448,3,3,16,1,1,shared_budget_conditioned,3648,2261.76,265,96,11622.76,11.35,True,5273.24,1,0,0,90.13,allow_initial_plan
costsim-01256,B7-lite,compact_7b_4bit,Compact 7B 4-bit VLM proxy,9000,6144,1344x1344,336x336,448x448,3,3,16,2,2,shared_budget_conditioned,3648,2261.76,310,96,11667.76,11.394,True,5228.24,2,0,0,98.13,allow_initial_plan
costsim-01257,B7-lite,compact_7b_4bit,Compact 7B 4-bit VLM proxy,9000,6144,1344x1344,336x336,448x448,3,3,16,4,4,shared_budget_conditioned,3648,2261.76,400,180,11841.76,11.564,True,5054.24,4,0,0,114.13,allow_initial_plan
costsim-01258,B7-lite,compact_7b_4bit,Compact 7B 4-bit VLM proxy,9000,6144,1344x1344,336x336,448x448,3,3,32,1,1,shared_budget_conditioned,3648,2261.76,265,96,11622.76,11.35,True,5273.24,1,0,0,90.13,allow_initial_plan
costsim-01259,B7-lite,compact_7b_4bit,Compact 7B 4-bit VLM proxy,9000,6144,1344x1344,336x336,448x448,3,3,32,2,2,shared_budget_conditioned,3648,2261.76,310,96,11667.76,11.394,True,5228.24,2,0,0,98.13,allow_initial_plan
costsim-01260,B7-lite,compact_7b_4bit,Compact 7B 4-bit VLM proxy,9000,6144,1344x1344,336x336,448x448,3,3,32,4,4,shared_budget_conditioned,3648,2261.76,400,180,11841.76,11.564,True,5054.24,4,0,0,114.13,allow_initial_plan
costsim-01261,B7-lite,compact_7b_4bit,Compact 7B 4-bit VLM proxy,9000,6144,1344x1344,336x336,448x448,5,5,4,1,1,shared_budget_conditioned,5696,3531.52,265,96,12892.52,12.59,True,4003.48,1,0,0,112.66,allow_initial_plan
costsim-01262,B7-lite,compact_7b_4bit,Compact 7B 4-bit VLM proxy,9000,6144,1344x1344,336x336,448x448,5,5,4,2,2,shared_budget_conditioned,5696,3531.52,310,96,12937.52,12.634,True,3958.48,2,0,0,120.66,allow_initial_plan
costsim-01263,B7-lite,compact_7b_4bit,Compact 7B 4-bit VLM proxy,9000,6144,1344x1344,336x336,448x448,5,5,4,4,4,shared_budget_conditioned,5696,3531.52,400,180,13111.52,12.804,True,3784.48,4,0,0,136.66,allow_initial_plan
costsim-01264,B7-lite,compact_7b_4bit,Compact 7B 4-bit VLM proxy,9000,6144,1344x1344,336x336,448x448,5,5,8,1,1,shared_budget_conditioned,5696,3531.52,265,96,12892.52,12.59,True,4003.48,1,0,0,112.66,allow_initial_plan
costsim-01265,B7-lite,compact_7b_4bit,Compact 7B 4-bit VLM proxy,9000,6144,1344x1344,336x336,448x448,5,5,8,2,2,shared_budget_conditioned,5696,3531.52,310,96,12937.52,12.634,True,3958.48,2,0,0,120.66,allow_initial_plan
costsim-01266,B7-lite,compact_7b_4bit,Compact 7B 4-bit VLM proxy,9000,6144,1344x1344,336x336,448x448,5,5,8,4,4,shared_budget_conditioned,5696,3531.52,400,180,13111.52,12.804,True,3784.48,4,0,0,136.66,allow_initial_plan
costsim-01267,B7-lite,compact_7b_4bit,Compact 7B 4-bit VLM proxy,9000,6144,1344x1344,336x336,448x448,5,5,16,1,1,shared_budget_conditioned,5696,3531.52,265,96,12892.52,12.59,True,4003.48,1,0,0,112.66,allow_initial_plan
costsim-01268,B7-lite,compact_7b_4bit,Compact 7B 4-bit VLM proxy,9000,6144,1344x1344,336x336,448x448,5,5,16,2,2,shared_budget_conditioned,5696,3531.52,310,96,12937.52,12.634,True,3958.48,2,0,0,120.66,allow_initial_plan
costsim-01269,B7-lite,compact_7b_4bit,Compact 7B 4-bit VLM proxy,9000,6144,1344x1344,336x336,448x448,5,5,16,4,4,shared_budget_conditioned,5696,3531.52,400,180,13111.52,12.804,True,3784.48,4,0,0,136.66,allow_initial_plan
costsim-01270,B7-lite,compact_7b_4bit,Compact 7B 4-bit VLM proxy,9000,6144,1344x1344,336x336,448x448,5,5,32,1,1,shared_budget_conditioned,5696,3531.52,265,96,12892.52,12.59,True,4003.48,1,0,0,112.66,allow_initial_plan
costsim-01271,B7-lite,compact_7b_4bit,Compact 7B 4-bit VLM proxy,9000,6144,1344x1344,336x336,448x448,5,5,32,2,2,shared_budget_conditioned,5696,3531.52,310,96,12937.52,12.634,True,3958.48,2,0,0,120.66,allow_initial_plan
costsim-01272,B7-lite,compact_7b_4bit,Compact 7B 4-bit VLM proxy,9000,6144,1344x1344,336x336,448x448,5,5,32,4,4,shared_budget_conditioned,5696,3531.52,400,180,13111.52,12.804,True,3784.48,4,0,0,136.66,allow_initial_plan
costsim-01273,B7-lite,compact_7b_4bit,Compact 7B 4-bit VLM proxy,9000,6144,1344x1344,448x448,336x336,1,1,4,1,1,shared_budget_conditioned,1600,992.0,265,96,10353.0,10.11,True,6543.0,1,0,0,67.6,allow_initial_plan
costsim-01274,B7-lite,compact_7b_4bit,Compact 7B 4-bit VLM proxy,9000,6144,1344x1344,448x448,336x336,1,1,4,2,2,shared_budget_conditioned,1600,992.0,310,96,10398.0,10.154,True,6498.0,2,0,0,75.6,allow_initial_plan
costsim-01275,B7-lite,compact_7b_4bit,Compact 7B 4-bit VLM proxy,9000,6144,1344x1344,448x448,336x336,1,1,4,4,4,shared_budget_conditioned,1600,992.0,400,180,10572.0,10.324,True,6324.0,4,0,0,91.6,allow_initial_plan
costsim-01276,B7-lite,compact_7b_4bit,Compact 7B 4-bit VLM proxy,9000,6144,1344x1344,448x448,336x336,1,1,8,1,1,shared_budget_conditioned,1600,992.0,265,96,10353.0,10.11,True,6543.0,1,0,0,67.6,allow_initial_plan
costsim-01277,B7-lite,compact_7b_4bit,Compact 7B 4-bit VLM proxy,9000,6144,1344x1344,448x448,336x336,1,1,8,2,2,shared_budget_conditioned,1600,992.0,310,96,10398.0,10.154,True,6498.0,2,0,0,75.6,allow_initial_plan
costsim-01278,B7-lite,compact_7b_4bit,Compact 7B 4-bit VLM proxy,9000,6144,1344x1344,448x448,336x336,1,1,8,4,4,shared_budget_conditioned,1600,992.0,400,180,10572.0,10.324,True,6324.0,4,0,0,91.6,allow_initial_plan
costsim-01279,B7-lite,compact_7b_4bit,Compact 7B 4-bit VLM proxy,9000,6144,1344x1344,448x448,336x336,1,1,16,1,1,shared_budget_conditioned,1600,992.0,265,96,10353.0,10.11,True,6543.0,1,0,0,67.6,allow_initial_plan
costsim-01280,B7-lite,compact_7b_4bit,Compact 7B 4-bit VLM proxy,9000,6144,1344x1344,448x448,336x336,1,1,16,2,2,shared_budget_conditioned,1600,992.0,310,96,10398.0,10.154,True,6498.0,2,0,0,75.6,allow_initial_plan
costsim-01281,B7-lite,compact_7b_4bit,Compact 7B 4-bit VLM proxy,9000,6144,1344x1344,448x448,336x336,1,1,16,4,4,shared_budget_conditioned,1600,992.0,400,180,10572.0,10.324,True,6324.0,4,0,0,91.6,allow_initial_plan
costsim-01282,B7-lite,compact_7b_4bit,Compact 7B 4-bit VLM proxy,9000,6144,1344x1344,448x448,336x336,1,1,32,1,1,shared_budget_conditioned,1600,992.0,265,96,10353.0,10.11,True,6543.0,1,0,0,67.6,allow_initial_plan
costsim-01283,B7-lite,compact_7b_4bit,Compact 7B 4-bit VLM proxy,9000,6144,1344x1344,448x448,336x336,1,1,32,2,2,shared_budget_conditioned,1600,992.0,310,96,10398.0,10.154,True,6498.0,2,0,0,75.6,allow_initial_plan
costsim-01284,B7-lite,compact_7b_4bit,Compact 7B 4-bit VLM proxy,9000,6144,1344x1344,448x448,336x336,1,1,32,4,4,shared_budget_conditioned,1600,992.0,400,180,10572.0,10.324,True,6324.0,4,0,0,91.6,allow_initial_plan
costsim-01285,B7-lite,compact_7b_4bit,Compact 7B 4-bit VLM proxy,9000,6144,1344x1344,448x448,336x336,3,3,4,1,1,shared_budget_conditioned,2752,1706.24,265,96,11067.24,10.808,True,5828.76,1,0,0,80.27,allow_initial_plan
costsim-01286,B7-lite,compact_7b_4bit,Compact 7B 4-bit VLM proxy,9000,6144,1344x1344,448x448,336x336,3,3,4,2,2,shared_budget_conditioned,2752,1706.24,310,96,11112.24,10.852,True,5783.76,2,0,0,88.27,allow_initial_plan
costsim-01287,B7-lite,compact_7b_4bit,Compact 7B 4-bit VLM proxy,9000,6144,1344x1344,448x448,336x336,3,3,4,4,4,shared_budget_conditioned,2752,1706.24,400,180,11286.24,11.022,True,5609.76,4,0,0,104.27,allow_initial_plan
costsim-01288,B7-lite,compact_7b_4bit,Compact 7B 4-bit VLM proxy,9000,6144,1344x1344,448x448,336x336,3,3,8,1,1,shared_budget_conditioned,2752,1706.24,265,96,11067.24,10.808,True,5828.76,1,0,0,80.27,allow_initial_plan
costsim-01289,B7-lite,compact_7b_4bit,Compact 7B 4-bit VLM proxy,9000,6144,1344x1344,448x448,336x336,3,3,8,2,2,shared_budget_conditioned,2752,1706.24,310,96,11112.24,10.852,True,5783.76,2,0,0,88.27,allow_initial_plan
costsim-01290,B7-lite,compact_7b_4bit,Compact 7B 4-bit VLM proxy,9000,6144,1344x1344,448x448,336x336,3,3,8,4,4,shared_budget_conditioned,2752,1706.24,400,180,11286.24,11.022,True,5609.76,4,0,0,104.27,allow_initial_plan
costsim-01291,B7-lite,compact_7b_4bit,Compact 7B 4-bit VLM proxy,9000,6144,1344x1344,448x448,336x336,3,3,16,1,1,shared_budget_conditioned,2752,1706.24,265,96,11067.24,10.808,True,5828.76,1,0,0,80.27,allow_initial_plan
costsim-01292,B7-lite,compact_7b_4bit,Compact 7B 4-bit VLM proxy,9000,6144,1344x1344,448x448,336x336,3,3,16,2,2,shared_budget_conditioned,2752,1706.24,310,96,11112.24,10.852,True,5783.76,2,0,0,88.27,allow_initial_plan
costsim-01293,B7-lite,compact_7b_4bit,Compact 7B 4-bit VLM proxy,9000,6144,1344x1344,448x448,336x336,3,3,16,4,4,shared_budget_conditioned,2752,1706.24,400,180,11286.24,11.022,True,5609.76,4,0,0,104.27,allow_initial_plan
costsim-01294,B7-lite,compact_7b_4bit,Compact 7B 4-bit VLM proxy,9000,6144,1344x1344,448x448,336x336,3,3,32,1,1,shared_budget_conditioned,2752,1706.24,265,96,11067.24,10.808,True,5828.76,1,0,0,80.27,allow_initial_plan
costsim-01295,B7-lite,compact_7b_4bit,Compact 7B 4-bit VLM proxy,9000,6144,1344x1344,448x448,336x336,3,3,32,2,2,shared_budget_conditioned,2752,1706.24,310,96,11112.24,10.852,True,5783.76,2,0,0,88.27,allow_initial_plan
costsim-01296,B7-lite,compact_7b_4bit,Compact 7B 4-bit VLM proxy,9000,6144,1344x1344,448x448,336x336,3,3,32,4,4,shared_budget_conditioned,2752,1706.24,400,180,11286.24,11.022,True,5609.76,4,0,0,104.27,allow_initial_plan
costsim-01297,B7-lite,compact_7b_4bit,Compact 7B 4-bit VLM proxy,9000,6144,1344x1344,448x448,336x336,5,5,4,1,1,shared_budget_conditioned,3904,2420.48,265,96,11781.48,11.505,True,5114.52,1,0,0,92.94,allow_initial_plan
costsim-01298,B7-lite,compact_7b_4bit,Compact 7B 4-bit VLM proxy,9000,6144,1344x1344,448x448,336x336,5,5,4,2,2,shared_budget_conditioned,3904,2420.48,310,96,11826.48,11.549,True,5069.52,2,0,0,100.94,allow_initial_plan
costsim-01299,B7-lite,compact_7b_4bit,Compact 7B 4-bit VLM proxy,9000,6144,1344x1344,448x448,336x336,5,5,4,4,4,shared_budget_conditioned,3904,2420.48,400,180,12000.48,11.719,True,4895.52,4,0,0,116.94,allow_initial_plan
costsim-01300,B7-lite,compact_7b_4bit,Compact 7B 4-bit VLM proxy,9000,6144,1344x1344,448x448,336x336,5,5,8,1,1,shared_budget_conditioned,3904,2420.48,265,96,11781.48,11.505,True,5114.52,1,0,0,92.94,allow_initial_plan
costsim-01301,B7-lite,compact_7b_4bit,Compact 7B 4-bit VLM proxy,9000,6144,1344x1344,448x448,336x336,5,5,8,2,2,shared_budget_conditioned,3904,2420.48,310,96,11826.48,11.549,True,5069.52,2,0,0,100.94,allow_initial_plan
costsim-01302,B7-lite,compact_7b_4bit,Compact 7B 4-bit VLM proxy,9000,6144,1344x1344,448x448,336x336,5,5,8,4,4,shared_budget_conditioned,3904,2420.48,400,180,12000.48,11.719,True,4895.52,4,0,0,116.94,allow_initial_plan
costsim-01303,B7-lite,compact_7b_4bit,Compact 7B 4-bit VLM proxy,9000,6144,1344x1344,448x448,336x336,5,5,16,1,1,shared_budget_conditioned,3904,2420.48,265,96,11781.48,11.505,True,5114.52,1,0,0,92.94,allow_initial_plan
costsim-01304,B7-lite,compact_7b_4bit,Compact 7B 4-bit VLM proxy,9000,6144,1344x1344,448x448,336x336,5,5,16,2,2,shared_budget_conditioned,3904,2420.48,310,96,11826.48,11.549,True,5069.52,2,0,0,100.94,allow_initial_plan
costsim-01305,B7-lite,compact_7b_4bit,Compact 7B 4-bit VLM proxy,9000,6144,1344x1344,448x448,336x336,5,5,16,4,4,shared_budget_conditioned,3904,2420.48,400,180,12000.48,11.719,True,4895.52,4,0,0,116.94,allow_initial_plan
costsim-01306,B7-lite,compact_7b_4bit,Compact 7B 4-bit VLM proxy,9000,6144,1344x1344,448x448,336x336,5,5,32,1,1,shared_budget_conditioned,3904,2420.48,265,96,11781.48,11.505,True,5114.52,1,0,0,92.94,allow_initial_plan
costsim-01307,B7-lite,compact_7b_4bit,Compact 7B 4-bit VLM proxy,9000,6144,1344x1344,448x448,336x336,5,5,32,2,2,shared_budget_conditioned,3904,2420.48,310,96,11826.48,11.549,True,5069.52,2,0,0,100.94,allow_initial_plan
costsim-01308,B7-lite,compact_7b_4bit,Compact 7B 4-bit VLM proxy,9000,6144,1344x1344,448x448,336x336,5,5,32,4,4,shared_budget_conditioned,3904,2420.48,400,180,12000.48,11.719,True,4895.52,4,0,0,116.94,allow_initial_plan
costsim-01309,B7-lite,compact_7b_4bit,Compact 7B 4-bit VLM proxy,9000,6144,1344x1344,448x448,448x448,1,1,4,1,1,shared_budget_conditioned,2048,1269.76,265,96,10630.76,10.382,True,6265.24,1,0,0,72.53,allow_initial_plan
costsim-01310,B7-lite,compact_7b_4bit,Compact 7B 4-bit VLM proxy,9000,6144,1344x1344,448x448,448x448,1,1,4,2,2,shared_budget_conditioned,2048,1269.76,310,96,10675.76,10.426,True,6220.24,2,0,0,80.53,allow_initial_plan
costsim-01311,B7-lite,compact_7b_4bit,Compact 7B 4-bit VLM proxy,9000,6144,1344x1344,448x448,448x448,1,1,4,4,4,shared_budget_conditioned,2048,1269.76,400,180,10849.76,10.595,True,6046.24,4,0,0,96.53,allow_initial_plan
costsim-01312,B7-lite,compact_7b_4bit,Compact 7B 4-bit VLM proxy,9000,6144,1344x1344,448x448,448x448,1,1,8,1,1,shared_budget_conditioned,2048,1269.76,265,96,10630.76,10.382,True,6265.24,1,0,0,72.53,allow_initial_plan
costsim-01313,B7-lite,compact_7b_4bit,Compact 7B 4-bit VLM proxy,9000,6144,1344x1344,448x448,448x448,1,1,8,2,2,shared_budget_conditioned,2048,1269.76,310,96,10675.76,10.426,True,6220.24,2,0,0,80.53,allow_initial_plan
costsim-01314,B7-lite,compact_7b_4bit,Compact 7B 4-bit VLM proxy,9000,6144,1344x1344,448x448,448x448,1,1,8,4,4,shared_budget_conditioned,2048,1269.76,400,180,10849.76,10.595,True,6046.24,4,0,0,96.53,allow_initial_plan
costsim-01315,B7-lite,compact_7b_4bit,Compact 7B 4-bit VLM proxy,9000,6144,1344x1344,448x448,448x448,1,1,16,1,1,shared_budget_conditioned,2048,1269.76,265,96,10630.76,10.382,True,6265.24,1,0,0,72.53,allow_initial_plan
costsim-01316,B7-lite,compact_7b_4bit,Compact 7B 4-bit VLM proxy,9000,6144,1344x1344,448x448,448x448,1,1,16,2,2,shared_budget_conditioned,2048,1269.76,310,96,10675.76,10.426,True,6220.24,2,0,0,80.53,allow_initial_plan
costsim-01317,B7-lite,compact_7b_4bit,Compact 7B 4-bit VLM proxy,9000,6144,1344x1344,448x448,448x448,1,1,16,4,4,shared_budget_conditioned,2048,1269.76,400,180,10849.76,10.595,True,6046.24,4,0,0,96.53,allow_initial_plan
costsim-01318,B7-lite,compact_7b_4bit,Compact 7B 4-bit VLM proxy,9000,6144,1344x1344,448x448,448x448,1,1,32,1,1,shared_budget_conditioned,2048,1269.76,265,96,10630.76,10.382,True,6265.24,1,0,0,72.53,allow_initial_plan
costsim-01319,B7-lite,compact_7b_4bit,Compact 7B 4-bit VLM proxy,9000,6144,1344x1344,448x448,448x448,1,1,32,2,2,shared_budget_conditioned,2048,1269.76,310,96,10675.76,10.426,True,6220.24,2,0,0,80.53,allow_initial_plan
costsim-01320,B7-lite,compact_7b_4bit,Compact 7B 4-bit VLM proxy,9000,6144,1344x1344,448x448,448x448,1,1,32,4,4,shared_budget_conditioned,2048,1269.76,400,180,10849.76,10.595,True,6046.24,4,0,0,96.53,allow_initial_plan
costsim-01321,B7-lite,compact_7b_4bit,Compact 7B 4-bit VLM proxy,9000,6144,1344x1344,448x448,448x448,3,3,4,1,1,shared_budget_conditioned,4096,2539.52,265,96,11900.52,11.622,True,4995.48,1,0,0,95.06,allow_initial_plan
costsim-01322,B7-lite,compact_7b_4bit,Compact 7B 4-bit VLM proxy,9000,6144,1344x1344,448x448,448x448,3,3,4,2,2,shared_budget_conditioned,4096,2539.52,310,96,11945.52,11.666,True,4950.48,2,0,0,103.06,allow_initial_plan
costsim-01323,B7-lite,compact_7b_4bit,Compact 7B 4-bit VLM proxy,9000,6144,1344x1344,448x448,448x448,3,3,4,4,4,shared_budget_conditioned,4096,2539.52,400,180,12119.52,11.835,True,4776.48,4,0,0,119.06,allow_initial_plan
costsim-01324,B7-lite,compact_7b_4bit,Compact 7B 4-bit VLM proxy,9000,6144,1344x1344,448x448,448x448,3,3,8,1,1,shared_budget_conditioned,4096,2539.52,265,96,11900.52,11.622,True,4995.48,1,0,0,95.06,allow_initial_plan
costsim-01325,B7-lite,compact_7b_4bit,Compact 7B 4-bit VLM proxy,9000,6144,1344x1344,448x448,448x448,3,3,8,2,2,shared_budget_conditioned,4096,2539.52,310,96,11945.52,11.666,True,4950.48,2,0,0,103.06,allow_initial_plan
costsim-01326,B7-lite,compact_7b_4bit,Compact 7B 4-bit VLM proxy,9000,6144,1344x1344,448x448,448x448,3,3,8,4,4,shared_budget_conditioned,4096,2539.52,400,180,12119.52,11.835,True,4776.48,4,0,0,119.06,allow_initial_plan
costsim-01327,B7-lite,compact_7b_4bit,Compact 7B 4-bit VLM proxy,9000,6144,1344x1344,448x448,448x448,3,3,16,1,1,shared_budget_conditioned,4096,2539.52,265,96,11900.52,11.622,True,4995.48,1,0,0,95.06,allow_initial_plan
costsim-01328,B7-lite,compact_7b_4bit,Compact 7B 4-bit VLM proxy,9000,6144,1344x1344,448x448,448x448,3,3,16,2,2,shared_budget_conditioned,4096,2539.52,310,96,11945.52,11.666,True,4950.48,2,0,0,103.06,allow_initial_plan
costsim-01329,B7-lite,compact_7b_4bit,Compact 7B 4-bit VLM proxy,9000,6144,1344x1344,448x448,448x448,3,3,16,4,4,shared_budget_conditioned,4096,2539.52,400,180,12119.52,11.835,True,4776.48,4,0,0,119.06,allow_initial_plan
costsim-01330,B7-lite,compact_7b_4bit,Compact 7B 4-bit VLM proxy,9000,6144,1344x1344,448x448,448x448,3,3,32,1,1,shared_budget_conditioned,4096,2539.52,265,96,11900.52,11.622,True,4995.48,1,0,0,95.06,allow_initial_plan
costsim-01331,B7-lite,compact_7b_4bit,Compact 7B 4-bit VLM proxy,9000,6144,1344x1344,448x448,448x448,3,3,32,2,2,shared_budget_conditioned,4096,2539.52,310,96,11945.52,11.666,True,4950.48,2,0,0,103.06,allow_initial_plan
costsim-01332,B7-lite,compact_7b_4bit,Compact 7B 4-bit VLM proxy,9000,6144,1344x1344,448x448,448x448,3,3,32,4,4,shared_budget_conditioned,4096,2539.52,400,180,12119.52,11.835,True,4776.48,4,0,0,119.06,allow_initial_plan
costsim-01333,B7-lite,compact_7b_4bit,Compact 7B 4-bit VLM proxy,9000,6144,1344x1344,448x448,448x448,5,5,4,1,1,shared_budget_conditioned,6144,3809.28,265,96,13170.28,12.862,True,3725.72,1,0,0,117.58,allow_initial_plan
costsim-01334,B7-lite,compact_7b_4bit,Compact 7B 4-bit VLM proxy,9000,6144,1344x1344,448x448,448x448,5,5,4,2,2,shared_budget_conditioned,6144,3809.28,310,96,13215.28,12.906,True,3680.72,2,0,0,125.58,allow_initial_plan
costsim-01335,B7-lite,compact_7b_4bit,Compact 7B 4-bit VLM proxy,9000,6144,1344x1344,448x448,448x448,5,5,4,4,4,shared_budget_conditioned,6144,3809.28,400,180,13389.28,13.075,True,3506.72,4,0,0,141.58,allow_initial_plan
costsim-01336,B7-lite,compact_7b_4bit,Compact 7B 4-bit VLM proxy,9000,6144,1344x1344,448x448,448x448,5,5,8,1,1,shared_budget_conditioned,6144,3809.28,265,96,13170.28,12.862,True,3725.72,1,0,0,117.58,allow_initial_plan
costsim-01337,B7-lite,compact_7b_4bit,Compact 7B 4-bit VLM proxy,9000,6144,1344x1344,448x448,448x448,5,5,8,2,2,shared_budget_conditioned,6144,3809.28,310,96,13215.28,12.906,True,3680.72,2,0,0,125.58,allow_initial_plan
costsim-01338,B7-lite,compact_7b_4bit,Compact 7B 4-bit VLM proxy,9000,6144,1344x1344,448x448,448x448,5,5,8,4,4,shared_budget_conditioned,6144,3809.28,400,180,13389.28,13.075,True,3506.72,4,0,0,141.58,allow_initial_plan
costsim-01339,B7-lite,compact_7b_4bit,Compact 7B 4-bit VLM proxy,9000,6144,1344x1344,448x448,448x448,5,5,16,1,1,shared_budget_conditioned,6144,3809.28,265,96,13170.28,12.862,True,3725.72,1,0,0,117.58,allow_initial_plan
costsim-01340,B7-lite,compact_7b_4bit,Compact 7B 4-bit VLM proxy,9000,6144,1344x1344,448x448,448x448,5,5,16,2,2,shared_budget_conditioned,6144,3809.28,310,96,13215.28,12.906,True,3680.72,2,0,0,125.58,allow_initial_plan
costsim-01341,B7-lite,compact_7b_4bit,Compact 7B 4-bit VLM proxy,9000,6144,1344x1344,448x448,448x448,5,5,16,4,4,shared_budget_conditioned,6144,3809.28,400,180,13389.28,13.075,True,3506.72,4,0,0,141.58,allow_initial_plan
costsim-01342,B7-lite,compact_7b_4bit,Compact 7B 4-bit VLM proxy,9000,6144,1344x1344,448x448,448x448,5,5,32,1,1,shared_budget_conditioned,6144,3809.28,265,96,13170.28,12.862,True,3725.72,1,0,0,117.58,allow_initial_plan
costsim-01343,B7-lite,compact_7b_4bit,Compact 7B 4-bit VLM proxy,9000,6144,1344x1344,448x448,448x448,5,5,32,2,2,shared_budget_conditioned,6144,3809.28,310,96,13215.28,12.906,True,3680.72,2,0,0,125.58,allow_initial_plan
costsim-01344,B7-lite,compact_7b_4bit,Compact 7B 4-bit VLM proxy,9000,6144,1344x1344,448x448,448x448,5,5,32,4,4,shared_budget_conditioned,6144,3809.28,400,180,13389.28,13.075,True,3506.72,4,0,0,141.58,allow_initial_plan
costsim-01345,B0,mid_7b_vlm,Mid 7B VLM proxy,12000,2048,1344x1344,336x336,336x336,0,0,0,0,0,none,576,357.12,0.0,0.0,12357.12,12.068,True,8634.88,0,0,0,48.34,n/a
costsim-01346,B0,mid_7b_vlm,Mid 7B VLM proxy,12000,2048,1344x1344,448x448,336x336,0,0,0,0,0,none,1024,634.88,0.0,0.0,12634.88,12.339,True,8357.12,0,0,0,53.26,n/a
costsim-01347,B1,mid_7b_vlm,Mid 7B VLM proxy,12000,2048,1024x1024,336x336,336x336,0,0,0,0,0,none,5476,3395.12,0.0,0.0,15395.12,15.034,True,5596.88,0,0,0,102.24,n/a
costsim-01348,B1,mid_7b_vlm,Mid 7B VLM proxy,12000,2048,1344x1344,336x336,336x336,0,0,0,0,0,none,9216,5713.92,0.0,0.0,17713.92,17.299,True,3278.08,0,0,0,143.38,n/a
costsim-01349,B2,mid_7b_vlm,Mid 7B VLM proxy,12000,2048,1344x1344,336x336,336x336,1,1,0,0,0,none,1152,714.24,0.0,0.0,12714.24,12.416,True,8277.76,0,0,0,54.67,n/a
costsim-01350,B2,mid_7b_vlm,Mid 7B VLM proxy,12000,2048,1344x1344,336x336,336x336,3,3,0,0,0,none,2304,1428.48,0.0,0.0,13428.48,13.114,True,7563.52,0,0,0,67.34,n/a
costsim-01351,B2,mid_7b_vlm,Mid 7B VLM proxy,12000,2048,1344x1344,336x336,336x336,5,5,0,0,0,none,3456,2142.72,0.0,0.0,14142.72,13.811,True,6849.28,0,0,0,80.02,n/a
costsim-01352,B2,mid_7b_vlm,Mid 7B VLM proxy,12000,2048,1344x1344,336x336,448x448,1,1,0,0,0,none,1600,992.0,0.0,0.0,12992.0,12.688,True,8000.0,0,0,0,59.6,n/a
costsim-01353,B2,mid_7b_vlm,Mid 7B VLM proxy,12000,2048,1344x1344,336x336,448x448,3,3,0,0,0,none,3648,2261.76,0.0,0.0,14261.76,13.928,True,6730.24,0,0,0,82.13,n/a
costsim-01354,B2,mid_7b_vlm,Mid 7B VLM proxy,12000,2048,1344x1344,336x336,448x448,5,5,0,0,0,none,5696,3531.52,0.0,0.0,15531.52,15.168,True,5460.48,0,0,0,104.66,n/a
costsim-01355,B2,mid_7b_vlm,Mid 7B VLM proxy,12000,2048,1344x1344,448x448,336x336,1,1,0,0,0,none,1600,992.0,0.0,0.0,12992.0,12.688,True,8000.0,0,0,0,59.6,n/a
costsim-01356,B2,mid_7b_vlm,Mid 7B VLM proxy,12000,2048,1344x1344,448x448,336x336,3,3,0,0,0,none,2752,1706.24,0.0,0.0,13706.24,13.385,True,7285.76,0,0,0,72.27,n/a
costsim-01357,B2,mid_7b_vlm,Mid 7B VLM proxy,12000,2048,1344x1344,448x448,336x336,5,5,0,0,0,none,3904,2420.48,0.0,0.0,14420.48,14.082,True,6571.52,0,0,0,84.94,n/a
costsim-01358,B2,mid_7b_vlm,Mid 7B VLM proxy,12000,2048,1344x1344,448x448,448x448,1,1,0,0,0,none,2048,1269.76,0.0,0.0,13269.76,12.959,True,7722.24,0,0,0,64.53,n/a
costsim-01359,B2,mid_7b_vlm,Mid 7B VLM proxy,12000,2048,1344x1344,448x448,448x448,3,3,0,0,0,none,4096,2539.52,0.0,0.0,14539.52,14.199,True,6452.48,0,0,0,87.06,n/a
costsim-01360,B2,mid_7b_vlm,Mid 7B VLM proxy,12000,2048,1344x1344,448x448,448x448,5,5,0,0,0,none,6144,3809.28,0.0,0.0,15809.28,15.439,True,5182.72,0,0,0,109.58,n/a
costsim-01361,B4-lite,mid_7b_vlm,Mid 7B VLM proxy,12000,2048,1344x1344,336x336,336x336,1,1,4,1,1,independent_all_resident,1152,714.24,720,96,13530.24,13.213,True,7461.76,1,0,0,72.67,n/a
costsim-01362,B4-lite,mid_7b_vlm,Mid 7B VLM proxy,12000,2048,1344x1344,336x336,336x336,1,1,4,2,2,independent_all_resident,1152,714.24,720,96,13530.24,13.213,True,7461.76,2,0,0,90.67,n/a
costsim-01363,B4-lite,mid_7b_vlm,Mid 7B VLM proxy,12000,2048,1344x1344,336x336,336x336,1,1,4,4,4,independent_all_resident,1152,714.24,720,96,13530.24,13.213,True,7461.76,4,0,0,126.67,n/a
costsim-01364,B4-lite,mid_7b_vlm,Mid 7B VLM proxy,12000,2048,1344x1344,336x336,336x336,1,1,8,1,1,independent_all_resident,1152,714.24,1440,96,14250.24,13.916,True,6741.76,1,0,0,72.67,n/a
costsim-01365,B4-lite,mid_7b_vlm,Mid 7B VLM proxy,12000,2048,1344x1344,336x336,336x336,1,1,8,2,2,independent_all_resident,1152,714.24,1440,96,14250.24,13.916,True,6741.76,2,0,0,90.67,n/a
costsim-01366,B4-lite,mid_7b_vlm,Mid 7B VLM proxy,12000,2048,1344x1344,336x336,336x336,1,1,8,4,4,independent_all_resident,1152,714.24,1440,96,14250.24,13.916,True,6741.76,4,0,0,126.67,n/a
costsim-01367,B4-lite,mid_7b_vlm,Mid 7B VLM proxy,12000,2048,1344x1344,336x336,336x336,1,1,16,1,1,independent_all_resident,1152,714.24,2880,96,15690.24,15.322,True,5301.76,1,0,0,72.67,n/a
costsim-01368,B4-lite,mid_7b_vlm,Mid 7B VLM proxy,12000,2048,1344x1344,336x336,336x336,1,1,16,2,2,independent_all_resident,1152,714.24,2880,96,15690.24,15.322,True,5301.76,2,0,0,90.67,n/a
costsim-01369,B4-lite,mid_7b_vlm,Mid 7B VLM proxy,12000,2048,1344x1344,336x336,336x336,1,1,16,4,4,independent_all_resident,1152,714.24,2880,96,15690.24,15.322,True,5301.76,4,0,0,126.67,n/a
costsim-01370,B4-lite,mid_7b_vlm,Mid 7B VLM proxy,12000,2048,1344x1344,336x336,336x336,1,1,32,1,1,independent_all_resident,1152,714.24,5760,96,18570.24,18.135,True,2421.76,1,0,0,72.67,n/a
costsim-01371,B4-lite,mid_7b_vlm,Mid 7B VLM proxy,12000,2048,1344x1344,336x336,336x336,1,1,32,2,2,independent_all_resident,1152,714.24,5760,96,18570.24,18.135,True,2421.76,2,0,0,90.67,n/a
costsim-01372,B4-lite,mid_7b_vlm,Mid 7B VLM proxy,12000,2048,1344x1344,336x336,336x336,1,1,32,4,4,independent_all_resident,1152,714.24,5760,96,18570.24,18.135,True,2421.76,4,0,0,126.67,n/a
costsim-01373,B4-lite,mid_7b_vlm,Mid 7B VLM proxy,12000,2048,1344x1344,336x336,336x336,3,3,4,1,1,independent_all_resident,2304,1428.48,720,96,14244.48,13.911,True,6747.52,1,0,0,85.34,n/a
costsim-01374,B4-lite,mid_7b_vlm,Mid 7B VLM proxy,12000,2048,1344x1344,336x336,336x336,3,3,4,2,2,independent_all_resident,2304,1428.48,720,96,14244.48,13.911,True,6747.52,2,0,0,103.34,n/a
costsim-01375,B4-lite,mid_7b_vlm,Mid 7B VLM proxy,12000,2048,1344x1344,336x336,336x336,3,3,4,4,4,independent_all_resident,2304,1428.48,720,96,14244.48,13.911,True,6747.52,4,0,0,139.34,n/a
costsim-01376,B4-lite,mid_7b_vlm,Mid 7B VLM proxy,12000,2048,1344x1344,336x336,336x336,3,3,8,1,1,independent_all_resident,2304,1428.48,1440,96,14964.48,14.614,True,6027.52,1,0,0,85.34,n/a
costsim-01377,B4-lite,mid_7b_vlm,Mid 7B VLM proxy,12000,2048,1344x1344,336x336,336x336,3,3,8,2,2,independent_all_resident,2304,1428.48,1440,96,14964.48,14.614,True,6027.52,2,0,0,103.34,n/a
costsim-01378,B4-lite,mid_7b_vlm,Mid 7B VLM proxy,12000,2048,1344x1344,336x336,336x336,3,3,8,4,4,independent_all_resident,2304,1428.48,1440,96,14964.48,14.614,True,6027.52,4,0,0,139.34,n/a
costsim-01379,B4-lite,mid_7b_vlm,Mid 7B VLM proxy,12000,2048,1344x1344,336x336,336x336,3,3,16,1,1,independent_all_resident,2304,1428.48,2880,96,16404.48,16.02,True,4587.52,1,0,0,85.34,n/a
costsim-01380,B4-lite,mid_7b_vlm,Mid 7B VLM proxy,12000,2048,1344x1344,336x336,336x336,3,3,16,2,2,independent_all_resident,2304,1428.48,2880,96,16404.48,16.02,True,4587.52,2,0,0,103.34,n/a
costsim-01381,B4-lite,mid_7b_vlm,Mid 7B VLM proxy,12000,2048,1344x1344,336x336,336x336,3,3,16,4,4,independent_all_resident,2304,1428.48,2880,96,16404.48,16.02,True,4587.52,4,0,0,139.34,n/a
costsim-01382,B4-lite,mid_7b_vlm,Mid 7B VLM proxy,12000,2048,1344x1344,336x336,336x336,3,3,32,1,1,independent_all_resident,2304,1428.48,5760,96,19284.48,18.832,True,1707.52,1,0,0,85.34,n/a
costsim-01383,B4-lite,mid_7b_vlm,Mid 7B VLM proxy,12000,2048,1344x1344,336x336,336x336,3,3,32,2,2,independent_all_resident,2304,1428.48,5760,96,19284.48,18.832,True,1707.52,2,0,0,103.34,n/a
costsim-01384,B4-lite,mid_7b_vlm,Mid 7B VLM proxy,12000,2048,1344x1344,336x336,336x336,3,3,32,4,4,independent_all_resident,2304,1428.48,5760,96,19284.48,18.832,True,1707.52,4,0,0,139.34,n/a
costsim-01385,B4-lite,mid_7b_vlm,Mid 7B VLM proxy,12000,2048,1344x1344,336x336,336x336,5,5,4,1,1,independent_all_resident,3456,2142.72,720,96,14958.72,14.608,True,6033.28,1,0,0,98.02,n/a
costsim-01386,B4-lite,mid_7b_vlm,Mid 7B VLM proxy,12000,2048,1344x1344,336x336,336x336,5,5,4,2,2,independent_all_resident,3456,2142.72,720,96,14958.72,14.608,True,6033.28,2,0,0,116.02,n/a
costsim-01387,B4-lite,mid_7b_vlm,Mid 7B VLM proxy,12000,2048,1344x1344,336x336,336x336,5,5,4,4,4,independent_all_resident,3456,2142.72,720,96,14958.72,14.608,True,6033.28,4,0,0,152.02,n/a
costsim-01388,B4-lite,mid_7b_vlm,Mid 7B VLM proxy,12000,2048,1344x1344,336x336,336x336,5,5,8,1,1,independent_all_resident,3456,2142.72,1440,96,15678.72,15.311,True,5313.28,1,0,0,98.02,n/a
costsim-01389,B4-lite,mid_7b_vlm,Mid 7B VLM proxy,12000,2048,1344x1344,336x336,336x336,5,5,8,2,2,independent_all_resident,3456,2142.72,1440,96,15678.72,15.311,True,5313.28,2,0,0,116.02,n/a
costsim-01390,B4-lite,mid_7b_vlm,Mid 7B VLM proxy,12000,2048,1344x1344,336x336,336x336,5,5,8,4,4,independent_all_resident,3456,2142.72,1440,96,15678.72,15.311,True,5313.28,4,0,0,152.02,n/a
costsim-01391,B4-lite,mid_7b_vlm,Mid 7B VLM proxy,12000,2048,1344x1344,336x336,336x336,5,5,16,1,1,independent_all_resident,3456,2142.72,2880,96,17118.72,16.718,True,3873.28,1,0,0,98.02,n/a
costsim-01392,B4-lite,mid_7b_vlm,Mid 7B VLM proxy,12000,2048,1344x1344,336x336,336x336,5,5,16,2,2,independent_all_resident,3456,2142.72,2880,96,17118.72,16.718,True,3873.28,2,0,0,116.02,n/a
costsim-01393,B4-lite,mid_7b_vlm,Mid 7B VLM proxy,12000,2048,1344x1344,336x336,336x336,5,5,16,4,4,independent_all_resident,3456,2142.72,2880,96,17118.72,16.718,True,3873.28,4,0,0,152.02,n/a
costsim-01394,B4-lite,mid_7b_vlm,Mid 7B VLM proxy,12000,2048,1344x1344,336x336,336x336,5,5,32,1,1,independent_all_resident,3456,2142.72,5760,96,19998.72,19.53,True,993.28,1,0,0,98.02,n/a
costsim-01395,B4-lite,mid_7b_vlm,Mid 7B VLM proxy,12000,2048,1344x1344,336x336,336x336,5,5,32,2,2,independent_all_resident,3456,2142.72,5760,96,19998.72,19.53,True,993.28,2,0,0,116.02,n/a
costsim-01396,B4-lite,mid_7b_vlm,Mid 7B VLM proxy,12000,2048,1344x1344,336x336,336x336,5,5,32,4,4,independent_all_resident,3456,2142.72,5760,96,19998.72,19.53,True,993.28,4,0,0,152.02,n/a
costsim-01397,B4-lite,mid_7b_vlm,Mid 7B VLM proxy,12000,2048,1344x1344,336x336,448x448,1,1,4,1,1,independent_all_resident,1600,992.0,720,96,13808.0,13.484,True,7184.0,1,0,0,77.6,n/a
costsim-01398,B4-lite,mid_7b_vlm,Mid 7B VLM proxy,12000,2048,1344x1344,336x336,448x448,1,1,4,2,2,independent_all_resident,1600,992.0,720,96,13808.0,13.484,True,7184.0,2,0,0,95.6,n/a
costsim-01399,B4-lite,mid_7b_vlm,Mid 7B VLM proxy,12000,2048,1344x1344,336x336,448x448,1,1,4,4,4,independent_all_resident,1600,992.0,720,96,13808.0,13.484,True,7184.0,4,0,0,131.6,n/a
costsim-01400,B4-lite,mid_7b_vlm,Mid 7B VLM proxy,12000,2048,1344x1344,336x336,448x448,1,1,8,1,1,independent_all_resident,1600,992.0,1440,96,14528.0,14.188,True,6464.0,1,0,0,77.6,n/a
costsim-01401,B4-lite,mid_7b_vlm,Mid 7B VLM proxy,12000,2048,1344x1344,336x336,448x448,1,1,8,2,2,independent_all_resident,1600,992.0,1440,96,14528.0,14.188,True,6464.0,2,0,0,95.6,n/a
costsim-01402,B4-lite,mid_7b_vlm,Mid 7B VLM proxy,12000,2048,1344x1344,336x336,448x448,1,1,8,4,4,independent_all_resident,1600,992.0,1440,96,14528.0,14.188,True,6464.0,4,0,0,131.6,n/a
costsim-01403,B4-lite,mid_7b_vlm,Mid 7B VLM proxy,12000,2048,1344x1344,336x336,448x448,1,1,16,1,1,independent_all_resident,1600,992.0,2880,96,15968.0,15.594,True,5024.0,1,0,0,77.6,n/a
costsim-01404,B4-lite,mid_7b_vlm,Mid 7B VLM proxy,12000,2048,1344x1344,336x336,448x448,1,1,16,2,2,independent_all_resident,1600,992.0,2880,96,15968.0,15.594,True,5024.0,2,0,0,95.6,n/a
costsim-01405,B4-lite,mid_7b_vlm,Mid 7B VLM proxy,12000,2048,1344x1344,336x336,448x448,1,1,16,4,4,independent_all_resident,1600,992.0,2880,96,15968.0,15.594,True,5024.0,4,0,0,131.6,n/a
costsim-01406,B4-lite,mid_7b_vlm,Mid 7B VLM proxy,12000,2048,1344x1344,336x336,448x448,1,1,32,1,1,independent_all_resident,1600,992.0,5760,96,18848.0,18.406,True,2144.0,1,0,0,77.6,n/a
costsim-01407,B4-lite,mid_7b_vlm,Mid 7B VLM proxy,12000,2048,1344x1344,336x336,448x448,1,1,32,2,2,independent_all_resident,1600,992.0,5760,96,18848.0,18.406,True,2144.0,2,0,0,95.6,n/a
costsim-01408,B4-lite,mid_7b_vlm,Mid 7B VLM proxy,12000,2048,1344x1344,336x336,448x448,1,1,32,4,4,independent_all_resident,1600,992.0,5760,96,18848.0,18.406,True,2144.0,4,0,0,131.6,n/a
costsim-01409,B4-lite,mid_7b_vlm,Mid 7B VLM proxy,12000,2048,1344x1344,336x336,448x448,3,3,4,1,1,independent_all_resident,3648,2261.76,720,96,15077.76,14.724,True,5914.24,1,0,0,100.13,n/a
costsim-01410,B4-lite,mid_7b_vlm,Mid 7B VLM proxy,12000,2048,1344x1344,336x336,448x448,3,3,4,2,2,independent_all_resident,3648,2261.76,720,96,15077.76,14.724,True,5914.24,2,0,0,118.13,n/a
costsim-01411,B4-lite,mid_7b_vlm,Mid 7B VLM proxy,12000,2048,1344x1344,336x336,448x448,3,3,4,4,4,independent_all_resident,3648,2261.76,720,96,15077.76,14.724,True,5914.24,4,0,0,154.13,n/a
costsim-01412,B4-lite,mid_7b_vlm,Mid 7B VLM proxy,12000,2048,1344x1344,336x336,448x448,3,3,8,1,1,independent_all_resident,3648,2261.76,1440,96,15797.76,15.428,True,5194.24,1,0,0,100.13,n/a
costsim-01413,B4-lite,mid_7b_vlm,Mid 7B VLM proxy,12000,2048,1344x1344,336x336,448x448,3,3,8,2,2,independent_all_resident,3648,2261.76,1440,96,15797.76,15.428,True,5194.24,2,0,0,118.13,n/a
costsim-01414,B4-lite,mid_7b_vlm,Mid 7B VLM proxy,12000,2048,1344x1344,336x336,448x448,3,3,8,4,4,independent_all_resident,3648,2261.76,1440,96,15797.76,15.428,True,5194.24,4,0,0,154.13,n/a
costsim-01415,B4-lite,mid_7b_vlm,Mid 7B VLM proxy,12000,2048,1344x1344,336x336,448x448,3,3,16,1,1,independent_all_resident,3648,2261.76,2880,96,17237.76,16.834,True,3754.24,1,0,0,100.13,n/a
costsim-01416,B4-lite,mid_7b_vlm,Mid 7B VLM proxy,12000,2048,1344x1344,336x336,448x448,3,3,16,2,2,independent_all_resident,3648,2261.76,2880,96,17237.76,16.834,True,3754.24,2,0,0,118.13,n/a
costsim-01417,B4-lite,mid_7b_vlm,Mid 7B VLM proxy,12000,2048,1344x1344,336x336,448x448,3,3,16,4,4,independent_all_resident,3648,2261.76,2880,96,17237.76,16.834,True,3754.24,4,0,0,154.13,n/a
costsim-01418,B4-lite,mid_7b_vlm,Mid 7B VLM proxy,12000,2048,1344x1344,336x336,448x448,3,3,32,1,1,independent_all_resident,3648,2261.76,5760,96,20117.76,19.646,True,874.24,1,0,0,100.13,n/a
costsim-01419,B4-lite,mid_7b_vlm,Mid 7B VLM proxy,12000,2048,1344x1344,336x336,448x448,3,3,32,2,2,independent_all_resident,3648,2261.76,5760,96,20117.76,19.646,True,874.24,2,0,0,118.13,n/a
costsim-01420,B4-lite,mid_7b_vlm,Mid 7B VLM proxy,12000,2048,1344x1344,336x336,448x448,3,3,32,4,4,independent_all_resident,3648,2261.76,5760,96,20117.76,19.646,True,874.24,4,0,0,154.13,n/a
costsim-01421,B4-lite,mid_7b_vlm,Mid 7B VLM proxy,12000,2048,1344x1344,336x336,448x448,5,5,4,1,1,independent_all_resident,5696,3531.52,720,96,16347.52,15.964,True,4644.48,1,0,0,122.66,n/a
costsim-01422,B4-lite,mid_7b_vlm,Mid 7B VLM proxy,12000,2048,1344x1344,336x336,448x448,5,5,4,2,2,independent_all_resident,5696,3531.52,720,96,16347.52,15.964,True,4644.48,2,0,0,140.66,n/a
costsim-01423,B4-lite,mid_7b_vlm,Mid 7B VLM proxy,12000,2048,1344x1344,336x336,448x448,5,5,4,4,4,independent_all_resident,5696,3531.52,720,96,16347.52,15.964,True,4644.48,4,0,0,176.66,n/a
costsim-01424,B4-lite,mid_7b_vlm,Mid 7B VLM proxy,12000,2048,1344x1344,336x336,448x448,5,5,8,1,1,independent_all_resident,5696,3531.52,1440,96,17067.52,16.668,True,3924.48,1,0,0,122.66,n/a
costsim-01425,B4-lite,mid_7b_vlm,Mid 7B VLM proxy,12000,2048,1344x1344,336x336,448x448,5,5,8,2,2,independent_all_resident,5696,3531.52,1440,96,17067.52,16.668,True,3924.48,2,0,0,140.66,n/a
costsim-01426,B4-lite,mid_7b_vlm,Mid 7B VLM proxy,12000,2048,1344x1344,336x336,448x448,5,5,8,4,4,independent_all_resident,5696,3531.52,1440,96,17067.52,16.668,True,3924.48,4,0,0,176.66,n/a
costsim-01427,B4-lite,mid_7b_vlm,Mid 7B VLM proxy,12000,2048,1344x1344,336x336,448x448,5,5,16,1,1,independent_all_resident,5696,3531.52,2880,96,18507.52,18.074,True,2484.48,1,0,0,122.66,n/a
costsim-01428,B4-lite,mid_7b_vlm,Mid 7B VLM proxy,12000,2048,1344x1344,336x336,448x448,5,5,16,2,2,independent_all_resident,5696,3531.52,2880,96,18507.52,18.074,True,2484.48,2,0,0,140.66,n/a
costsim-01429,B4-lite,mid_7b_vlm,Mid 7B VLM proxy,12000,2048,1344x1344,336x336,448x448,5,5,16,4,4,independent_all_resident,5696,3531.52,2880,96,18507.52,18.074,True,2484.48,4,0,0,176.66,n/a
costsim-01430,B4-lite,mid_7b_vlm,Mid 7B VLM proxy,12000,2048,1344x1344,336x336,448x448,5,5,32,1,1,independent_all_resident,5696,3531.52,5760,96,21387.52,20.886,False,-395.52,1,0,0,122.66,n/a
costsim-01431,B4-lite,mid_7b_vlm,Mid 7B VLM proxy,12000,2048,1344x1344,336x336,448x448,5,5,32,2,2,independent_all_resident,5696,3531.52,5760,96,21387.52,20.886,False,-395.52,2,0,0,140.66,n/a
costsim-01432,B4-lite,mid_7b_vlm,Mid 7B VLM proxy,12000,2048,1344x1344,336x336,448x448,5,5,32,4,4,independent_all_resident,5696,3531.52,5760,96,21387.52,20.886,False,-395.52,4,0,0,176.66,n/a
costsim-01433,B4-lite,mid_7b_vlm,Mid 7B VLM proxy,12000,2048,1344x1344,448x448,336x336,1,1,4,1,1,independent_all_resident,1600,992.0,720,96,13808.0,13.484,True,7184.0,1,0,0,77.6,n/a
costsim-01434,B4-lite,mid_7b_vlm,Mid 7B VLM proxy,12000,2048,1344x1344,448x448,336x336,1,1,4,2,2,independent_all_resident,1600,992.0,720,96,13808.0,13.484,True,7184.0,2,0,0,95.6,n/a
costsim-01435,B4-lite,mid_7b_vlm,Mid 7B VLM proxy,12000,2048,1344x1344,448x448,336x336,1,1,4,4,4,independent_all_resident,1600,992.0,720,96,13808.0,13.484,True,7184.0,4,0,0,131.6,n/a
costsim-01436,B4-lite,mid_7b_vlm,Mid 7B VLM proxy,12000,2048,1344x1344,448x448,336x336,1,1,8,1,1,independent_all_resident,1600,992.0,1440,96,14528.0,14.188,True,6464.0,1,0,0,77.6,n/a
costsim-01437,B4-lite,mid_7b_vlm,Mid 7B VLM proxy,12000,2048,1344x1344,448x448,336x336,1,1,8,2,2,independent_all_resident,1600,992.0,1440,96,14528.0,14.188,True,6464.0,2,0,0,95.6,n/a
costsim-01438,B4-lite,mid_7b_vlm,Mid 7B VLM proxy,12000,2048,1344x1344,448x448,336x336,1,1,8,4,4,independent_all_resident,1600,992.0,1440,96,14528.0,14.188,True,6464.0,4,0,0,131.6,n/a
costsim-01439,B4-lite,mid_7b_vlm,Mid 7B VLM proxy,12000,2048,1344x1344,448x448,336x336,1,1,16,1,1,independent_all_resident,1600,992.0,2880,96,15968.0,15.594,True,5024.0,1,0,0,77.6,n/a
costsim-01440,B4-lite,mid_7b_vlm,Mid 7B VLM proxy,12000,2048,1344x1344,448x448,336x336,1,1,16,2,2,independent_all_resident,1600,992.0,2880,96,15968.0,15.594,True,5024.0,2,0,0,95.6,n/a
costsim-01441,B4-lite,mid_7b_vlm,Mid 7B VLM proxy,12000,2048,1344x1344,448x448,336x336,1,1,16,4,4,independent_all_resident,1600,992.0,2880,96,15968.0,15.594,True,5024.0,4,0,0,131.6,n/a
costsim-01442,B4-lite,mid_7b_vlm,Mid 7B VLM proxy,12000,2048,1344x1344,448x448,336x336,1,1,32,1,1,independent_all_resident,1600,992.0,5760,96,18848.0,18.406,True,2144.0,1,0,0,77.6,n/a
costsim-01443,B4-lite,mid_7b_vlm,Mid 7B VLM proxy,12000,2048,1344x1344,448x448,336x336,1,1,32,2,2,independent_all_resident,1600,992.0,5760,96,18848.0,18.406,True,2144.0,2,0,0,95.6,n/a
costsim-01444,B4-lite,mid_7b_vlm,Mid 7B VLM proxy,12000,2048,1344x1344,448x448,336x336,1,1,32,4,4,independent_all_resident,1600,992.0,5760,96,18848.0,18.406,True,2144.0,4,0,0,131.6,n/a
costsim-01445,B4-lite,mid_7b_vlm,Mid 7B VLM proxy,12000,2048,1344x1344,448x448,336x336,3,3,4,1,1,independent_all_resident,2752,1706.24,720,96,14522.24,14.182,True,6469.76,1,0,0,90.27,n/a
costsim-01446,B4-lite,mid_7b_vlm,Mid 7B VLM proxy,12000,2048,1344x1344,448x448,336x336,3,3,4,2,2,independent_all_resident,2752,1706.24,720,96,14522.24,14.182,True,6469.76,2,0,0,108.27,n/a
costsim-01447,B4-lite,mid_7b_vlm,Mid 7B VLM proxy,12000,2048,1344x1344,448x448,336x336,3,3,4,4,4,independent_all_resident,2752,1706.24,720,96,14522.24,14.182,True,6469.76,4,0,0,144.27,n/a
costsim-01448,B4-lite,mid_7b_vlm,Mid 7B VLM proxy,12000,2048,1344x1344,448x448,336x336,3,3,8,1,1,independent_all_resident,2752,1706.24,1440,96,15242.24,14.885,True,5749.76,1,0,0,90.27,n/a
costsim-01449,B4-lite,mid_7b_vlm,Mid 7B VLM proxy,12000,2048,1344x1344,448x448,336x336,3,3,8,2,2,independent_all_resident,2752,1706.24,1440,96,15242.24,14.885,True,5749.76,2,0,0,108.27,n/a
costsim-01450,B4-lite,mid_7b_vlm,Mid 7B VLM proxy,12000,2048,1344x1344,448x448,336x336,3,3,8,4,4,independent_all_resident,2752,1706.24,1440,96,15242.24,14.885,True,5749.76,4,0,0,144.27,n/a
costsim-01451,B4-lite,mid_7b_vlm,Mid 7B VLM proxy,12000,2048,1344x1344,448x448,336x336,3,3,16,1,1,independent_all_resident,2752,1706.24,2880,96,16682.24,16.291,True,4309.76,1,0,0,90.27,n/a
costsim-01452,B4-lite,mid_7b_vlm,Mid 7B VLM proxy,12000,2048,1344x1344,448x448,336x336,3,3,16,2,2,independent_all_resident,2752,1706.24,2880,96,16682.24,16.291,True,4309.76,2,0,0,108.27,n/a
costsim-01453,B4-lite,mid_7b_vlm,Mid 7B VLM proxy,12000,2048,1344x1344,448x448,336x336,3,3,16,4,4,independent_all_resident,2752,1706.24,2880,96,16682.24,16.291,True,4309.76,4,0,0,144.27,n/a
costsim-01454,B4-lite,mid_7b_vlm,Mid 7B VLM proxy,12000,2048,1344x1344,448x448,336x336,3,3,32,1,1,independent_all_resident,2752,1706.24,5760,96,19562.24,19.104,True,1429.76,1,0,0,90.27,n/a
costsim-01455,B4-lite,mid_7b_vlm,Mid 7B VLM proxy,12000,2048,1344x1344,448x448,336x336,3,3,32,2,2,independent_all_resident,2752,1706.24,5760,96,19562.24,19.104,True,1429.76,2,0,0,108.27,n/a
costsim-01456,B4-lite,mid_7b_vlm,Mid 7B VLM proxy,12000,2048,1344x1344,448x448,336x336,3,3,32,4,4,independent_all_resident,2752,1706.24,5760,96,19562.24,19.104,True,1429.76,4,0,0,144.27,n/a
costsim-01457,B4-lite,mid_7b_vlm,Mid 7B VLM proxy,12000,2048,1344x1344,448x448,336x336,5,5,4,1,1,independent_all_resident,3904,2420.48,720,96,15236.48,14.879,True,5755.52,1,0,0,102.94,n/a
costsim-01458,B4-lite,mid_7b_vlm,Mid 7B VLM proxy,12000,2048,1344x1344,448x448,336x336,5,5,4,2,2,independent_all_resident,3904,2420.48,720,96,15236.48,14.879,True,5755.52,2,0,0,120.94,n/a
costsim-01459,B4-lite,mid_7b_vlm,Mid 7B VLM proxy,12000,2048,1344x1344,448x448,336x336,5,5,4,4,4,independent_all_resident,3904,2420.48,720,96,15236.48,14.879,True,5755.52,4,0,0,156.94,n/a
costsim-01460,B4-lite,mid_7b_vlm,Mid 7B VLM proxy,12000,2048,1344x1344,448x448,336x336,5,5,8,1,1,independent_all_resident,3904,2420.48,1440,96,15956.48,15.582,True,5035.52,1,0,0,102.94,n/a
costsim-01461,B4-lite,mid_7b_vlm,Mid 7B VLM proxy,12000,2048,1344x1344,448x448,336x336,5,5,8,2,2,independent_all_resident,3904,2420.48,1440,96,15956.48,15.582,True,5035.52,2,0,0,120.94,n/a
costsim-01462,B4-lite,mid_7b_vlm,Mid 7B VLM proxy,12000,2048,1344x1344,448x448,336x336,5,5,8,4,4,independent_all_resident,3904,2420.48,1440,96,15956.48,15.582,True,5035.52,4,0,0,156.94,n/a
costsim-01463,B4-lite,mid_7b_vlm,Mid 7B VLM proxy,12000,2048,1344x1344,448x448,336x336,5,5,16,1,1,independent_all_resident,3904,2420.48,2880,96,17396.48,16.989,True,3595.52,1,0,0,102.94,n/a
costsim-01464,B4-lite,mid_7b_vlm,Mid 7B VLM proxy,12000,2048,1344x1344,448x448,336x336,5,5,16,2,2,independent_all_resident,3904,2420.48,2880,96,17396.48,16.989,True,3595.52,2,0,0,120.94,n/a
costsim-01465,B4-lite,mid_7b_vlm,Mid 7B VLM proxy,12000,2048,1344x1344,448x448,336x336,5,5,16,4,4,independent_all_resident,3904,2420.48,2880,96,17396.48,16.989,True,3595.52,4,0,0,156.94,n/a
costsim-01466,B4-lite,mid_7b_vlm,Mid 7B VLM proxy,12000,2048,1344x1344,448x448,336x336,5,5,32,1,1,independent_all_resident,3904,2420.48,5760,96,20276.48,19.801,True,715.52,1,0,0,102.94,n/a
costsim-01467,B4-lite,mid_7b_vlm,Mid 7B VLM proxy,12000,2048,1344x1344,448x448,336x336,5,5,32,2,2,independent_all_resident,3904,2420.48,5760,96,20276.48,19.801,True,715.52,2,0,0,120.94,n/a
costsim-01468,B4-lite,mid_7b_vlm,Mid 7B VLM proxy,12000,2048,1344x1344,448x448,336x336,5,5,32,4,4,independent_all_resident,3904,2420.48,5760,96,20276.48,19.801,True,715.52,4,0,0,156.94,n/a
costsim-01469,B4-lite,mid_7b_vlm,Mid 7B VLM proxy,12000,2048,1344x1344,448x448,448x448,1,1,4,1,1,independent_all_resident,2048,1269.76,720,96,14085.76,13.756,True,6906.24,1,0,0,82.53,n/a
costsim-01470,B4-lite,mid_7b_vlm,Mid 7B VLM proxy,12000,2048,1344x1344,448x448,448x448,1,1,4,2,2,independent_all_resident,2048,1269.76,720,96,14085.76,13.756,True,6906.24,2,0,0,100.53,n/a
costsim-01471,B4-lite,mid_7b_vlm,Mid 7B VLM proxy,12000,2048,1344x1344,448x448,448x448,1,1,4,4,4,independent_all_resident,2048,1269.76,720,96,14085.76,13.756,True,6906.24,4,0,0,136.53,n/a
costsim-01472,B4-lite,mid_7b_vlm,Mid 7B VLM proxy,12000,2048,1344x1344,448x448,448x448,1,1,8,1,1,independent_all_resident,2048,1269.76,1440,96,14805.76,14.459,True,6186.24,1,0,0,82.53,n/a
costsim-01473,B4-lite,mid_7b_vlm,Mid 7B VLM proxy,12000,2048,1344x1344,448x448,448x448,1,1,8,2,2,independent_all_resident,2048,1269.76,1440,96,14805.76,14.459,True,6186.24,2,0,0,100.53,n/a
costsim-01474,B4-lite,mid_7b_vlm,Mid 7B VLM proxy,12000,2048,1344x1344,448x448,448x448,1,1,8,4,4,independent_all_resident,2048,1269.76,1440,96,14805.76,14.459,True,6186.24,4,0,0,136.53,n/a
costsim-01475,B4-lite,mid_7b_vlm,Mid 7B VLM proxy,12000,2048,1344x1344,448x448,448x448,1,1,16,1,1,independent_all_resident,2048,1269.76,2880,96,16245.76,15.865,True,4746.24,1,0,0,82.53,n/a
costsim-01476,B4-lite,mid_7b_vlm,Mid 7B VLM proxy,12000,2048,1344x1344,448x448,448x448,1,1,16,2,2,independent_all_resident,2048,1269.76,2880,96,16245.76,15.865,True,4746.24,2,0,0,100.53,n/a
costsim-01477,B4-lite,mid_7b_vlm,Mid 7B VLM proxy,12000,2048,1344x1344,448x448,448x448,1,1,16,4,4,independent_all_resident,2048,1269.76,2880,96,16245.76,15.865,True,4746.24,4,0,0,136.53,n/a
costsim-01478,B4-lite,mid_7b_vlm,Mid 7B VLM proxy,12000,2048,1344x1344,448x448,448x448,1,1,32,1,1,independent_all_resident,2048,1269.76,5760,96,19125.76,18.678,True,1866.24,1,0,0,82.53,n/a
costsim-01479,B4-lite,mid_7b_vlm,Mid 7B VLM proxy,12000,2048,1344x1344,448x448,448x448,1,1,32,2,2,independent_all_resident,2048,1269.76,5760,96,19125.76,18.678,True,1866.24,2,0,0,100.53,n/a
costsim-01480,B4-lite,mid_7b_vlm,Mid 7B VLM proxy,12000,2048,1344x1344,448x448,448x448,1,1,32,4,4,independent_all_resident,2048,1269.76,5760,96,19125.76,18.678,True,1866.24,4,0,0,136.53,n/a
costsim-01481,B4-lite,mid_7b_vlm,Mid 7B VLM proxy,12000,2048,1344x1344,448x448,448x448,3,3,4,1,1,independent_all_resident,4096,2539.52,720,96,15355.52,14.996,True,5636.48,1,0,0,105.06,n/a
costsim-01482,B4-lite,mid_7b_vlm,Mid 7B VLM proxy,12000,2048,1344x1344,448x448,448x448,3,3,4,2,2,independent_all_resident,4096,2539.52,720,96,15355.52,14.996,True,5636.48,2,0,0,123.06,n/a
costsim-01483,B4-lite,mid_7b_vlm,Mid 7B VLM proxy,12000,2048,1344x1344,448x448,448x448,3,3,4,4,4,independent_all_resident,4096,2539.52,720,96,15355.52,14.996,True,5636.48,4,0,0,159.06,n/a
costsim-01484,B4-lite,mid_7b_vlm,Mid 7B VLM proxy,12000,2048,1344x1344,448x448,448x448,3,3,8,1,1,independent_all_resident,4096,2539.52,1440,96,16075.52,15.699,True,4916.48,1,0,0,105.06,n/a
costsim-01485,B4-lite,mid_7b_vlm,Mid 7B VLM proxy,12000,2048,1344x1344,448x448,448x448,3,3,8,2,2,independent_all_resident,4096,2539.52,1440,96,16075.52,15.699,True,4916.48,2,0,0,123.06,n/a
costsim-01486,B4-lite,mid_7b_vlm,Mid 7B VLM proxy,12000,2048,1344x1344,448x448,448x448,3,3,8,4,4,independent_all_resident,4096,2539.52,1440,96,16075.52,15.699,True,4916.48,4,0,0,159.06,n/a
costsim-01487,B4-lite,mid_7b_vlm,Mid 7B VLM proxy,12000,2048,1344x1344,448x448,448x448,3,3,16,1,1,independent_all_resident,4096,2539.52,2880,96,17515.52,17.105,True,3476.48,1,0,0,105.06,n/a
costsim-01488,B4-lite,mid_7b_vlm,Mid 7B VLM proxy,12000,2048,1344x1344,448x448,448x448,3,3,16,2,2,independent_all_resident,4096,2539.52,2880,96,17515.52,17.105,True,3476.48,2,0,0,123.06,n/a
costsim-01489,B4-lite,mid_7b_vlm,Mid 7B VLM proxy,12000,2048,1344x1344,448x448,448x448,3,3,16,4,4,independent_all_resident,4096,2539.52,2880,96,17515.52,17.105,True,3476.48,4,0,0,159.06,n/a
costsim-01490,B4-lite,mid_7b_vlm,Mid 7B VLM proxy,12000,2048,1344x1344,448x448,448x448,3,3,32,1,1,independent_all_resident,4096,2539.52,5760,96,20395.52,19.918,True,596.48,1,0,0,105.06,n/a
costsim-01491,B4-lite,mid_7b_vlm,Mid 7B VLM proxy,12000,2048,1344x1344,448x448,448x448,3,3,32,2,2,independent_all_resident,4096,2539.52,5760,96,20395.52,19.918,True,596.48,2,0,0,123.06,n/a
costsim-01492,B4-lite,mid_7b_vlm,Mid 7B VLM proxy,12000,2048,1344x1344,448x448,448x448,3,3,32,4,4,independent_all_resident,4096,2539.52,5760,96,20395.52,19.918,True,596.48,4,0,0,159.06,n/a
costsim-01493,B4-lite,mid_7b_vlm,Mid 7B VLM proxy,12000,2048,1344x1344,448x448,448x448,5,5,4,1,1,independent_all_resident,6144,3809.28,720,96,16625.28,16.236,True,4366.72,1,0,0,127.58,n/a
costsim-01494,B4-lite,mid_7b_vlm,Mid 7B VLM proxy,12000,2048,1344x1344,448x448,448x448,5,5,4,2,2,independent_all_resident,6144,3809.28,720,96,16625.28,16.236,True,4366.72,2,0,0,145.58,n/a
costsim-01495,B4-lite,mid_7b_vlm,Mid 7B VLM proxy,12000,2048,1344x1344,448x448,448x448,5,5,4,4,4,independent_all_resident,6144,3809.28,720,96,16625.28,16.236,True,4366.72,4,0,0,181.58,n/a
costsim-01496,B4-lite,mid_7b_vlm,Mid 7B VLM proxy,12000,2048,1344x1344,448x448,448x448,5,5,8,1,1,independent_all_resident,6144,3809.28,1440,96,17345.28,16.939,True,3646.72,1,0,0,127.58,n/a
costsim-01497,B4-lite,mid_7b_vlm,Mid 7B VLM proxy,12000,2048,1344x1344,448x448,448x448,5,5,8,2,2,independent_all_resident,6144,3809.28,1440,96,17345.28,16.939,True,3646.72,2,0,0,145.58,n/a
costsim-01498,B4-lite,mid_7b_vlm,Mid 7B VLM proxy,12000,2048,1344x1344,448x448,448x448,5,5,8,4,4,independent_all_resident,6144,3809.28,1440,96,17345.28,16.939,True,3646.72,4,0,0,181.58,n/a
costsim-01499,B4-lite,mid_7b_vlm,Mid 7B VLM proxy,12000,2048,1344x1344,448x448,448x448,5,5,16,1,1,independent_all_resident,6144,3809.28,2880,96,18785.28,18.345,True,2206.72,1,0,0,127.58,n/a
costsim-01500,B4-lite,mid_7b_vlm,Mid 7B VLM proxy,12000,2048,1344x1344,448x448,448x448,5,5,16,2,2,independent_all_resident,6144,3809.28,2880,96,18785.28,18.345,True,2206.72,2,0,0,145.58,n/a
costsim-01501,B4-lite,mid_7b_vlm,Mid 7B VLM proxy,12000,2048,1344x1344,448x448,448x448,5,5,16,4,4,independent_all_resident,6144,3809.28,2880,96,18785.28,18.345,True,2206.72,4,0,0,181.58,n/a
costsim-01502,B4-lite,mid_7b_vlm,Mid 7B VLM proxy,12000,2048,1344x1344,448x448,448x448,5,5,32,1,1,independent_all_resident,6144,3809.28,5760,96,21665.28,21.157,False,-673.28,1,0,0,127.58,n/a
costsim-01503,B4-lite,mid_7b_vlm,Mid 7B VLM proxy,12000,2048,1344x1344,448x448,448x448,5,5,32,2,2,independent_all_resident,6144,3809.28,5760,96,21665.28,21.157,False,-673.28,2,0,0,145.58,n/a
costsim-01504,B4-lite,mid_7b_vlm,Mid 7B VLM proxy,12000,2048,1344x1344,448x448,448x448,5,5,32,4,4,independent_all_resident,6144,3809.28,5760,96,21665.28,21.157,False,-673.28,4,0,0,181.58,n/a
costsim-01505,B5-lite,mid_7b_vlm,Mid 7B VLM proxy,12000,2048,1344x1344,336x336,336x336,1,1,4,1,1,shared_all_resident,1152,714.24,400,96,13210.24,12.901,True,7781.76,1,0,0,62.67,n/a
costsim-01506,B5-lite,mid_7b_vlm,Mid 7B VLM proxy,12000,2048,1344x1344,336x336,336x336,1,1,4,2,2,shared_all_resident,1152,714.24,400,96,13210.24,12.901,True,7781.76,2,0,0,70.67,n/a
costsim-01507,B5-lite,mid_7b_vlm,Mid 7B VLM proxy,12000,2048,1344x1344,336x336,336x336,1,1,4,4,4,shared_all_resident,1152,714.24,400,96,13210.24,12.901,True,7781.76,4,0,0,86.67,n/a
costsim-01508,B5-lite,mid_7b_vlm,Mid 7B VLM proxy,12000,2048,1344x1344,336x336,336x336,1,1,8,1,1,shared_all_resident,1152,714.24,580,96,13390.24,13.076,True,7601.76,1,0,0,62.67,n/a
costsim-01509,B5-lite,mid_7b_vlm,Mid 7B VLM proxy,12000,2048,1344x1344,336x336,336x336,1,1,8,2,2,shared_all_resident,1152,714.24,580,96,13390.24,13.076,True,7601.76,2,0,0,70.67,n/a
costsim-01510,B5-lite,mid_7b_vlm,Mid 7B VLM proxy,12000,2048,1344x1344,336x336,336x336,1,1,8,4,4,shared_all_resident,1152,714.24,580,96,13390.24,13.076,True,7601.76,4,0,0,86.67,n/a
costsim-01511,B5-lite,mid_7b_vlm,Mid 7B VLM proxy,12000,2048,1344x1344,336x336,336x336,1,1,16,1,1,shared_all_resident,1152,714.24,940,96,13750.24,13.428,True,7241.76,1,0,0,62.67,n/a
costsim-01512,B5-lite,mid_7b_vlm,Mid 7B VLM proxy,12000,2048,1344x1344,336x336,336x336,1,1,16,2,2,shared_all_resident,1152,714.24,940,96,13750.24,13.428,True,7241.76,2,0,0,70.67,n/a
costsim-01513,B5-lite,mid_7b_vlm,Mid 7B VLM proxy,12000,2048,1344x1344,336x336,336x336,1,1,16,4,4,shared_all_resident,1152,714.24,940,96,13750.24,13.428,True,7241.76,4,0,0,86.67,n/a
costsim-01514,B5-lite,mid_7b_vlm,Mid 7B VLM proxy,12000,2048,1344x1344,336x336,336x336,1,1,32,1,1,shared_all_resident,1152,714.24,1660,96,14470.24,14.131,True,6521.76,1,0,0,62.67,n/a
costsim-01515,B5-lite,mid_7b_vlm,Mid 7B VLM proxy,12000,2048,1344x1344,336x336,336x336,1,1,32,2,2,shared_all_resident,1152,714.24,1660,96,14470.24,14.131,True,6521.76,2,0,0,70.67,n/a
costsim-01516,B5-lite,mid_7b_vlm,Mid 7B VLM proxy,12000,2048,1344x1344,336x336,336x336,1,1,32,4,4,shared_all_resident,1152,714.24,1660,96,14470.24,14.131,True,6521.76,4,0,0,86.67,n/a
costsim-01517,B5-lite,mid_7b_vlm,Mid 7B VLM proxy,12000,2048,1344x1344,336x336,336x336,3,3,4,1,1,shared_all_resident,2304,1428.48,400,96,13924.48,13.598,True,7067.52,1,0,0,75.34,n/a
costsim-01518,B5-lite,mid_7b_vlm,Mid 7B VLM proxy,12000,2048,1344x1344,336x336,336x336,3,3,4,2,2,shared_all_resident,2304,1428.48,400,96,13924.48,13.598,True,7067.52,2,0,0,83.34,n/a
costsim-01519,B5-lite,mid_7b_vlm,Mid 7B VLM proxy,12000,2048,1344x1344,336x336,336x336,3,3,4,4,4,shared_all_resident,2304,1428.48,400,96,13924.48,13.598,True,7067.52,4,0,0,99.34,n/a
costsim-01520,B5-lite,mid_7b_vlm,Mid 7B VLM proxy,12000,2048,1344x1344,336x336,336x336,3,3,8,1,1,shared_all_resident,2304,1428.48,580,96,14104.48,13.774,True,6887.52,1,0,0,75.34,n/a
costsim-01521,B5-lite,mid_7b_vlm,Mid 7B VLM proxy,12000,2048,1344x1344,336x336,336x336,3,3,8,2,2,shared_all_resident,2304,1428.48,580,96,14104.48,13.774,True,6887.52,2,0,0,83.34,n/a
costsim-01522,B5-lite,mid_7b_vlm,Mid 7B VLM proxy,12000,2048,1344x1344,336x336,336x336,3,3,8,4,4,shared_all_resident,2304,1428.48,580,96,14104.48,13.774,True,6887.52,4,0,0,99.34,n/a
costsim-01523,B5-lite,mid_7b_vlm,Mid 7B VLM proxy,12000,2048,1344x1344,336x336,336x336,3,3,16,1,1,shared_all_resident,2304,1428.48,940,96,14464.48,14.125,True,6527.52,1,0,0,75.34,n/a
costsim-01524,B5-lite,mid_7b_vlm,Mid 7B VLM proxy,12000,2048,1344x1344,336x336,336x336,3,3,16,2,2,shared_all_resident,2304,1428.48,940,96,14464.48,14.125,True,6527.52,2,0,0,83.34,n/a
costsim-01525,B5-lite,mid_7b_vlm,Mid 7B VLM proxy,12000,2048,1344x1344,336x336,336x336,3,3,16,4,4,shared_all_resident,2304,1428.48,940,96,14464.48,14.125,True,6527.52,4,0,0,99.34,n/a
costsim-01526,B5-lite,mid_7b_vlm,Mid 7B VLM proxy,12000,2048,1344x1344,336x336,336x336,3,3,32,1,1,shared_all_resident,2304,1428.48,1660,96,15184.48,14.829,True,5807.52,1,0,0,75.34,n/a
costsim-01527,B5-lite,mid_7b_vlm,Mid 7B VLM proxy,12000,2048,1344x1344,336x336,336x336,3,3,32,2,2,shared_all_resident,2304,1428.48,1660,96,15184.48,14.829,True,5807.52,2,0,0,83.34,n/a
costsim-01528,B5-lite,mid_7b_vlm,Mid 7B VLM proxy,12000,2048,1344x1344,336x336,336x336,3,3,32,4,4,shared_all_resident,2304,1428.48,1660,96,15184.48,14.829,True,5807.52,4,0,0,99.34,n/a
costsim-01529,B5-lite,mid_7b_vlm,Mid 7B VLM proxy,12000,2048,1344x1344,336x336,336x336,5,5,4,1,1,shared_all_resident,3456,2142.72,400,96,14638.72,14.296,True,6353.28,1,0,0,88.02,n/a
costsim-01530,B5-lite,mid_7b_vlm,Mid 7B VLM proxy,12000,2048,1344x1344,336x336,336x336,5,5,4,2,2,shared_all_resident,3456,2142.72,400,96,14638.72,14.296,True,6353.28,2,0,0,96.02,n/a
costsim-01531,B5-lite,mid_7b_vlm,Mid 7B VLM proxy,12000,2048,1344x1344,336x336,336x336,5,5,4,4,4,shared_all_resident,3456,2142.72,400,96,14638.72,14.296,True,6353.28,4,0,0,112.02,n/a
costsim-01532,B5-lite,mid_7b_vlm,Mid 7B VLM proxy,12000,2048,1344x1344,336x336,336x336,5,5,8,1,1,shared_all_resident,3456,2142.72,580,96,14818.72,14.471,True,6173.28,1,0,0,88.02,n/a
costsim-01533,B5-lite,mid_7b_vlm,Mid 7B VLM proxy,12000,2048,1344x1344,336x336,336x336,5,5,8,2,2,shared_all_resident,3456,2142.72,580,96,14818.72,14.471,True,6173.28,2,0,0,96.02,n/a
costsim-01534,B5-lite,mid_7b_vlm,Mid 7B VLM proxy,12000,2048,1344x1344,336x336,336x336,5,5,8,4,4,shared_all_resident,3456,2142.72,580,96,14818.72,14.471,True,6173.28,4,0,0,112.02,n/a
costsim-01535,B5-lite,mid_7b_vlm,Mid 7B VLM proxy,12000,2048,1344x1344,336x336,336x336,5,5,16,1,1,shared_all_resident,3456,2142.72,940,96,15178.72,14.823,True,5813.28,1,0,0,88.02,n/a
costsim-01536,B5-lite,mid_7b_vlm,Mid 7B VLM proxy,12000,2048,1344x1344,336x336,336x336,5,5,16,2,2,shared_all_resident,3456,2142.72,940,96,15178.72,14.823,True,5813.28,2,0,0,96.02,n/a
costsim-01537,B5-lite,mid_7b_vlm,Mid 7B VLM proxy,12000,2048,1344x1344,336x336,336x336,5,5,16,4,4,shared_all_resident,3456,2142.72,940,96,15178.72,14.823,True,5813.28,4,0,0,112.02,n/a
costsim-01538,B5-lite,mid_7b_vlm,Mid 7B VLM proxy,12000,2048,1344x1344,336x336,336x336,5,5,32,1,1,shared_all_resident,3456,2142.72,1660,96,15898.72,15.526,True,5093.28,1,0,0,88.02,n/a
costsim-01539,B5-lite,mid_7b_vlm,Mid 7B VLM proxy,12000,2048,1344x1344,336x336,336x336,5,5,32,2,2,shared_all_resident,3456,2142.72,1660,96,15898.72,15.526,True,5093.28,2,0,0,96.02,n/a
costsim-01540,B5-lite,mid_7b_vlm,Mid 7B VLM proxy,12000,2048,1344x1344,336x336,336x336,5,5,32,4,4,shared_all_resident,3456,2142.72,1660,96,15898.72,15.526,True,5093.28,4,0,0,112.02,n/a
costsim-01541,B5-lite,mid_7b_vlm,Mid 7B VLM proxy,12000,2048,1344x1344,336x336,448x448,1,1,4,1,1,shared_all_resident,1600,992.0,400,96,13488.0,13.172,True,7504.0,1,0,0,67.6,n/a
costsim-01542,B5-lite,mid_7b_vlm,Mid 7B VLM proxy,12000,2048,1344x1344,336x336,448x448,1,1,4,2,2,shared_all_resident,1600,992.0,400,96,13488.0,13.172,True,7504.0,2,0,0,75.6,n/a
costsim-01543,B5-lite,mid_7b_vlm,Mid 7B VLM proxy,12000,2048,1344x1344,336x336,448x448,1,1,4,4,4,shared_all_resident,1600,992.0,400,96,13488.0,13.172,True,7504.0,4,0,0,91.6,n/a
costsim-01544,B5-lite,mid_7b_vlm,Mid 7B VLM proxy,12000,2048,1344x1344,336x336,448x448,1,1,8,1,1,shared_all_resident,1600,992.0,580,96,13668.0,13.348,True,7324.0,1,0,0,67.6,n/a
costsim-01545,B5-lite,mid_7b_vlm,Mid 7B VLM proxy,12000,2048,1344x1344,336x336,448x448,1,1,8,2,2,shared_all_resident,1600,992.0,580,96,13668.0,13.348,True,7324.0,2,0,0,75.6,n/a
costsim-01546,B5-lite,mid_7b_vlm,Mid 7B VLM proxy,12000,2048,1344x1344,336x336,448x448,1,1,8,4,4,shared_all_resident,1600,992.0,580,96,13668.0,13.348,True,7324.0,4,0,0,91.6,n/a
costsim-01547,B5-lite,mid_7b_vlm,Mid 7B VLM proxy,12000,2048,1344x1344,336x336,448x448,1,1,16,1,1,shared_all_resident,1600,992.0,940,96,14028.0,13.699,True,6964.0,1,0,0,67.6,n/a
costsim-01548,B5-lite,mid_7b_vlm,Mid 7B VLM proxy,12000,2048,1344x1344,336x336,448x448,1,1,16,2,2,shared_all_resident,1600,992.0,940,96,14028.0,13.699,True,6964.0,2,0,0,75.6,n/a
costsim-01549,B5-lite,mid_7b_vlm,Mid 7B VLM proxy,12000,2048,1344x1344,336x336,448x448,1,1,16,4,4,shared_all_resident,1600,992.0,940,96,14028.0,13.699,True,6964.0,4,0,0,91.6,n/a
costsim-01550,B5-lite,mid_7b_vlm,Mid 7B VLM proxy,12000,2048,1344x1344,336x336,448x448,1,1,32,1,1,shared_all_resident,1600,992.0,1660,96,14748.0,14.402,True,6244.0,1,0,0,67.6,n/a
costsim-01551,B5-lite,mid_7b_vlm,Mid 7B VLM proxy,12000,2048,1344x1344,336x336,448x448,1,1,32,2,2,shared_all_resident,1600,992.0,1660,96,14748.0,14.402,True,6244.0,2,0,0,75.6,n/a
costsim-01552,B5-lite,mid_7b_vlm,Mid 7B VLM proxy,12000,2048,1344x1344,336x336,448x448,1,1,32,4,4,shared_all_resident,1600,992.0,1660,96,14748.0,14.402,True,6244.0,4,0,0,91.6,n/a
costsim-01553,B5-lite,mid_7b_vlm,Mid 7B VLM proxy,12000,2048,1344x1344,336x336,448x448,3,3,4,1,1,shared_all_resident,3648,2261.76,400,96,14757.76,14.412,True,6234.24,1,0,0,90.13,n/a
costsim-01554,B5-lite,mid_7b_vlm,Mid 7B VLM proxy,12000,2048,1344x1344,336x336,448x448,3,3,4,2,2,shared_all_resident,3648,2261.76,400,96,14757.76,14.412,True,6234.24,2,0,0,98.13,n/a
costsim-01555,B5-lite,mid_7b_vlm,Mid 7B VLM proxy,12000,2048,1344x1344,336x336,448x448,3,3,4,4,4,shared_all_resident,3648,2261.76,400,96,14757.76,14.412,True,6234.24,4,0,0,114.13,n/a
costsim-01556,B5-lite,mid_7b_vlm,Mid 7B VLM proxy,12000,2048,1344x1344,336x336,448x448,3,3,8,1,1,shared_all_resident,3648,2261.76,580,96,14937.76,14.588,True,6054.24,1,0,0,90.13,n/a
costsim-01557,B5-lite,mid_7b_vlm,Mid 7B VLM proxy,12000,2048,1344x1344,336x336,448x448,3,3,8,2,2,shared_all_resident,3648,2261.76,580,96,14937.76,14.588,True,6054.24,2,0,0,98.13,n/a
costsim-01558,B5-lite,mid_7b_vlm,Mid 7B VLM proxy,12000,2048,1344x1344,336x336,448x448,3,3,8,4,4,shared_all_resident,3648,2261.76,580,96,14937.76,14.588,True,6054.24,4,0,0,114.13,n/a
costsim-01559,B5-lite,mid_7b_vlm,Mid 7B VLM proxy,12000,2048,1344x1344,336x336,448x448,3,3,16,1,1,shared_all_resident,3648,2261.76,940,96,15297.76,14.939,True,5694.24,1,0,0,90.13,n/a
costsim-01560,B5-lite,mid_7b_vlm,Mid 7B VLM proxy,12000,2048,1344x1344,336x336,448x448,3,3,16,2,2,shared_all_resident,3648,2261.76,940,96,15297.76,14.939,True,5694.24,2,0,0,98.13,n/a
costsim-01561,B5-lite,mid_7b_vlm,Mid 7B VLM proxy,12000,2048,1344x1344,336x336,448x448,3,3,16,4,4,shared_all_resident,3648,2261.76,940,96,15297.76,14.939,True,5694.24,4,0,0,114.13,n/a
costsim-01562,B5-lite,mid_7b_vlm,Mid 7B VLM proxy,12000,2048,1344x1344,336x336,448x448,3,3,32,1,1,shared_all_resident,3648,2261.76,1660,96,16017.76,15.642,True,4974.24,1,0,0,90.13,n/a
costsim-01563,B5-lite,mid_7b_vlm,Mid 7B VLM proxy,12000,2048,1344x1344,336x336,448x448,3,3,32,2,2,shared_all_resident,3648,2261.76,1660,96,16017.76,15.642,True,4974.24,2,0,0,98.13,n/a
costsim-01564,B5-lite,mid_7b_vlm,Mid 7B VLM proxy,12000,2048,1344x1344,336x336,448x448,3,3,32,4,4,shared_all_resident,3648,2261.76,1660,96,16017.76,15.642,True,4974.24,4,0,0,114.13,n/a
costsim-01565,B5-lite,mid_7b_vlm,Mid 7B VLM proxy,12000,2048,1344x1344,336x336,448x448,5,5,4,1,1,shared_all_resident,5696,3531.52,400,96,16027.52,15.652,True,4964.48,1,0,0,112.66,n/a
costsim-01566,B5-lite,mid_7b_vlm,Mid 7B VLM proxy,12000,2048,1344x1344,336x336,448x448,5,5,4,2,2,shared_all_resident,5696,3531.52,400,96,16027.52,15.652,True,4964.48,2,0,0,120.66,n/a
costsim-01567,B5-lite,mid_7b_vlm,Mid 7B VLM proxy,12000,2048,1344x1344,336x336,448x448,5,5,4,4,4,shared_all_resident,5696,3531.52,400,96,16027.52,15.652,True,4964.48,4,0,0,136.66,n/a
costsim-01568,B5-lite,mid_7b_vlm,Mid 7B VLM proxy,12000,2048,1344x1344,336x336,448x448,5,5,8,1,1,shared_all_resident,5696,3531.52,580,96,16207.52,15.828,True,4784.48,1,0,0,112.66,n/a
costsim-01569,B5-lite,mid_7b_vlm,Mid 7B VLM proxy,12000,2048,1344x1344,336x336,448x448,5,5,8,2,2,shared_all_resident,5696,3531.52,580,96,16207.52,15.828,True,4784.48,2,0,0,120.66,n/a
costsim-01570,B5-lite,mid_7b_vlm,Mid 7B VLM proxy,12000,2048,1344x1344,336x336,448x448,5,5,8,4,4,shared_all_resident,5696,3531.52,580,96,16207.52,15.828,True,4784.48,4,0,0,136.66,n/a
costsim-01571,B5-lite,mid_7b_vlm,Mid 7B VLM proxy,12000,2048,1344x1344,336x336,448x448,5,5,16,1,1,shared_all_resident,5696,3531.52,940,96,16567.52,16.179,True,4424.48,1,0,0,112.66,n/a
costsim-01572,B5-lite,mid_7b_vlm,Mid 7B VLM proxy,12000,2048,1344x1344,336x336,448x448,5,5,16,2,2,shared_all_resident,5696,3531.52,940,96,16567.52,16.179,True,4424.48,2,0,0,120.66,n/a
costsim-01573,B5-lite,mid_7b_vlm,Mid 7B VLM proxy,12000,2048,1344x1344,336x336,448x448,5,5,16,4,4,shared_all_resident,5696,3531.52,940,96,16567.52,16.179,True,4424.48,4,0,0,136.66,n/a
costsim-01574,B5-lite,mid_7b_vlm,Mid 7B VLM proxy,12000,2048,1344x1344,336x336,448x448,5,5,32,1,1,shared_all_resident,5696,3531.52,1660,96,17287.52,16.882,True,3704.48,1,0,0,112.66,n/a
costsim-01575,B5-lite,mid_7b_vlm,Mid 7B VLM proxy,12000,2048,1344x1344,336x336,448x448,5,5,32,2,2,shared_all_resident,5696,3531.52,1660,96,17287.52,16.882,True,3704.48,2,0,0,120.66,n/a
costsim-01576,B5-lite,mid_7b_vlm,Mid 7B VLM proxy,12000,2048,1344x1344,336x336,448x448,5,5,32,4,4,shared_all_resident,5696,3531.52,1660,96,17287.52,16.882,True,3704.48,4,0,0,136.66,n/a
costsim-01577,B5-lite,mid_7b_vlm,Mid 7B VLM proxy,12000,2048,1344x1344,448x448,336x336,1,1,4,1,1,shared_all_resident,1600,992.0,400,96,13488.0,13.172,True,7504.0,1,0,0,67.6,n/a
costsim-01578,B5-lite,mid_7b_vlm,Mid 7B VLM proxy,12000,2048,1344x1344,448x448,336x336,1,1,4,2,2,shared_all_resident,1600,992.0,400,96,13488.0,13.172,True,7504.0,2,0,0,75.6,n/a
costsim-01579,B5-lite,mid_7b_vlm,Mid 7B VLM proxy,12000,2048,1344x1344,448x448,336x336,1,1,4,4,4,shared_all_resident,1600,992.0,400,96,13488.0,13.172,True,7504.0,4,0,0,91.6,n/a
costsim-01580,B5-lite,mid_7b_vlm,Mid 7B VLM proxy,12000,2048,1344x1344,448x448,336x336,1,1,8,1,1,shared_all_resident,1600,992.0,580,96,13668.0,13.348,True,7324.0,1,0,0,67.6,n/a
costsim-01581,B5-lite,mid_7b_vlm,Mid 7B VLM proxy,12000,2048,1344x1344,448x448,336x336,1,1,8,2,2,shared_all_resident,1600,992.0,580,96,13668.0,13.348,True,7324.0,2,0,0,75.6,n/a
costsim-01582,B5-lite,mid_7b_vlm,Mid 7B VLM proxy,12000,2048,1344x1344,448x448,336x336,1,1,8,4,4,shared_all_resident,1600,992.0,580,96,13668.0,13.348,True,7324.0,4,0,0,91.6,n/a
costsim-01583,B5-lite,mid_7b_vlm,Mid 7B VLM proxy,12000,2048,1344x1344,448x448,336x336,1,1,16,1,1,shared_all_resident,1600,992.0,940,96,14028.0,13.699,True,6964.0,1,0,0,67.6,n/a
costsim-01584,B5-lite,mid_7b_vlm,Mid 7B VLM proxy,12000,2048,1344x1344,448x448,336x336,1,1,16,2,2,shared_all_resident,1600,992.0,940,96,14028.0,13.699,True,6964.0,2,0,0,75.6,n/a
costsim-01585,B5-lite,mid_7b_vlm,Mid 7B VLM proxy,12000,2048,1344x1344,448x448,336x336,1,1,16,4,4,shared_all_resident,1600,992.0,940,96,14028.0,13.699,True,6964.0,4,0,0,91.6,n/a
costsim-01586,B5-lite,mid_7b_vlm,Mid 7B VLM proxy,12000,2048,1344x1344,448x448,336x336,1,1,32,1,1,shared_all_resident,1600,992.0,1660,96,14748.0,14.402,True,6244.0,1,0,0,67.6,n/a
costsim-01587,B5-lite,mid_7b_vlm,Mid 7B VLM proxy,12000,2048,1344x1344,448x448,336x336,1,1,32,2,2,shared_all_resident,1600,992.0,1660,96,14748.0,14.402,True,6244.0,2,0,0,75.6,n/a
costsim-01588,B5-lite,mid_7b_vlm,Mid 7B VLM proxy,12000,2048,1344x1344,448x448,336x336,1,1,32,4,4,shared_all_resident,1600,992.0,1660,96,14748.0,14.402,True,6244.0,4,0,0,91.6,n/a
costsim-01589,B5-lite,mid_7b_vlm,Mid 7B VLM proxy,12000,2048,1344x1344,448x448,336x336,3,3,4,1,1,shared_all_resident,2752,1706.24,400,96,14202.24,13.869,True,6789.76,1,0,0,80.27,n/a
costsim-01590,B5-lite,mid_7b_vlm,Mid 7B VLM proxy,12000,2048,1344x1344,448x448,336x336,3,3,4,2,2,shared_all_resident,2752,1706.24,400,96,14202.24,13.869,True,6789.76,2,0,0,88.27,n/a
costsim-01591,B5-lite,mid_7b_vlm,Mid 7B VLM proxy,12000,2048,1344x1344,448x448,336x336,3,3,4,4,4,shared_all_resident,2752,1706.24,400,96,14202.24,13.869,True,6789.76,4,0,0,104.27,n/a
costsim-01592,B5-lite,mid_7b_vlm,Mid 7B VLM proxy,12000,2048,1344x1344,448x448,336x336,3,3,8,1,1,shared_all_resident,2752,1706.24,580,96,14382.24,14.045,True,6609.76,1,0,0,80.27,n/a
costsim-01593,B5-lite,mid_7b_vlm,Mid 7B VLM proxy,12000,2048,1344x1344,448x448,336x336,3,3,8,2,2,shared_all_resident,2752,1706.24,580,96,14382.24,14.045,True,6609.76,2,0,0,88.27,n/a
costsim-01594,B5-lite,mid_7b_vlm,Mid 7B VLM proxy,12000,2048,1344x1344,448x448,336x336,3,3,8,4,4,shared_all_resident,2752,1706.24,580,96,14382.24,14.045,True,6609.76,4,0,0,104.27,n/a
costsim-01595,B5-lite,mid_7b_vlm,Mid 7B VLM proxy,12000,2048,1344x1344,448x448,336x336,3,3,16,1,1,shared_all_resident,2752,1706.24,940,96,14742.24,14.397,True,6249.76,1,0,0,80.27,n/a
costsim-01596,B5-lite,mid_7b_vlm,Mid 7B VLM proxy,12000,2048,1344x1344,448x448,336x336,3,3,16,2,2,shared_all_resident,2752,1706.24,940,96,14742.24,14.397,True,6249.76,2,0,0,88.27,n/a
costsim-01597,B5-lite,mid_7b_vlm,Mid 7B VLM proxy,12000,2048,1344x1344,448x448,336x336,3,3,16,4,4,shared_all_resident,2752,1706.24,940,96,14742.24,14.397,True,6249.76,4,0,0,104.27,n/a
costsim-01598,B5-lite,mid_7b_vlm,Mid 7B VLM proxy,12000,2048,1344x1344,448x448,336x336,3,3,32,1,1,shared_all_resident,2752,1706.24,1660,96,15462.24,15.1,True,5529.76,1,0,0,80.27,n/a
costsim-01599,B5-lite,mid_7b_vlm,Mid 7B VLM proxy,12000,2048,1344x1344,448x448,336x336,3,3,32,2,2,shared_all_resident,2752,1706.24,1660,96,15462.24,15.1,True,5529.76,2,0,0,88.27,n/a
costsim-01600,B5-lite,mid_7b_vlm,Mid 7B VLM proxy,12000,2048,1344x1344,448x448,336x336,3,3,32,4,4,shared_all_resident,2752,1706.24,1660,96,15462.24,15.1,True,5529.76,4,0,0,104.27,n/a
costsim-01601,B5-lite,mid_7b_vlm,Mid 7B VLM proxy,12000,2048,1344x1344,448x448,336x336,5,5,4,1,1,shared_all_resident,3904,2420.48,400,96,14916.48,14.567,True,6075.52,1,0,0,92.94,n/a
costsim-01602,B5-lite,mid_7b_vlm,Mid 7B VLM proxy,12000,2048,1344x1344,448x448,336x336,5,5,4,2,2,shared_all_resident,3904,2420.48,400,96,14916.48,14.567,True,6075.52,2,0,0,100.94,n/a
costsim-01603,B5-lite,mid_7b_vlm,Mid 7B VLM proxy,12000,2048,1344x1344,448x448,336x336,5,5,4,4,4,shared_all_resident,3904,2420.48,400,96,14916.48,14.567,True,6075.52,4,0,0,116.94,n/a
costsim-01604,B5-lite,mid_7b_vlm,Mid 7B VLM proxy,12000,2048,1344x1344,448x448,336x336,5,5,8,1,1,shared_all_resident,3904,2420.48,580,96,15096.48,14.743,True,5895.52,1,0,0,92.94,n/a
costsim-01605,B5-lite,mid_7b_vlm,Mid 7B VLM proxy,12000,2048,1344x1344,448x448,336x336,5,5,8,2,2,shared_all_resident,3904,2420.48,580,96,15096.48,14.743,True,5895.52,2,0,0,100.94,n/a
costsim-01606,B5-lite,mid_7b_vlm,Mid 7B VLM proxy,12000,2048,1344x1344,448x448,336x336,5,5,8,4,4,shared_all_resident,3904,2420.48,580,96,15096.48,14.743,True,5895.52,4,0,0,116.94,n/a
costsim-01607,B5-lite,mid_7b_vlm,Mid 7B VLM proxy,12000,2048,1344x1344,448x448,336x336,5,5,16,1,1,shared_all_resident,3904,2420.48,940,96,15456.48,15.094,True,5535.52,1,0,0,92.94,n/a
costsim-01608,B5-lite,mid_7b_vlm,Mid 7B VLM proxy,12000,2048,1344x1344,448x448,336x336,5,5,16,2,2,shared_all_resident,3904,2420.48,940,96,15456.48,15.094,True,5535.52,2,0,0,100.94,n/a
costsim-01609,B5-lite,mid_7b_vlm,Mid 7B VLM proxy,12000,2048,1344x1344,448x448,336x336,5,5,16,4,4,shared_all_resident,3904,2420.48,940,96,15456.48,15.094,True,5535.52,4,0,0,116.94,n/a
costsim-01610,B5-lite,mid_7b_vlm,Mid 7B VLM proxy,12000,2048,1344x1344,448x448,336x336,5,5,32,1,1,shared_all_resident,3904,2420.48,1660,96,16176.48,15.797,True,4815.52,1,0,0,92.94,n/a
costsim-01611,B5-lite,mid_7b_vlm,Mid 7B VLM proxy,12000,2048,1344x1344,448x448,336x336,5,5,32,2,2,shared_all_resident,3904,2420.48,1660,96,16176.48,15.797,True,4815.52,2,0,0,100.94,n/a
costsim-01612,B5-lite,mid_7b_vlm,Mid 7B VLM proxy,12000,2048,1344x1344,448x448,336x336,5,5,32,4,4,shared_all_resident,3904,2420.48,1660,96,16176.48,15.797,True,4815.52,4,0,0,116.94,n/a
costsim-01613,B5-lite,mid_7b_vlm,Mid 7B VLM proxy,12000,2048,1344x1344,448x448,448x448,1,1,4,1,1,shared_all_resident,2048,1269.76,400,96,13765.76,13.443,True,7226.24,1,0,0,72.53,n/a
costsim-01614,B5-lite,mid_7b_vlm,Mid 7B VLM proxy,12000,2048,1344x1344,448x448,448x448,1,1,4,2,2,shared_all_resident,2048,1269.76,400,96,13765.76,13.443,True,7226.24,2,0,0,80.53,n/a
costsim-01615,B5-lite,mid_7b_vlm,Mid 7B VLM proxy,12000,2048,1344x1344,448x448,448x448,1,1,4,4,4,shared_all_resident,2048,1269.76,400,96,13765.76,13.443,True,7226.24,4,0,0,96.53,n/a
costsim-01616,B5-lite,mid_7b_vlm,Mid 7B VLM proxy,12000,2048,1344x1344,448x448,448x448,1,1,8,1,1,shared_all_resident,2048,1269.76,580,96,13945.76,13.619,True,7046.24,1,0,0,72.53,n/a
costsim-01617,B5-lite,mid_7b_vlm,Mid 7B VLM proxy,12000,2048,1344x1344,448x448,448x448,1,1,8,2,2,shared_all_resident,2048,1269.76,580,96,13945.76,13.619,True,7046.24,2,0,0,80.53,n/a
costsim-01618,B5-lite,mid_7b_vlm,Mid 7B VLM proxy,12000,2048,1344x1344,448x448,448x448,1,1,8,4,4,shared_all_resident,2048,1269.76,580,96,13945.76,13.619,True,7046.24,4,0,0,96.53,n/a
costsim-01619,B5-lite,mid_7b_vlm,Mid 7B VLM proxy,12000,2048,1344x1344,448x448,448x448,1,1,16,1,1,shared_all_resident,2048,1269.76,940,96,14305.76,13.97,True,6686.24,1,0,0,72.53,n/a
costsim-01620,B5-lite,mid_7b_vlm,Mid 7B VLM proxy,12000,2048,1344x1344,448x448,448x448,1,1,16,2,2,shared_all_resident,2048,1269.76,940,96,14305.76,13.97,True,6686.24,2,0,0,80.53,n/a
costsim-01621,B5-lite,mid_7b_vlm,Mid 7B VLM proxy,12000,2048,1344x1344,448x448,448x448,1,1,16,4,4,shared_all_resident,2048,1269.76,940,96,14305.76,13.97,True,6686.24,4,0,0,96.53,n/a
costsim-01622,B5-lite,mid_7b_vlm,Mid 7B VLM proxy,12000,2048,1344x1344,448x448,448x448,1,1,32,1,1,shared_all_resident,2048,1269.76,1660,96,15025.76,14.674,True,5966.24,1,0,0,72.53,n/a
costsim-01623,B5-lite,mid_7b_vlm,Mid 7B VLM proxy,12000,2048,1344x1344,448x448,448x448,1,1,32,2,2,shared_all_resident,2048,1269.76,1660,96,15025.76,14.674,True,5966.24,2,0,0,80.53,n/a
costsim-01624,B5-lite,mid_7b_vlm,Mid 7B VLM proxy,12000,2048,1344x1344,448x448,448x448,1,1,32,4,4,shared_all_resident,2048,1269.76,1660,96,15025.76,14.674,True,5966.24,4,0,0,96.53,n/a
costsim-01625,B5-lite,mid_7b_vlm,Mid 7B VLM proxy,12000,2048,1344x1344,448x448,448x448,3,3,4,1,1,shared_all_resident,4096,2539.52,400,96,15035.52,14.683,True,5956.48,1,0,0,95.06,n/a
costsim-01626,B5-lite,mid_7b_vlm,Mid 7B VLM proxy,12000,2048,1344x1344,448x448,448x448,3,3,4,2,2,shared_all_resident,4096,2539.52,400,96,15035.52,14.683,True,5956.48,2,0,0,103.06,n/a
costsim-01627,B5-lite,mid_7b_vlm,Mid 7B VLM proxy,12000,2048,1344x1344,448x448,448x448,3,3,4,4,4,shared_all_resident,4096,2539.52,400,96,15035.52,14.683,True,5956.48,4,0,0,119.06,n/a
costsim-01628,B5-lite,mid_7b_vlm,Mid 7B VLM proxy,12000,2048,1344x1344,448x448,448x448,3,3,8,1,1,shared_all_resident,4096,2539.52,580,96,15215.52,14.859,True,5776.48,1,0,0,95.06,n/a
costsim-01629,B5-lite,mid_7b_vlm,Mid 7B VLM proxy,12000,2048,1344x1344,448x448,448x448,3,3,8,2,2,shared_all_resident,4096,2539.52,580,96,15215.52,14.859,True,5776.48,2,0,0,103.06,n/a
costsim-01630,B5-lite,mid_7b_vlm,Mid 7B VLM proxy,12000,2048,1344x1344,448x448,448x448,3,3,8,4,4,shared_all_resident,4096,2539.52,580,96,15215.52,14.859,True,5776.48,4,0,0,119.06,n/a
costsim-01631,B5-lite,mid_7b_vlm,Mid 7B VLM proxy,12000,2048,1344x1344,448x448,448x448,3,3,16,1,1,shared_all_resident,4096,2539.52,940,96,15575.52,15.21,True,5416.48,1,0,0,95.06,n/a
costsim-01632,B5-lite,mid_7b_vlm,Mid 7B VLM proxy,12000,2048,1344x1344,448x448,448x448,3,3,16,2,2,shared_all_resident,4096,2539.52,940,96,15575.52,15.21,True,5416.48,2,0,0,103.06,n/a
costsim-01633,B5-lite,mid_7b_vlm,Mid 7B VLM proxy,12000,2048,1344x1344,448x448,448x448,3,3,16,4,4,shared_all_resident,4096,2539.52,940,96,15575.52,15.21,True,5416.48,4,0,0,119.06,n/a
costsim-01634,B5-lite,mid_7b_vlm,Mid 7B VLM proxy,12000,2048,1344x1344,448x448,448x448,3,3,32,1,1,shared_all_resident,4096,2539.52,1660,96,16295.52,15.914,True,4696.48,1,0,0,95.06,n/a
costsim-01635,B5-lite,mid_7b_vlm,Mid 7B VLM proxy,12000,2048,1344x1344,448x448,448x448,3,3,32,2,2,shared_all_resident,4096,2539.52,1660,96,16295.52,15.914,True,4696.48,2,0,0,103.06,n/a
costsim-01636,B5-lite,mid_7b_vlm,Mid 7B VLM proxy,12000,2048,1344x1344,448x448,448x448,3,3,32,4,4,shared_all_resident,4096,2539.52,1660,96,16295.52,15.914,True,4696.48,4,0,0,119.06,n/a
costsim-01637,B5-lite,mid_7b_vlm,Mid 7B VLM proxy,12000,2048,1344x1344,448x448,448x448,5,5,4,1,1,shared_all_resident,6144,3809.28,400,96,16305.28,15.923,True,4686.72,1,0,0,117.58,n/a
costsim-01638,B5-lite,mid_7b_vlm,Mid 7B VLM proxy,12000,2048,1344x1344,448x448,448x448,5,5,4,2,2,shared_all_resident,6144,3809.28,400,96,16305.28,15.923,True,4686.72,2,0,0,125.58,n/a
costsim-01639,B5-lite,mid_7b_vlm,Mid 7B VLM proxy,12000,2048,1344x1344,448x448,448x448,5,5,4,4,4,shared_all_resident,6144,3809.28,400,96,16305.28,15.923,True,4686.72,4,0,0,141.58,n/a
costsim-01640,B5-lite,mid_7b_vlm,Mid 7B VLM proxy,12000,2048,1344x1344,448x448,448x448,5,5,8,1,1,shared_all_resident,6144,3809.28,580,96,16485.28,16.099,True,4506.72,1,0,0,117.58,n/a
costsim-01641,B5-lite,mid_7b_vlm,Mid 7B VLM proxy,12000,2048,1344x1344,448x448,448x448,5,5,8,2,2,shared_all_resident,6144,3809.28,580,96,16485.28,16.099,True,4506.72,2,0,0,125.58,n/a
costsim-01642,B5-lite,mid_7b_vlm,Mid 7B VLM proxy,12000,2048,1344x1344,448x448,448x448,5,5,8,4,4,shared_all_resident,6144,3809.28,580,96,16485.28,16.099,True,4506.72,4,0,0,141.58,n/a
costsim-01643,B5-lite,mid_7b_vlm,Mid 7B VLM proxy,12000,2048,1344x1344,448x448,448x448,5,5,16,1,1,shared_all_resident,6144,3809.28,940,96,16845.28,16.45,True,4146.72,1,0,0,117.58,n/a
costsim-01644,B5-lite,mid_7b_vlm,Mid 7B VLM proxy,12000,2048,1344x1344,448x448,448x448,5,5,16,2,2,shared_all_resident,6144,3809.28,940,96,16845.28,16.45,True,4146.72,2,0,0,125.58,n/a
costsim-01645,B5-lite,mid_7b_vlm,Mid 7B VLM proxy,12000,2048,1344x1344,448x448,448x448,5,5,16,4,4,shared_all_resident,6144,3809.28,940,96,16845.28,16.45,True,4146.72,4,0,0,141.58,n/a
costsim-01646,B5-lite,mid_7b_vlm,Mid 7B VLM proxy,12000,2048,1344x1344,448x448,448x448,5,5,32,1,1,shared_all_resident,6144,3809.28,1660,96,17565.28,17.154,True,3426.72,1,0,0,117.58,n/a
costsim-01647,B5-lite,mid_7b_vlm,Mid 7B VLM proxy,12000,2048,1344x1344,448x448,448x448,5,5,32,2,2,shared_all_resident,6144,3809.28,1660,96,17565.28,17.154,True,3426.72,2,0,0,125.58,n/a
costsim-01648,B5-lite,mid_7b_vlm,Mid 7B VLM proxy,12000,2048,1344x1344,448x448,448x448,5,5,32,4,4,shared_all_resident,6144,3809.28,1660,96,17565.28,17.154,True,3426.72,4,0,0,141.58,n/a
costsim-01649,B7-lite,mid_7b_vlm,Mid 7B VLM proxy,12000,2048,1344x1344,336x336,336x336,1,1,4,1,1,shared_budget_conditioned,1152,714.24,265,96,13075.24,12.769,True,7916.76,1,0,0,62.67,allow_initial_plan
costsim-01650,B7-lite,mid_7b_vlm,Mid 7B VLM proxy,12000,2048,1344x1344,336x336,336x336,1,1,4,2,2,shared_budget_conditioned,1152,714.24,310,96,13120.24,12.813,True,7871.76,2,0,0,70.67,allow_initial_plan
costsim-01651,B7-lite,mid_7b_vlm,Mid 7B VLM proxy,12000,2048,1344x1344,336x336,336x336,1,1,4,4,4,shared_budget_conditioned,1152,714.24,400,180,13294.24,12.983,True,7697.76,4,0,0,86.67,allow_initial_plan
costsim-01652,B7-lite,mid_7b_vlm,Mid 7B VLM proxy,12000,2048,1344x1344,336x336,336x336,1,1,8,1,1,shared_budget_conditioned,1152,714.24,265,96,13075.24,12.769,True,7916.76,1,0,0,62.67,allow_initial_plan
costsim-01653,B7-lite,mid_7b_vlm,Mid 7B VLM proxy,12000,2048,1344x1344,336x336,336x336,1,1,8,2,2,shared_budget_conditioned,1152,714.24,310,96,13120.24,12.813,True,7871.76,2,0,0,70.67,allow_initial_plan
costsim-01654,B7-lite,mid_7b_vlm,Mid 7B VLM proxy,12000,2048,1344x1344,336x336,336x336,1,1,8,4,4,shared_budget_conditioned,1152,714.24,400,180,13294.24,12.983,True,7697.76,4,0,0,86.67,allow_initial_plan
costsim-01655,B7-lite,mid_7b_vlm,Mid 7B VLM proxy,12000,2048,1344x1344,336x336,336x336,1,1,16,1,1,shared_budget_conditioned,1152,714.24,265,96,13075.24,12.769,True,7916.76,1,0,0,62.67,allow_initial_plan
costsim-01656,B7-lite,mid_7b_vlm,Mid 7B VLM proxy,12000,2048,1344x1344,336x336,336x336,1,1,16,2,2,shared_budget_conditioned,1152,714.24,310,96,13120.24,12.813,True,7871.76,2,0,0,70.67,allow_initial_plan
costsim-01657,B7-lite,mid_7b_vlm,Mid 7B VLM proxy,12000,2048,1344x1344,336x336,336x336,1,1,16,4,4,shared_budget_conditioned,1152,714.24,400,180,13294.24,12.983,True,7697.76,4,0,0,86.67,allow_initial_plan
costsim-01658,B7-lite,mid_7b_vlm,Mid 7B VLM proxy,12000,2048,1344x1344,336x336,336x336,1,1,32,1,1,shared_budget_conditioned,1152,714.24,265,96,13075.24,12.769,True,7916.76,1,0,0,62.67,allow_initial_plan
costsim-01659,B7-lite,mid_7b_vlm,Mid 7B VLM proxy,12000,2048,1344x1344,336x336,336x336,1,1,32,2,2,shared_budget_conditioned,1152,714.24,310,96,13120.24,12.813,True,7871.76,2,0,0,70.67,allow_initial_plan
costsim-01660,B7-lite,mid_7b_vlm,Mid 7B VLM proxy,12000,2048,1344x1344,336x336,336x336,1,1,32,4,4,shared_budget_conditioned,1152,714.24,400,180,13294.24,12.983,True,7697.76,4,0,0,86.67,allow_initial_plan
costsim-01661,B7-lite,mid_7b_vlm,Mid 7B VLM proxy,12000,2048,1344x1344,336x336,336x336,3,3,4,1,1,shared_budget_conditioned,2304,1428.48,265,96,13789.48,13.466,True,7202.52,1,0,0,75.34,allow_initial_plan
costsim-01662,B7-lite,mid_7b_vlm,Mid 7B VLM proxy,12000,2048,1344x1344,336x336,336x336,3,3,4,2,2,shared_budget_conditioned,2304,1428.48,310,96,13834.48,13.51,True,7157.52,2,0,0,83.34,allow_initial_plan
costsim-01663,B7-lite,mid_7b_vlm,Mid 7B VLM proxy,12000,2048,1344x1344,336x336,336x336,3,3,4,4,4,shared_budget_conditioned,2304,1428.48,400,180,14008.48,13.68,True,6983.52,4,0,0,99.34,allow_initial_plan
costsim-01664,B7-lite,mid_7b_vlm,Mid 7B VLM proxy,12000,2048,1344x1344,336x336,336x336,3,3,8,1,1,shared_budget_conditioned,2304,1428.48,265,96,13789.48,13.466,True,7202.52,1,0,0,75.34,allow_initial_plan
costsim-01665,B7-lite,mid_7b_vlm,Mid 7B VLM proxy,12000,2048,1344x1344,336x336,336x336,3,3,8,2,2,shared_budget_conditioned,2304,1428.48,310,96,13834.48,13.51,True,7157.52,2,0,0,83.34,allow_initial_plan
costsim-01666,B7-lite,mid_7b_vlm,Mid 7B VLM proxy,12000,2048,1344x1344,336x336,336x336,3,3,8,4,4,shared_budget_conditioned,2304,1428.48,400,180,14008.48,13.68,True,6983.52,4,0,0,99.34,allow_initial_plan
costsim-01667,B7-lite,mid_7b_vlm,Mid 7B VLM proxy,12000,2048,1344x1344,336x336,336x336,3,3,16,1,1,shared_budget_conditioned,2304,1428.48,265,96,13789.48,13.466,True,7202.52,1,0,0,75.34,allow_initial_plan
costsim-01668,B7-lite,mid_7b_vlm,Mid 7B VLM proxy,12000,2048,1344x1344,336x336,336x336,3,3,16,2,2,shared_budget_conditioned,2304,1428.48,310,96,13834.48,13.51,True,7157.52,2,0,0,83.34,allow_initial_plan
costsim-01669,B7-lite,mid_7b_vlm,Mid 7B VLM proxy,12000,2048,1344x1344,336x336,336x336,3,3,16,4,4,shared_budget_conditioned,2304,1428.48,400,180,14008.48,13.68,True,6983.52,4,0,0,99.34,allow_initial_plan
costsim-01670,B7-lite,mid_7b_vlm,Mid 7B VLM proxy,12000,2048,1344x1344,336x336,336x336,3,3,32,1,1,shared_budget_conditioned,2304,1428.48,265,96,13789.48,13.466,True,7202.52,1,0,0,75.34,allow_initial_plan
costsim-01671,B7-lite,mid_7b_vlm,Mid 7B VLM proxy,12000,2048,1344x1344,336x336,336x336,3,3,32,2,2,shared_budget_conditioned,2304,1428.48,310,96,13834.48,13.51,True,7157.52,2,0,0,83.34,allow_initial_plan
costsim-01672,B7-lite,mid_7b_vlm,Mid 7B VLM proxy,12000,2048,1344x1344,336x336,336x336,3,3,32,4,4,shared_budget_conditioned,2304,1428.48,400,180,14008.48,13.68,True,6983.52,4,0,0,99.34,allow_initial_plan
costsim-01673,B7-lite,mid_7b_vlm,Mid 7B VLM proxy,12000,2048,1344x1344,336x336,336x336,5,5,4,1,1,shared_budget_conditioned,3456,2142.72,265,96,14503.72,14.164,True,6488.28,1,0,0,88.02,allow_initial_plan
costsim-01674,B7-lite,mid_7b_vlm,Mid 7B VLM proxy,12000,2048,1344x1344,336x336,336x336,5,5,4,2,2,shared_budget_conditioned,3456,2142.72,310,96,14548.72,14.208,True,6443.28,2,0,0,96.02,allow_initial_plan
costsim-01675,B7-lite,mid_7b_vlm,Mid 7B VLM proxy,12000,2048,1344x1344,336x336,336x336,5,5,4,4,4,shared_budget_conditioned,3456,2142.72,400,180,14722.72,14.378,True,6269.28,4,0,0,112.02,allow_initial_plan
costsim-01676,B7-lite,mid_7b_vlm,Mid 7B VLM proxy,12000,2048,1344x1344,336x336,336x336,5,5,8,1,1,shared_budget_conditioned,3456,2142.72,265,96,14503.72,14.164,True,6488.28,1,0,0,88.02,allow_initial_plan
costsim-01677,B7-lite,mid_7b_vlm,Mid 7B VLM proxy,12000,2048,1344x1344,336x336,336x336,5,5,8,2,2,shared_budget_conditioned,3456,2142.72,310,96,14548.72,14.208,True,6443.28,2,0,0,96.02,allow_initial_plan
costsim-01678,B7-lite,mid_7b_vlm,Mid 7B VLM proxy,12000,2048,1344x1344,336x336,336x336,5,5,8,4,4,shared_budget_conditioned,3456,2142.72,400,180,14722.72,14.378,True,6269.28,4,0,0,112.02,allow_initial_plan
costsim-01679,B7-lite,mid_7b_vlm,Mid 7B VLM proxy,12000,2048,1344x1344,336x336,336x336,5,5,16,1,1,shared_budget_conditioned,3456,2142.72,265,96,14503.72,14.164,True,6488.28,1,0,0,88.02,allow_initial_plan
costsim-01680,B7-lite,mid_7b_vlm,Mid 7B VLM proxy,12000,2048,1344x1344,336x336,336x336,5,5,16,2,2,shared_budget_conditioned,3456,2142.72,310,96,14548.72,14.208,True,6443.28,2,0,0,96.02,allow_initial_plan
costsim-01681,B7-lite,mid_7b_vlm,Mid 7B VLM proxy,12000,2048,1344x1344,336x336,336x336,5,5,16,4,4,shared_budget_conditioned,3456,2142.72,400,180,14722.72,14.378,True,6269.28,4,0,0,112.02,allow_initial_plan
costsim-01682,B7-lite,mid_7b_vlm,Mid 7B VLM proxy,12000,2048,1344x1344,336x336,336x336,5,5,32,1,1,shared_budget_conditioned,3456,2142.72,265,96,14503.72,14.164,True,6488.28,1,0,0,88.02,allow_initial_plan
costsim-01683,B7-lite,mid_7b_vlm,Mid 7B VLM proxy,12000,2048,1344x1344,336x336,336x336,5,5,32,2,2,shared_budget_conditioned,3456,2142.72,310,96,14548.72,14.208,True,6443.28,2,0,0,96.02,allow_initial_plan
costsim-01684,B7-lite,mid_7b_vlm,Mid 7B VLM proxy,12000,2048,1344x1344,336x336,336x336,5,5,32,4,4,shared_budget_conditioned,3456,2142.72,400,180,14722.72,14.378,True,6269.28,4,0,0,112.02,allow_initial_plan
costsim-01685,B7-lite,mid_7b_vlm,Mid 7B VLM proxy,12000,2048,1344x1344,336x336,448x448,1,1,4,1,1,shared_budget_conditioned,1600,992.0,265,96,13353.0,13.04,True,7639.0,1,0,0,67.6,allow_initial_plan
costsim-01686,B7-lite,mid_7b_vlm,Mid 7B VLM proxy,12000,2048,1344x1344,336x336,448x448,1,1,4,2,2,shared_budget_conditioned,1600,992.0,310,96,13398.0,13.084,True,7594.0,2,0,0,75.6,allow_initial_plan
costsim-01687,B7-lite,mid_7b_vlm,Mid 7B VLM proxy,12000,2048,1344x1344,336x336,448x448,1,1,4,4,4,shared_budget_conditioned,1600,992.0,400,180,13572.0,13.254,True,7420.0,4,0,0,91.6,allow_initial_plan
costsim-01688,B7-lite,mid_7b_vlm,Mid 7B VLM proxy,12000,2048,1344x1344,336x336,448x448,1,1,8,1,1,shared_budget_conditioned,1600,992.0,265,96,13353.0,13.04,True,7639.0,1,0,0,67.6,allow_initial_plan
costsim-01689,B7-lite,mid_7b_vlm,Mid 7B VLM proxy,12000,2048,1344x1344,336x336,448x448,1,1,8,2,2,shared_budget_conditioned,1600,992.0,310,96,13398.0,13.084,True,7594.0,2,0,0,75.6,allow_initial_plan
costsim-01690,B7-lite,mid_7b_vlm,Mid 7B VLM proxy,12000,2048,1344x1344,336x336,448x448,1,1,8,4,4,shared_budget_conditioned,1600,992.0,400,180,13572.0,13.254,True,7420.0,4,0,0,91.6,allow_initial_plan
costsim-01691,B7-lite,mid_7b_vlm,Mid 7B VLM proxy,12000,2048,1344x1344,336x336,448x448,1,1,16,1,1,shared_budget_conditioned,1600,992.0,265,96,13353.0,13.04,True,7639.0,1,0,0,67.6,allow_initial_plan
costsim-01692,B7-lite,mid_7b_vlm,Mid 7B VLM proxy,12000,2048,1344x1344,336x336,448x448,1,1,16,2,2,shared_budget_conditioned,1600,992.0,310,96,13398.0,13.084,True,7594.0,2,0,0,75.6,allow_initial_plan
costsim-01693,B7-lite,mid_7b_vlm,Mid 7B VLM proxy,12000,2048,1344x1344,336x336,448x448,1,1,16,4,4,shared_budget_conditioned,1600,992.0,400,180,13572.0,13.254,True,7420.0,4,0,0,91.6,allow_initial_plan
costsim-01694,B7-lite,mid_7b_vlm,Mid 7B VLM proxy,12000,2048,1344x1344,336x336,448x448,1,1,32,1,1,shared_budget_conditioned,1600,992.0,265,96,13353.0,13.04,True,7639.0,1,0,0,67.6,allow_initial_plan
costsim-01695,B7-lite,mid_7b_vlm,Mid 7B VLM proxy,12000,2048,1344x1344,336x336,448x448,1,1,32,2,2,shared_budget_conditioned,1600,992.0,310,96,13398.0,13.084,True,7594.0,2,0,0,75.6,allow_initial_plan
costsim-01696,B7-lite,mid_7b_vlm,Mid 7B VLM proxy,12000,2048,1344x1344,336x336,448x448,1,1,32,4,4,shared_budget_conditioned,1600,992.0,400,180,13572.0,13.254,True,7420.0,4,0,0,91.6,allow_initial_plan
costsim-01697,B7-lite,mid_7b_vlm,Mid 7B VLM proxy,12000,2048,1344x1344,336x336,448x448,3,3,4,1,1,shared_budget_conditioned,3648,2261.76,265,96,14622.76,14.28,True,6369.24,1,0,0,90.13,allow_initial_plan
costsim-01698,B7-lite,mid_7b_vlm,Mid 7B VLM proxy,12000,2048,1344x1344,336x336,448x448,3,3,4,2,2,shared_budget_conditioned,3648,2261.76,310,96,14667.76,14.324,True,6324.24,2,0,0,98.13,allow_initial_plan
costsim-01699,B7-lite,mid_7b_vlm,Mid 7B VLM proxy,12000,2048,1344x1344,336x336,448x448,3,3,4,4,4,shared_budget_conditioned,3648,2261.76,400,180,14841.76,14.494,True,6150.24,4,0,0,114.13,allow_initial_plan
costsim-01700,B7-lite,mid_7b_vlm,Mid 7B VLM proxy,12000,2048,1344x1344,336x336,448x448,3,3,8,1,1,shared_budget_conditioned,3648,2261.76,265,96,14622.76,14.28,True,6369.24,1,0,0,90.13,allow_initial_plan
costsim-01701,B7-lite,mid_7b_vlm,Mid 7B VLM proxy,12000,2048,1344x1344,336x336,448x448,3,3,8,2,2,shared_budget_conditioned,3648,2261.76,310,96,14667.76,14.324,True,6324.24,2,0,0,98.13,allow_initial_plan
costsim-01702,B7-lite,mid_7b_vlm,Mid 7B VLM proxy,12000,2048,1344x1344,336x336,448x448,3,3,8,4,4,shared_budget_conditioned,3648,2261.76,400,180,14841.76,14.494,True,6150.24,4,0,0,114.13,allow_initial_plan
costsim-01703,B7-lite,mid_7b_vlm,Mid 7B VLM proxy,12000,2048,1344x1344,336x336,448x448,3,3,16,1,1,shared_budget_conditioned,3648,2261.76,265,96,14622.76,14.28,True,6369.24,1,0,0,90.13,allow_initial_plan
costsim-01704,B7-lite,mid_7b_vlm,Mid 7B VLM proxy,12000,2048,1344x1344,336x336,448x448,3,3,16,2,2,shared_budget_conditioned,3648,2261.76,310,96,14667.76,14.324,True,6324.24,2,0,0,98.13,allow_initial_plan
costsim-01705,B7-lite,mid_7b_vlm,Mid 7B VLM proxy,12000,2048,1344x1344,336x336,448x448,3,3,16,4,4,shared_budget_conditioned,3648,2261.76,400,180,14841.76,14.494,True,6150.24,4,0,0,114.13,allow_initial_plan
costsim-01706,B7-lite,mid_7b_vlm,Mid 7B VLM proxy,12000,2048,1344x1344,336x336,448x448,3,3,32,1,1,shared_budget_conditioned,3648,2261.76,265,96,14622.76,14.28,True,6369.24,1,0,0,90.13,allow_initial_plan
costsim-01707,B7-lite,mid_7b_vlm,Mid 7B VLM proxy,12000,2048,1344x1344,336x336,448x448,3,3,32,2,2,shared_budget_conditioned,3648,2261.76,310,96,14667.76,14.324,True,6324.24,2,0,0,98.13,allow_initial_plan
costsim-01708,B7-lite,mid_7b_vlm,Mid 7B VLM proxy,12000,2048,1344x1344,336x336,448x448,3,3,32,4,4,shared_budget_conditioned,3648,2261.76,400,180,14841.76,14.494,True,6150.24,4,0,0,114.13,allow_initial_plan
costsim-01709,B7-lite,mid_7b_vlm,Mid 7B VLM proxy,12000,2048,1344x1344,336x336,448x448,5,5,4,1,1,shared_budget_conditioned,5696,3531.52,265,96,15892.52,15.52,True,5099.48,1,0,0,112.66,allow_initial_plan
costsim-01710,B7-lite,mid_7b_vlm,Mid 7B VLM proxy,12000,2048,1344x1344,336x336,448x448,5,5,4,2,2,shared_budget_conditioned,5696,3531.52,310,96,15937.52,15.564,True,5054.48,2,0,0,120.66,allow_initial_plan
costsim-01711,B7-lite,mid_7b_vlm,Mid 7B VLM proxy,12000,2048,1344x1344,336x336,448x448,5,5,4,4,4,shared_budget_conditioned,5696,3531.52,400,180,16111.52,15.734,True,4880.48,4,0,0,136.66,allow_initial_plan
costsim-01712,B7-lite,mid_7b_vlm,Mid 7B VLM proxy,12000,2048,1344x1344,336x336,448x448,5,5,8,1,1,shared_budget_conditioned,5696,3531.52,265,96,15892.52,15.52,True,5099.48,1,0,0,112.66,allow_initial_plan
costsim-01713,B7-lite,mid_7b_vlm,Mid 7B VLM proxy,12000,2048,1344x1344,336x336,448x448,5,5,8,2,2,shared_budget_conditioned,5696,3531.52,310,96,15937.52,15.564,True,5054.48,2,0,0,120.66,allow_initial_plan
costsim-01714,B7-lite,mid_7b_vlm,Mid 7B VLM proxy,12000,2048,1344x1344,336x336,448x448,5,5,8,4,4,shared_budget_conditioned,5696,3531.52,400,180,16111.52,15.734,True,4880.48,4,0,0,136.66,allow_initial_plan
costsim-01715,B7-lite,mid_7b_vlm,Mid 7B VLM proxy,12000,2048,1344x1344,336x336,448x448,5,5,16,1,1,shared_budget_conditioned,5696,3531.52,265,96,15892.52,15.52,True,5099.48,1,0,0,112.66,allow_initial_plan
costsim-01716,B7-lite,mid_7b_vlm,Mid 7B VLM proxy,12000,2048,1344x1344,336x336,448x448,5,5,16,2,2,shared_budget_conditioned,5696,3531.52,310,96,15937.52,15.564,True,5054.48,2,0,0,120.66,allow_initial_plan
costsim-01717,B7-lite,mid_7b_vlm,Mid 7B VLM proxy,12000,2048,1344x1344,336x336,448x448,5,5,16,4,4,shared_budget_conditioned,5696,3531.52,400,180,16111.52,15.734,True,4880.48,4,0,0,136.66,allow_initial_plan
costsim-01718,B7-lite,mid_7b_vlm,Mid 7B VLM proxy,12000,2048,1344x1344,336x336,448x448,5,5,32,1,1,shared_budget_conditioned,5696,3531.52,265,96,15892.52,15.52,True,5099.48,1,0,0,112.66,allow_initial_plan
costsim-01719,B7-lite,mid_7b_vlm,Mid 7B VLM proxy,12000,2048,1344x1344,336x336,448x448,5,5,32,2,2,shared_budget_conditioned,5696,3531.52,310,96,15937.52,15.564,True,5054.48,2,0,0,120.66,allow_initial_plan
costsim-01720,B7-lite,mid_7b_vlm,Mid 7B VLM proxy,12000,2048,1344x1344,336x336,448x448,5,5,32,4,4,shared_budget_conditioned,5696,3531.52,400,180,16111.52,15.734,True,4880.48,4,0,0,136.66,allow_initial_plan
costsim-01721,B7-lite,mid_7b_vlm,Mid 7B VLM proxy,12000,2048,1344x1344,448x448,336x336,1,1,4,1,1,shared_budget_conditioned,1600,992.0,265,96,13353.0,13.04,True,7639.0,1,0,0,67.6,allow_initial_plan
costsim-01722,B7-lite,mid_7b_vlm,Mid 7B VLM proxy,12000,2048,1344x1344,448x448,336x336,1,1,4,2,2,shared_budget_conditioned,1600,992.0,310,96,13398.0,13.084,True,7594.0,2,0,0,75.6,allow_initial_plan
costsim-01723,B7-lite,mid_7b_vlm,Mid 7B VLM proxy,12000,2048,1344x1344,448x448,336x336,1,1,4,4,4,shared_budget_conditioned,1600,992.0,400,180,13572.0,13.254,True,7420.0,4,0,0,91.6,allow_initial_plan
costsim-01724,B7-lite,mid_7b_vlm,Mid 7B VLM proxy,12000,2048,1344x1344,448x448,336x336,1,1,8,1,1,shared_budget_conditioned,1600,992.0,265,96,13353.0,13.04,True,7639.0,1,0,0,67.6,allow_initial_plan
costsim-01725,B7-lite,mid_7b_vlm,Mid 7B VLM proxy,12000,2048,1344x1344,448x448,336x336,1,1,8,2,2,shared_budget_conditioned,1600,992.0,310,96,13398.0,13.084,True,7594.0,2,0,0,75.6,allow_initial_plan
costsim-01726,B7-lite,mid_7b_vlm,Mid 7B VLM proxy,12000,2048,1344x1344,448x448,336x336,1,1,8,4,4,shared_budget_conditioned,1600,992.0,400,180,13572.0,13.254,True,7420.0,4,0,0,91.6,allow_initial_plan
costsim-01727,B7-lite,mid_7b_vlm,Mid 7B VLM proxy,12000,2048,1344x1344,448x448,336x336,1,1,16,1,1,shared_budget_conditioned,1600,992.0,265,96,13353.0,13.04,True,7639.0,1,0,0,67.6,allow_initial_plan
costsim-01728,B7-lite,mid_7b_vlm,Mid 7B VLM proxy,12000,2048,1344x1344,448x448,336x336,1,1,16,2,2,shared_budget_conditioned,1600,992.0,310,96,13398.0,13.084,True,7594.0,2,0,0,75.6,allow_initial_plan
costsim-01729,B7-lite,mid_7b_vlm,Mid 7B VLM proxy,12000,2048,1344x1344,448x448,336x336,1,1,16,4,4,shared_budget_conditioned,1600,992.0,400,180,13572.0,13.254,True,7420.0,4,0,0,91.6,allow_initial_plan
costsim-01730,B7-lite,mid_7b_vlm,Mid 7B VLM proxy,12000,2048,1344x1344,448x448,336x336,1,1,32,1,1,shared_budget_conditioned,1600,992.0,265,96,13353.0,13.04,True,7639.0,1,0,0,67.6,allow_initial_plan
costsim-01731,B7-lite,mid_7b_vlm,Mid 7B VLM proxy,12000,2048,1344x1344,448x448,336x336,1,1,32,2,2,shared_budget_conditioned,1600,992.0,310,96,13398.0,13.084,True,7594.0,2,0,0,75.6,allow_initial_plan
costsim-01732,B7-lite,mid_7b_vlm,Mid 7B VLM proxy,12000,2048,1344x1344,448x448,336x336,1,1,32,4,4,shared_budget_conditioned,1600,992.0,400,180,13572.0,13.254,True,7420.0,4,0,0,91.6,allow_initial_plan
costsim-01733,B7-lite,mid_7b_vlm,Mid 7B VLM proxy,12000,2048,1344x1344,448x448,336x336,3,3,4,1,1,shared_budget_conditioned,2752,1706.24,265,96,14067.24,13.738,True,6924.76,1,0,0,80.27,allow_initial_plan
costsim-01734,B7-lite,mid_7b_vlm,Mid 7B VLM proxy,12000,2048,1344x1344,448x448,336x336,3,3,4,2,2,shared_budget_conditioned,2752,1706.24,310,96,14112.24,13.781,True,6879.76,2,0,0,88.27,allow_initial_plan
costsim-01735,B7-lite,mid_7b_vlm,Mid 7B VLM proxy,12000,2048,1344x1344,448x448,336x336,3,3,4,4,4,shared_budget_conditioned,2752,1706.24,400,180,14286.24,13.951,True,6705.76,4,0,0,104.27,allow_initial_plan
costsim-01736,B7-lite,mid_7b_vlm,Mid 7B VLM proxy,12000,2048,1344x1344,448x448,336x336,3,3,8,1,1,shared_budget_conditioned,2752,1706.24,265,96,14067.24,13.738,True,6924.76,1,0,0,80.27,allow_initial_plan
costsim-01737,B7-lite,mid_7b_vlm,Mid 7B VLM proxy,12000,2048,1344x1344,448x448,336x336,3,3,8,2,2,shared_budget_conditioned,2752,1706.24,310,96,14112.24,13.781,True,6879.76,2,0,0,88.27,allow_initial_plan
costsim-01738,B7-lite,mid_7b_vlm,Mid 7B VLM proxy,12000,2048,1344x1344,448x448,336x336,3,3,8,4,4,shared_budget_conditioned,2752,1706.24,400,180,14286.24,13.951,True,6705.76,4,0,0,104.27,allow_initial_plan
costsim-01739,B7-lite,mid_7b_vlm,Mid 7B VLM proxy,12000,2048,1344x1344,448x448,336x336,3,3,16,1,1,shared_budget_conditioned,2752,1706.24,265,96,14067.24,13.738,True,6924.76,1,0,0,80.27,allow_initial_plan
costsim-01740,B7-lite,mid_7b_vlm,Mid 7B VLM proxy,12000,2048,1344x1344,448x448,336x336,3,3,16,2,2,shared_budget_conditioned,2752,1706.24,310,96,14112.24,13.781,True,6879.76,2,0,0,88.27,allow_initial_plan
costsim-01741,B7-lite,mid_7b_vlm,Mid 7B VLM proxy,12000,2048,1344x1344,448x448,336x336,3,3,16,4,4,shared_budget_conditioned,2752,1706.24,400,180,14286.24,13.951,True,6705.76,4,0,0,104.27,allow_initial_plan
costsim-01742,B7-lite,mid_7b_vlm,Mid 7B VLM proxy,12000,2048,1344x1344,448x448,336x336,3,3,32,1,1,shared_budget_conditioned,2752,1706.24,265,96,14067.24,13.738,True,6924.76,1,0,0,80.27,allow_initial_plan
costsim-01743,B7-lite,mid_7b_vlm,Mid 7B VLM proxy,12000,2048,1344x1344,448x448,336x336,3,3,32,2,2,shared_budget_conditioned,2752,1706.24,310,96,14112.24,13.781,True,6879.76,2,0,0,88.27,allow_initial_plan
costsim-01744,B7-lite,mid_7b_vlm,Mid 7B VLM proxy,12000,2048,1344x1344,448x448,336x336,3,3,32,4,4,shared_budget_conditioned,2752,1706.24,400,180,14286.24,13.951,True,6705.76,4,0,0,104.27,allow_initial_plan
costsim-01745,B7-lite,mid_7b_vlm,Mid 7B VLM proxy,12000,2048,1344x1344,448x448,336x336,5,5,4,1,1,shared_budget_conditioned,3904,2420.48,265,96,14781.48,14.435,True,6210.52,1,0,0,92.94,allow_initial_plan
costsim-01746,B7-lite,mid_7b_vlm,Mid 7B VLM proxy,12000,2048,1344x1344,448x448,336x336,5,5,4,2,2,shared_budget_conditioned,3904,2420.48,310,96,14826.48,14.479,True,6165.52,2,0,0,100.94,allow_initial_plan
costsim-01747,B7-lite,mid_7b_vlm,Mid 7B VLM proxy,12000,2048,1344x1344,448x448,336x336,5,5,4,4,4,shared_budget_conditioned,3904,2420.48,400,180,15000.48,14.649,True,5991.52,4,0,0,116.94,allow_initial_plan
costsim-01748,B7-lite,mid_7b_vlm,Mid 7B VLM proxy,12000,2048,1344x1344,448x448,336x336,5,5,8,1,1,shared_budget_conditioned,3904,2420.48,265,96,14781.48,14.435,True,6210.52,1,0,0,92.94,allow_initial_plan
costsim-01749,B7-lite,mid_7b_vlm,Mid 7B VLM proxy,12000,2048,1344x1344,448x448,336x336,5,5,8,2,2,shared_budget_conditioned,3904,2420.48,310,96,14826.48,14.479,True,6165.52,2,0,0,100.94,allow_initial_plan
costsim-01750,B7-lite,mid_7b_vlm,Mid 7B VLM proxy,12000,2048,1344x1344,448x448,336x336,5,5,8,4,4,shared_budget_conditioned,3904,2420.48,400,180,15000.48,14.649,True,5991.52,4,0,0,116.94,allow_initial_plan
costsim-01751,B7-lite,mid_7b_vlm,Mid 7B VLM proxy,12000,2048,1344x1344,448x448,336x336,5,5,16,1,1,shared_budget_conditioned,3904,2420.48,265,96,14781.48,14.435,True,6210.52,1,0,0,92.94,allow_initial_plan
costsim-01752,B7-lite,mid_7b_vlm,Mid 7B VLM proxy,12000,2048,1344x1344,448x448,336x336,5,5,16,2,2,shared_budget_conditioned,3904,2420.48,310,96,14826.48,14.479,True,6165.52,2,0,0,100.94,allow_initial_plan
costsim-01753,B7-lite,mid_7b_vlm,Mid 7B VLM proxy,12000,2048,1344x1344,448x448,336x336,5,5,16,4,4,shared_budget_conditioned,3904,2420.48,400,180,15000.48,14.649,True,5991.52,4,0,0,116.94,allow_initial_plan
costsim-01754,B7-lite,mid_7b_vlm,Mid 7B VLM proxy,12000,2048,1344x1344,448x448,336x336,5,5,32,1,1,shared_budget_conditioned,3904,2420.48,265,96,14781.48,14.435,True,6210.52,1,0,0,92.94,allow_initial_plan
costsim-01755,B7-lite,mid_7b_vlm,Mid 7B VLM proxy,12000,2048,1344x1344,448x448,336x336,5,5,32,2,2,shared_budget_conditioned,3904,2420.48,310,96,14826.48,14.479,True,6165.52,2,0,0,100.94,allow_initial_plan
costsim-01756,B7-lite,mid_7b_vlm,Mid 7B VLM proxy,12000,2048,1344x1344,448x448,336x336,5,5,32,4,4,shared_budget_conditioned,3904,2420.48,400,180,15000.48,14.649,True,5991.52,4,0,0,116.94,allow_initial_plan
costsim-01757,B7-lite,mid_7b_vlm,Mid 7B VLM proxy,12000,2048,1344x1344,448x448,448x448,1,1,4,1,1,shared_budget_conditioned,2048,1269.76,265,96,13630.76,13.311,True,7361.24,1,0,0,72.53,allow_initial_plan
costsim-01758,B7-lite,mid_7b_vlm,Mid 7B VLM proxy,12000,2048,1344x1344,448x448,448x448,1,1,4,2,2,shared_budget_conditioned,2048,1269.76,310,96,13675.76,13.355,True,7316.24,2,0,0,80.53,allow_initial_plan
costsim-01759,B7-lite,mid_7b_vlm,Mid 7B VLM proxy,12000,2048,1344x1344,448x448,448x448,1,1,4,4,4,shared_budget_conditioned,2048,1269.76,400,180,13849.76,13.525,True,7142.24,4,0,0,96.53,allow_initial_plan
costsim-01760,B7-lite,mid_7b_vlm,Mid 7B VLM proxy,12000,2048,1344x1344,448x448,448x448,1,1,8,1,1,shared_budget_conditioned,2048,1269.76,265,96,13630.76,13.311,True,7361.24,1,0,0,72.53,allow_initial_plan
costsim-01761,B7-lite,mid_7b_vlm,Mid 7B VLM proxy,12000,2048,1344x1344,448x448,448x448,1,1,8,2,2,shared_budget_conditioned,2048,1269.76,310,96,13675.76,13.355,True,7316.24,2,0,0,80.53,allow_initial_plan
costsim-01762,B7-lite,mid_7b_vlm,Mid 7B VLM proxy,12000,2048,1344x1344,448x448,448x448,1,1,8,4,4,shared_budget_conditioned,2048,1269.76,400,180,13849.76,13.525,True,7142.24,4,0,0,96.53,allow_initial_plan
costsim-01763,B7-lite,mid_7b_vlm,Mid 7B VLM proxy,12000,2048,1344x1344,448x448,448x448,1,1,16,1,1,shared_budget_conditioned,2048,1269.76,265,96,13630.76,13.311,True,7361.24,1,0,0,72.53,allow_initial_plan
costsim-01764,B7-lite,mid_7b_vlm,Mid 7B VLM proxy,12000,2048,1344x1344,448x448,448x448,1,1,16,2,2,shared_budget_conditioned,2048,1269.76,310,96,13675.76,13.355,True,7316.24,2,0,0,80.53,allow_initial_plan
costsim-01765,B7-lite,mid_7b_vlm,Mid 7B VLM proxy,12000,2048,1344x1344,448x448,448x448,1,1,16,4,4,shared_budget_conditioned,2048,1269.76,400,180,13849.76,13.525,True,7142.24,4,0,0,96.53,allow_initial_plan
costsim-01766,B7-lite,mid_7b_vlm,Mid 7B VLM proxy,12000,2048,1344x1344,448x448,448x448,1,1,32,1,1,shared_budget_conditioned,2048,1269.76,265,96,13630.76,13.311,True,7361.24,1,0,0,72.53,allow_initial_plan
costsim-01767,B7-lite,mid_7b_vlm,Mid 7B VLM proxy,12000,2048,1344x1344,448x448,448x448,1,1,32,2,2,shared_budget_conditioned,2048,1269.76,310,96,13675.76,13.355,True,7316.24,2,0,0,80.53,allow_initial_plan
costsim-01768,B7-lite,mid_7b_vlm,Mid 7B VLM proxy,12000,2048,1344x1344,448x448,448x448,1,1,32,4,4,shared_budget_conditioned,2048,1269.76,400,180,13849.76,13.525,True,7142.24,4,0,0,96.53,allow_initial_plan
costsim-01769,B7-lite,mid_7b_vlm,Mid 7B VLM proxy,12000,2048,1344x1344,448x448,448x448,3,3,4,1,1,shared_budget_conditioned,4096,2539.52,265,96,14900.52,14.551,True,6091.48,1,0,0,95.06,allow_initial_plan
costsim-01770,B7-lite,mid_7b_vlm,Mid 7B VLM proxy,12000,2048,1344x1344,448x448,448x448,3,3,4,2,2,shared_budget_conditioned,4096,2539.52,310,96,14945.52,14.595,True,6046.48,2,0,0,103.06,allow_initial_plan
costsim-01771,B7-lite,mid_7b_vlm,Mid 7B VLM proxy,12000,2048,1344x1344,448x448,448x448,3,3,4,4,4,shared_budget_conditioned,4096,2539.52,400,180,15119.52,14.765,True,5872.48,4,0,0,119.06,allow_initial_plan
costsim-01772,B7-lite,mid_7b_vlm,Mid 7B VLM proxy,12000,2048,1344x1344,448x448,448x448,3,3,8,1,1,shared_budget_conditioned,4096,2539.52,265,96,14900.52,14.551,True,6091.48,1,0,0,95.06,allow_initial_plan
costsim-01773,B7-lite,mid_7b_vlm,Mid 7B VLM proxy,12000,2048,1344x1344,448x448,448x448,3,3,8,2,2,shared_budget_conditioned,4096,2539.52,310,96,14945.52,14.595,True,6046.48,2,0,0,103.06,allow_initial_plan
costsim-01774,B7-lite,mid_7b_vlm,Mid 7B VLM proxy,12000,2048,1344x1344,448x448,448x448,3,3,8,4,4,shared_budget_conditioned,4096,2539.52,400,180,15119.52,14.765,True,5872.48,4,0,0,119.06,allow_initial_plan
costsim-01775,B7-lite,mid_7b_vlm,Mid 7B VLM proxy,12000,2048,1344x1344,448x448,448x448,3,3,16,1,1,shared_budget_conditioned,4096,2539.52,265,96,14900.52,14.551,True,6091.48,1,0,0,95.06,allow_initial_plan
costsim-01776,B7-lite,mid_7b_vlm,Mid 7B VLM proxy,12000,2048,1344x1344,448x448,448x448,3,3,16,2,2,shared_budget_conditioned,4096,2539.52,310,96,14945.52,14.595,True,6046.48,2,0,0,103.06,allow_initial_plan
costsim-01777,B7-lite,mid_7b_vlm,Mid 7B VLM proxy,12000,2048,1344x1344,448x448,448x448,3,3,16,4,4,shared_budget_conditioned,4096,2539.52,400,180,15119.52,14.765,True,5872.48,4,0,0,119.06,allow_initial_plan
costsim-01778,B7-lite,mid_7b_vlm,Mid 7B VLM proxy,12000,2048,1344x1344,448x448,448x448,3,3,32,1,1,shared_budget_conditioned,4096,2539.52,265,96,14900.52,14.551,True,6091.48,1,0,0,95.06,allow_initial_plan
costsim-01779,B7-lite,mid_7b_vlm,Mid 7B VLM proxy,12000,2048,1344x1344,448x448,448x448,3,3,32,2,2,shared_budget_conditioned,4096,2539.52,310,96,14945.52,14.595,True,6046.48,2,0,0,103.06,allow_initial_plan
costsim-01780,B7-lite,mid_7b_vlm,Mid 7B VLM proxy,12000,2048,1344x1344,448x448,448x448,3,3,32,4,4,shared_budget_conditioned,4096,2539.52,400,180,15119.52,14.765,True,5872.48,4,0,0,119.06,allow_initial_plan
costsim-01781,B7-lite,mid_7b_vlm,Mid 7B VLM proxy,12000,2048,1344x1344,448x448,448x448,5,5,4,1,1,shared_budget_conditioned,6144,3809.28,265,96,16170.28,15.791,True,4821.72,1,0,0,117.58,allow_initial_plan
costsim-01782,B7-lite,mid_7b_vlm,Mid 7B VLM proxy,12000,2048,1344x1344,448x448,448x448,5,5,4,2,2,shared_budget_conditioned,6144,3809.28,310,96,16215.28,15.835,True,4776.72,2,0,0,125.58,allow_initial_plan
costsim-01783,B7-lite,mid_7b_vlm,Mid 7B VLM proxy,12000,2048,1344x1344,448x448,448x448,5,5,4,4,4,shared_budget_conditioned,6144,3809.28,400,180,16389.28,16.005,True,4602.72,4,0,0,141.58,allow_initial_plan
costsim-01784,B7-lite,mid_7b_vlm,Mid 7B VLM proxy,12000,2048,1344x1344,448x448,448x448,5,5,8,1,1,shared_budget_conditioned,6144,3809.28,265,96,16170.28,15.791,True,4821.72,1,0,0,117.58,allow_initial_plan
costsim-01785,B7-lite,mid_7b_vlm,Mid 7B VLM proxy,12000,2048,1344x1344,448x448,448x448,5,5,8,2,2,shared_budget_conditioned,6144,3809.28,310,96,16215.28,15.835,True,4776.72,2,0,0,125.58,allow_initial_plan
costsim-01786,B7-lite,mid_7b_vlm,Mid 7B VLM proxy,12000,2048,1344x1344,448x448,448x448,5,5,8,4,4,shared_budget_conditioned,6144,3809.28,400,180,16389.28,16.005,True,4602.72,4,0,0,141.58,allow_initial_plan
costsim-01787,B7-lite,mid_7b_vlm,Mid 7B VLM proxy,12000,2048,1344x1344,448x448,448x448,5,5,16,1,1,shared_budget_conditioned,6144,3809.28,265,96,16170.28,15.791,True,4821.72,1,0,0,117.58,allow_initial_plan
costsim-01788,B7-lite,mid_7b_vlm,Mid 7B VLM proxy,12000,2048,1344x1344,448x448,448x448,5,5,16,2,2,shared_budget_conditioned,6144,3809.28,310,96,16215.28,15.835,True,4776.72,2,0,0,125.58,allow_initial_plan
costsim-01789,B7-lite,mid_7b_vlm,Mid 7B VLM proxy,12000,2048,1344x1344,448x448,448x448,5,5,16,4,4,shared_budget_conditioned,6144,3809.28,400,180,16389.28,16.005,True,4602.72,4,0,0,141.58,allow_initial_plan
costsim-01790,B7-lite,mid_7b_vlm,Mid 7B VLM proxy,12000,2048,1344x1344,448x448,448x448,5,5,32,1,1,shared_budget_conditioned,6144,3809.28,265,96,16170.28,15.791,True,4821.72,1,0,0,117.58,allow_initial_plan
costsim-01791,B7-lite,mid_7b_vlm,Mid 7B VLM proxy,12000,2048,1344x1344,448x448,448x448,5,5,32,2,2,shared_budget_conditioned,6144,3809.28,310,96,16215.28,15.835,True,4776.72,2,0,0,125.58,allow_initial_plan
costsim-01792,B7-lite,mid_7b_vlm,Mid 7B VLM proxy,12000,2048,1344x1344,448x448,448x448,5,5,32,4,4,shared_budget_conditioned,6144,3809.28,400,180,16389.28,16.005,True,4602.72,4,0,0,141.58,allow_initial_plan
costsim-01793,B0,mid_7b_vlm,Mid 7B VLM proxy,12000,4096,1344x1344,336x336,336x336,0,0,0,0,0,none,576,357.12,0.0,0.0,12357.12,12.068,True,6586.88,0,0,0,48.34,n/a
costsim-01794,B0,mid_7b_vlm,Mid 7B VLM proxy,12000,4096,1344x1344,448x448,336x336,0,0,0,0,0,none,1024,634.88,0.0,0.0,12634.88,12.339,True,6309.12,0,0,0,53.26,n/a
costsim-01795,B1,mid_7b_vlm,Mid 7B VLM proxy,12000,4096,1024x1024,336x336,336x336,0,0,0,0,0,none,5476,3395.12,0.0,0.0,15395.12,15.034,True,3548.88,0,0,0,102.24,n/a
costsim-01796,B1,mid_7b_vlm,Mid 7B VLM proxy,12000,4096,1344x1344,336x336,336x336,0,0,0,0,0,none,9216,5713.92,0.0,0.0,17713.92,17.299,True,1230.08,0,0,0,143.38,n/a
costsim-01797,B2,mid_7b_vlm,Mid 7B VLM proxy,12000,4096,1344x1344,336x336,336x336,1,1,0,0,0,none,1152,714.24,0.0,0.0,12714.24,12.416,True,6229.76,0,0,0,54.67,n/a
costsim-01798,B2,mid_7b_vlm,Mid 7B VLM proxy,12000,4096,1344x1344,336x336,336x336,3,3,0,0,0,none,2304,1428.48,0.0,0.0,13428.48,13.114,True,5515.52,0,0,0,67.34,n/a
costsim-01799,B2,mid_7b_vlm,Mid 7B VLM proxy,12000,4096,1344x1344,336x336,336x336,5,5,0,0,0,none,3456,2142.72,0.0,0.0,14142.72,13.811,True,4801.28,0,0,0,80.02,n/a
costsim-01800,B2,mid_7b_vlm,Mid 7B VLM proxy,12000,4096,1344x1344,336x336,448x448,1,1,0,0,0,none,1600,992.0,0.0,0.0,12992.0,12.688,True,5952.0,0,0,0,59.6,n/a
costsim-01801,B2,mid_7b_vlm,Mid 7B VLM proxy,12000,4096,1344x1344,336x336,448x448,3,3,0,0,0,none,3648,2261.76,0.0,0.0,14261.76,13.928,True,4682.24,0,0,0,82.13,n/a
costsim-01802,B2,mid_7b_vlm,Mid 7B VLM proxy,12000,4096,1344x1344,336x336,448x448,5,5,0,0,0,none,5696,3531.52,0.0,0.0,15531.52,15.168,True,3412.48,0,0,0,104.66,n/a
costsim-01803,B2,mid_7b_vlm,Mid 7B VLM proxy,12000,4096,1344x1344,448x448,336x336,1,1,0,0,0,none,1600,992.0,0.0,0.0,12992.0,12.688,True,5952.0,0,0,0,59.6,n/a
costsim-01804,B2,mid_7b_vlm,Mid 7B VLM proxy,12000,4096,1344x1344,448x448,336x336,3,3,0,0,0,none,2752,1706.24,0.0,0.0,13706.24,13.385,True,5237.76,0,0,0,72.27,n/a
costsim-01805,B2,mid_7b_vlm,Mid 7B VLM proxy,12000,4096,1344x1344,448x448,336x336,5,5,0,0,0,none,3904,2420.48,0.0,0.0,14420.48,14.082,True,4523.52,0,0,0,84.94,n/a
costsim-01806,B2,mid_7b_vlm,Mid 7B VLM proxy,12000,4096,1344x1344,448x448,448x448,1,1,0,0,0,none,2048,1269.76,0.0,0.0,13269.76,12.959,True,5674.24,0,0,0,64.53,n/a
costsim-01807,B2,mid_7b_vlm,Mid 7B VLM proxy,12000,4096,1344x1344,448x448,448x448,3,3,0,0,0,none,4096,2539.52,0.0,0.0,14539.52,14.199,True,4404.48,0,0,0,87.06,n/a
costsim-01808,B2,mid_7b_vlm,Mid 7B VLM proxy,12000,4096,1344x1344,448x448,448x448,5,5,0,0,0,none,6144,3809.28,0.0,0.0,15809.28,15.439,True,3134.72,0,0,0,109.58,n/a
costsim-01809,B4-lite,mid_7b_vlm,Mid 7B VLM proxy,12000,4096,1344x1344,336x336,336x336,1,1,4,1,1,independent_all_resident,1152,714.24,720,96,13530.24,13.213,True,5413.76,1,0,0,72.67,n/a
costsim-01810,B4-lite,mid_7b_vlm,Mid 7B VLM proxy,12000,4096,1344x1344,336x336,336x336,1,1,4,2,2,independent_all_resident,1152,714.24,720,96,13530.24,13.213,True,5413.76,2,0,0,90.67,n/a
costsim-01811,B4-lite,mid_7b_vlm,Mid 7B VLM proxy,12000,4096,1344x1344,336x336,336x336,1,1,4,4,4,independent_all_resident,1152,714.24,720,96,13530.24,13.213,True,5413.76,4,0,0,126.67,n/a
costsim-01812,B4-lite,mid_7b_vlm,Mid 7B VLM proxy,12000,4096,1344x1344,336x336,336x336,1,1,8,1,1,independent_all_resident,1152,714.24,1440,96,14250.24,13.916,True,4693.76,1,0,0,72.67,n/a
costsim-01813,B4-lite,mid_7b_vlm,Mid 7B VLM proxy,12000,4096,1344x1344,336x336,336x336,1,1,8,2,2,independent_all_resident,1152,714.24,1440,96,14250.24,13.916,True,4693.76,2,0,0,90.67,n/a
costsim-01814,B4-lite,mid_7b_vlm,Mid 7B VLM proxy,12000,4096,1344x1344,336x336,336x336,1,1,8,4,4,independent_all_resident,1152,714.24,1440,96,14250.24,13.916,True,4693.76,4,0,0,126.67,n/a
costsim-01815,B4-lite,mid_7b_vlm,Mid 7B VLM proxy,12000,4096,1344x1344,336x336,336x336,1,1,16,1,1,independent_all_resident,1152,714.24,2880,96,15690.24,15.322,True,3253.76,1,0,0,72.67,n/a
costsim-01816,B4-lite,mid_7b_vlm,Mid 7B VLM proxy,12000,4096,1344x1344,336x336,336x336,1,1,16,2,2,independent_all_resident,1152,714.24,2880,96,15690.24,15.322,True,3253.76,2,0,0,90.67,n/a
costsim-01817,B4-lite,mid_7b_vlm,Mid 7B VLM proxy,12000,4096,1344x1344,336x336,336x336,1,1,16,4,4,independent_all_resident,1152,714.24,2880,96,15690.24,15.322,True,3253.76,4,0,0,126.67,n/a
costsim-01818,B4-lite,mid_7b_vlm,Mid 7B VLM proxy,12000,4096,1344x1344,336x336,336x336,1,1,32,1,1,independent_all_resident,1152,714.24,5760,96,18570.24,18.135,True,373.76,1,0,0,72.67,n/a
costsim-01819,B4-lite,mid_7b_vlm,Mid 7B VLM proxy,12000,4096,1344x1344,336x336,336x336,1,1,32,2,2,independent_all_resident,1152,714.24,5760,96,18570.24,18.135,True,373.76,2,0,0,90.67,n/a
costsim-01820,B4-lite,mid_7b_vlm,Mid 7B VLM proxy,12000,4096,1344x1344,336x336,336x336,1,1,32,4,4,independent_all_resident,1152,714.24,5760,96,18570.24,18.135,True,373.76,4,0,0,126.67,n/a
costsim-01821,B4-lite,mid_7b_vlm,Mid 7B VLM proxy,12000,4096,1344x1344,336x336,336x336,3,3,4,1,1,independent_all_resident,2304,1428.48,720,96,14244.48,13.911,True,4699.52,1,0,0,85.34,n/a
costsim-01822,B4-lite,mid_7b_vlm,Mid 7B VLM proxy,12000,4096,1344x1344,336x336,336x336,3,3,4,2,2,independent_all_resident,2304,1428.48,720,96,14244.48,13.911,True,4699.52,2,0,0,103.34,n/a
costsim-01823,B4-lite,mid_7b_vlm,Mid 7B VLM proxy,12000,4096,1344x1344,336x336,336x336,3,3,4,4,4,independent_all_resident,2304,1428.48,720,96,14244.48,13.911,True,4699.52,4,0,0,139.34,n/a
costsim-01824,B4-lite,mid_7b_vlm,Mid 7B VLM proxy,12000,4096,1344x1344,336x336,336x336,3,3,8,1,1,independent_all_resident,2304,1428.48,1440,96,14964.48,14.614,True,3979.52,1,0,0,85.34,n/a
costsim-01825,B4-lite,mid_7b_vlm,Mid 7B VLM proxy,12000,4096,1344x1344,336x336,336x336,3,3,8,2,2,independent_all_resident,2304,1428.48,1440,96,14964.48,14.614,True,3979.52,2,0,0,103.34,n/a
costsim-01826,B4-lite,mid_7b_vlm,Mid 7B VLM proxy,12000,4096,1344x1344,336x336,336x336,3,3,8,4,4,independent_all_resident,2304,1428.48,1440,96,14964.48,14.614,True,3979.52,4,0,0,139.34,n/a
costsim-01827,B4-lite,mid_7b_vlm,Mid 7B VLM proxy,12000,4096,1344x1344,336x336,336x336,3,3,16,1,1,independent_all_resident,2304,1428.48,2880,96,16404.48,16.02,True,2539.52,1,0,0,85.34,n/a
costsim-01828,B4-lite,mid_7b_vlm,Mid 7B VLM proxy,12000,4096,1344x1344,336x336,336x336,3,3,16,2,2,independent_all_resident,2304,1428.48,2880,96,16404.48,16.02,True,2539.52,2,0,0,103.34,n/a
costsim-01829,B4-lite,mid_7b_vlm,Mid 7B VLM proxy,12000,4096,1344x1344,336x336,336x336,3,3,16,4,4,independent_all_resident,2304,1428.48,2880,96,16404.48,16.02,True,2539.52,4,0,0,139.34,n/a
costsim-01830,B4-lite,mid_7b_vlm,Mid 7B VLM proxy,12000,4096,1344x1344,336x336,336x336,3,3,32,1,1,independent_all_resident,2304,1428.48,5760,96,19284.48,18.832,False,-340.48,1,0,0,85.34,n/a
costsim-01831,B4-lite,mid_7b_vlm,Mid 7B VLM proxy,12000,4096,1344x1344,336x336,336x336,3,3,32,2,2,independent_all_resident,2304,1428.48,5760,96,19284.48,18.832,False,-340.48,2,0,0,103.34,n/a
costsim-01832,B4-lite,mid_7b_vlm,Mid 7B VLM proxy,12000,4096,1344x1344,336x336,336x336,3,3,32,4,4,independent_all_resident,2304,1428.48,5760,96,19284.48,18.832,False,-340.48,4,0,0,139.34,n/a
costsim-01833,B4-lite,mid_7b_vlm,Mid 7B VLM proxy,12000,4096,1344x1344,336x336,336x336,5,5,4,1,1,independent_all_resident,3456,2142.72,720,96,14958.72,14.608,True,3985.28,1,0,0,98.02,n/a
costsim-01834,B4-lite,mid_7b_vlm,Mid 7B VLM proxy,12000,4096,1344x1344,336x336,336x336,5,5,4,2,2,independent_all_resident,3456,2142.72,720,96,14958.72,14.608,True,3985.28,2,0,0,116.02,n/a
costsim-01835,B4-lite,mid_7b_vlm,Mid 7B VLM proxy,12000,4096,1344x1344,336x336,336x336,5,5,4,4,4,independent_all_resident,3456,2142.72,720,96,14958.72,14.608,True,3985.28,4,0,0,152.02,n/a
costsim-01836,B4-lite,mid_7b_vlm,Mid 7B VLM proxy,12000,4096,1344x1344,336x336,336x336,5,5,8,1,1,independent_all_resident,3456,2142.72,1440,96,15678.72,15.311,True,3265.28,1,0,0,98.02,n/a
costsim-01837,B4-lite,mid_7b_vlm,Mid 7B VLM proxy,12000,4096,1344x1344,336x336,336x336,5,5,8,2,2,independent_all_resident,3456,2142.72,1440,96,15678.72,15.311,True,3265.28,2,0,0,116.02,n/a
costsim-01838,B4-lite,mid_7b_vlm,Mid 7B VLM proxy,12000,4096,1344x1344,336x336,336x336,5,5,8,4,4,independent_all_resident,3456,2142.72,1440,96,15678.72,15.311,True,3265.28,4,0,0,152.02,n/a
costsim-01839,B4-lite,mid_7b_vlm,Mid 7B VLM proxy,12000,4096,1344x1344,336x336,336x336,5,5,16,1,1,independent_all_resident,3456,2142.72,2880,96,17118.72,16.718,True,1825.28,1,0,0,98.02,n/a
costsim-01840,B4-lite,mid_7b_vlm,Mid 7B VLM proxy,12000,4096,1344x1344,336x336,336x336,5,5,16,2,2,independent_all_resident,3456,2142.72,2880,96,17118.72,16.718,True,1825.28,2,0,0,116.02,n/a
costsim-01841,B4-lite,mid_7b_vlm,Mid 7B VLM proxy,12000,4096,1344x1344,336x336,336x336,5,5,16,4,4,independent_all_resident,3456,2142.72,2880,96,17118.72,16.718,True,1825.28,4,0,0,152.02,n/a
costsim-01842,B4-lite,mid_7b_vlm,Mid 7B VLM proxy,12000,4096,1344x1344,336x336,336x336,5,5,32,1,1,independent_all_resident,3456,2142.72,5760,96,19998.72,19.53,False,-1054.72,1,0,0,98.02,n/a
costsim-01843,B4-lite,mid_7b_vlm,Mid 7B VLM proxy,12000,4096,1344x1344,336x336,336x336,5,5,32,2,2,independent_all_resident,3456,2142.72,5760,96,19998.72,19.53,False,-1054.72,2,0,0,116.02,n/a
costsim-01844,B4-lite,mid_7b_vlm,Mid 7B VLM proxy,12000,4096,1344x1344,336x336,336x336,5,5,32,4,4,independent_all_resident,3456,2142.72,5760,96,19998.72,19.53,False,-1054.72,4,0,0,152.02,n/a
costsim-01845,B4-lite,mid_7b_vlm,Mid 7B VLM proxy,12000,4096,1344x1344,336x336,448x448,1,1,4,1,1,independent_all_resident,1600,992.0,720,96,13808.0,13.484,True,5136.0,1,0,0,77.6,n/a
costsim-01846,B4-lite,mid_7b_vlm,Mid 7B VLM proxy,12000,4096,1344x1344,336x336,448x448,1,1,4,2,2,independent_all_resident,1600,992.0,720,96,13808.0,13.484,True,5136.0,2,0,0,95.6,n/a
costsim-01847,B4-lite,mid_7b_vlm,Mid 7B VLM proxy,12000,4096,1344x1344,336x336,448x448,1,1,4,4,4,independent_all_resident,1600,992.0,720,96,13808.0,13.484,True,5136.0,4,0,0,131.6,n/a
costsim-01848,B4-lite,mid_7b_vlm,Mid 7B VLM proxy,12000,4096,1344x1344,336x336,448x448,1,1,8,1,1,independent_all_resident,1600,992.0,1440,96,14528.0,14.188,True,4416.0,1,0,0,77.6,n/a
costsim-01849,B4-lite,mid_7b_vlm,Mid 7B VLM proxy,12000,4096,1344x1344,336x336,448x448,1,1,8,2,2,independent_all_resident,1600,992.0,1440,96,14528.0,14.188,True,4416.0,2,0,0,95.6,n/a
costsim-01850,B4-lite,mid_7b_vlm,Mid 7B VLM proxy,12000,4096,1344x1344,336x336,448x448,1,1,8,4,4,independent_all_resident,1600,992.0,1440,96,14528.0,14.188,True,4416.0,4,0,0,131.6,n/a
costsim-01851,B4-lite,mid_7b_vlm,Mid 7B VLM proxy,12000,4096,1344x1344,336x336,448x448,1,1,16,1,1,independent_all_resident,1600,992.0,2880,96,15968.0,15.594,True,2976.0,1,0,0,77.6,n/a
costsim-01852,B4-lite,mid_7b_vlm,Mid 7B VLM proxy,12000,4096,1344x1344,336x336,448x448,1,1,16,2,2,independent_all_resident,1600,992.0,2880,96,15968.0,15.594,True,2976.0,2,0,0,95.6,n/a
costsim-01853,B4-lite,mid_7b_vlm,Mid 7B VLM proxy,12000,4096,1344x1344,336x336,448x448,1,1,16,4,4,independent_all_resident,1600,992.0,2880,96,15968.0,15.594,True,2976.0,4,0,0,131.6,n/a
costsim-01854,B4-lite,mid_7b_vlm,Mid 7B VLM proxy,12000,4096,1344x1344,336x336,448x448,1,1,32,1,1,independent_all_resident,1600,992.0,5760,96,18848.0,18.406,True,96.0,1,0,0,77.6,n/a
costsim-01855,B4-lite,mid_7b_vlm,Mid 7B VLM proxy,12000,4096,1344x1344,336x336,448x448,1,1,32,2,2,independent_all_resident,1600,992.0,5760,96,18848.0,18.406,True,96.0,2,0,0,95.6,n/a
costsim-01856,B4-lite,mid_7b_vlm,Mid 7B VLM proxy,12000,4096,1344x1344,336x336,448x448,1,1,32,4,4,independent_all_resident,1600,992.0,5760,96,18848.0,18.406,True,96.0,4,0,0,131.6,n/a
costsim-01857,B4-lite,mid_7b_vlm,Mid 7B VLM proxy,12000,4096,1344x1344,336x336,448x448,3,3,4,1,1,independent_all_resident,3648,2261.76,720,96,15077.76,14.724,True,3866.24,1,0,0,100.13,n/a
costsim-01858,B4-lite,mid_7b_vlm,Mid 7B VLM proxy,12000,4096,1344x1344,336x336,448x448,3,3,4,2,2,independent_all_resident,3648,2261.76,720,96,15077.76,14.724,True,3866.24,2,0,0,118.13,n/a
costsim-01859,B4-lite,mid_7b_vlm,Mid 7B VLM proxy,12000,4096,1344x1344,336x336,448x448,3,3,4,4,4,independent_all_resident,3648,2261.76,720,96,15077.76,14.724,True,3866.24,4,0,0,154.13,n/a
costsim-01860,B4-lite,mid_7b_vlm,Mid 7B VLM proxy,12000,4096,1344x1344,336x336,448x448,3,3,8,1,1,independent_all_resident,3648,2261.76,1440,96,15797.76,15.428,True,3146.24,1,0,0,100.13,n/a
costsim-01861,B4-lite,mid_7b_vlm,Mid 7B VLM proxy,12000,4096,1344x1344,336x336,448x448,3,3,8,2,2,independent_all_resident,3648,2261.76,1440,96,15797.76,15.428,True,3146.24,2,0,0,118.13,n/a
costsim-01862,B4-lite,mid_7b_vlm,Mid 7B VLM proxy,12000,4096,1344x1344,336x336,448x448,3,3,8,4,4,independent_all_resident,3648,2261.76,1440,96,15797.76,15.428,True,3146.24,4,0,0,154.13,n/a
costsim-01863,B4-lite,mid_7b_vlm,Mid 7B VLM proxy,12000,4096,1344x1344,336x336,448x448,3,3,16,1,1,independent_all_resident,3648,2261.76,2880,96,17237.76,16.834,True,1706.24,1,0,0,100.13,n/a
costsim-01864,B4-lite,mid_7b_vlm,Mid 7B VLM proxy,12000,4096,1344x1344,336x336,448x448,3,3,16,2,2,independent_all_resident,3648,2261.76,2880,96,17237.76,16.834,True,1706.24,2,0,0,118.13,n/a
costsim-01865,B4-lite,mid_7b_vlm,Mid 7B VLM proxy,12000,4096,1344x1344,336x336,448x448,3,3,16,4,4,independent_all_resident,3648,2261.76,2880,96,17237.76,16.834,True,1706.24,4,0,0,154.13,n/a
costsim-01866,B4-lite,mid_7b_vlm,Mid 7B VLM proxy,12000,4096,1344x1344,336x336,448x448,3,3,32,1,1,independent_all_resident,3648,2261.76,5760,96,20117.76,19.646,False,-1173.76,1,0,0,100.13,n/a
costsim-01867,B4-lite,mid_7b_vlm,Mid 7B VLM proxy,12000,4096,1344x1344,336x336,448x448,3,3,32,2,2,independent_all_resident,3648,2261.76,5760,96,20117.76,19.646,False,-1173.76,2,0,0,118.13,n/a
costsim-01868,B4-lite,mid_7b_vlm,Mid 7B VLM proxy,12000,4096,1344x1344,336x336,448x448,3,3,32,4,4,independent_all_resident,3648,2261.76,5760,96,20117.76,19.646,False,-1173.76,4,0,0,154.13,n/a
costsim-01869,B4-lite,mid_7b_vlm,Mid 7B VLM proxy,12000,4096,1344x1344,336x336,448x448,5,5,4,1,1,independent_all_resident,5696,3531.52,720,96,16347.52,15.964,True,2596.48,1,0,0,122.66,n/a
costsim-01870,B4-lite,mid_7b_vlm,Mid 7B VLM proxy,12000,4096,1344x1344,336x336,448x448,5,5,4,2,2,independent_all_resident,5696,3531.52,720,96,16347.52,15.964,True,2596.48,2,0,0,140.66,n/a
costsim-01871,B4-lite,mid_7b_vlm,Mid 7B VLM proxy,12000,4096,1344x1344,336x336,448x448,5,5,4,4,4,independent_all_resident,5696,3531.52,720,96,16347.52,15.964,True,2596.48,4,0,0,176.66,n/a
costsim-01872,B4-lite,mid_7b_vlm,Mid 7B VLM proxy,12000,4096,1344x1344,336x336,448x448,5,5,8,1,1,independent_all_resident,5696,3531.52,1440,96,17067.52,16.668,True,1876.48,1,0,0,122.66,n/a
costsim-01873,B4-lite,mid_7b_vlm,Mid 7B VLM proxy,12000,4096,1344x1344,336x336,448x448,5,5,8,2,2,independent_all_resident,5696,3531.52,1440,96,17067.52,16.668,True,1876.48,2,0,0,140.66,n/a
costsim-01874,B4-lite,mid_7b_vlm,Mid 7B VLM proxy,12000,4096,1344x1344,336x336,448x448,5,5,8,4,4,independent_all_resident,5696,3531.52,1440,96,17067.52,16.668,True,1876.48,4,0,0,176.66,n/a
costsim-01875,B4-lite,mid_7b_vlm,Mid 7B VLM proxy,12000,4096,1344x1344,336x336,448x448,5,5,16,1,1,independent_all_resident,5696,3531.52,2880,96,18507.52,18.074,True,436.48,1,0,0,122.66,n/a
costsim-01876,B4-lite,mid_7b_vlm,Mid 7B VLM proxy,12000,4096,1344x1344,336x336,448x448,5,5,16,2,2,independent_all_resident,5696,3531.52,2880,96,18507.52,18.074,True,436.48,2,0,0,140.66,n/a
costsim-01877,B4-lite,mid_7b_vlm,Mid 7B VLM proxy,12000,4096,1344x1344,336x336,448x448,5,5,16,4,4,independent_all_resident,5696,3531.52,2880,96,18507.52,18.074,True,436.48,4,0,0,176.66,n/a
costsim-01878,B4-lite,mid_7b_vlm,Mid 7B VLM proxy,12000,4096,1344x1344,336x336,448x448,5,5,32,1,1,independent_all_resident,5696,3531.52,5760,96,21387.52,20.886,False,-2443.52,1,0,0,122.66,n/a
costsim-01879,B4-lite,mid_7b_vlm,Mid 7B VLM proxy,12000,4096,1344x1344,336x336,448x448,5,5,32,2,2,independent_all_resident,5696,3531.52,5760,96,21387.52,20.886,False,-2443.52,2,0,0,140.66,n/a
costsim-01880,B4-lite,mid_7b_vlm,Mid 7B VLM proxy,12000,4096,1344x1344,336x336,448x448,5,5,32,4,4,independent_all_resident,5696,3531.52,5760,96,21387.52,20.886,False,-2443.52,4,0,0,176.66,n/a
costsim-01881,B4-lite,mid_7b_vlm,Mid 7B VLM proxy,12000,4096,1344x1344,448x448,336x336,1,1,4,1,1,independent_all_resident,1600,992.0,720,96,13808.0,13.484,True,5136.0,1,0,0,77.6,n/a
costsim-01882,B4-lite,mid_7b_vlm,Mid 7B VLM proxy,12000,4096,1344x1344,448x448,336x336,1,1,4,2,2,independent_all_resident,1600,992.0,720,96,13808.0,13.484,True,5136.0,2,0,0,95.6,n/a
costsim-01883,B4-lite,mid_7b_vlm,Mid 7B VLM proxy,12000,4096,1344x1344,448x448,336x336,1,1,4,4,4,independent_all_resident,1600,992.0,720,96,13808.0,13.484,True,5136.0,4,0,0,131.6,n/a
costsim-01884,B4-lite,mid_7b_vlm,Mid 7B VLM proxy,12000,4096,1344x1344,448x448,336x336,1,1,8,1,1,independent_all_resident,1600,992.0,1440,96,14528.0,14.188,True,4416.0,1,0,0,77.6,n/a
costsim-01885,B4-lite,mid_7b_vlm,Mid 7B VLM proxy,12000,4096,1344x1344,448x448,336x336,1,1,8,2,2,independent_all_resident,1600,992.0,1440,96,14528.0,14.188,True,4416.0,2,0,0,95.6,n/a
costsim-01886,B4-lite,mid_7b_vlm,Mid 7B VLM proxy,12000,4096,1344x1344,448x448,336x336,1,1,8,4,4,independent_all_resident,1600,992.0,1440,96,14528.0,14.188,True,4416.0,4,0,0,131.6,n/a
costsim-01887,B4-lite,mid_7b_vlm,Mid 7B VLM proxy,12000,4096,1344x1344,448x448,336x336,1,1,16,1,1,independent_all_resident,1600,992.0,2880,96,15968.0,15.594,True,2976.0,1,0,0,77.6,n/a
costsim-01888,B4-lite,mid_7b_vlm,Mid 7B VLM proxy,12000,4096,1344x1344,448x448,336x336,1,1,16,2,2,independent_all_resident,1600,992.0,2880,96,15968.0,15.594,True,2976.0,2,0,0,95.6,n/a
costsim-01889,B4-lite,mid_7b_vlm,Mid 7B VLM proxy,12000,4096,1344x1344,448x448,336x336,1,1,16,4,4,independent_all_resident,1600,992.0,2880,96,15968.0,15.594,True,2976.0,4,0,0,131.6,n/a
costsim-01890,B4-lite,mid_7b_vlm,Mid 7B VLM proxy,12000,4096,1344x1344,448x448,336x336,1,1,32,1,1,independent_all_resident,1600,992.0,5760,96,18848.0,18.406,True,96.0,1,0,0,77.6,n/a
costsim-01891,B4-lite,mid_7b_vlm,Mid 7B VLM proxy,12000,4096,1344x1344,448x448,336x336,1,1,32,2,2,independent_all_resident,1600,992.0,5760,96,18848.0,18.406,True,96.0,2,0,0,95.6,n/a
costsim-01892,B4-lite,mid_7b_vlm,Mid 7B VLM proxy,12000,4096,1344x1344,448x448,336x336,1,1,32,4,4,independent_all_resident,1600,992.0,5760,96,18848.0,18.406,True,96.0,4,0,0,131.6,n/a
costsim-01893,B4-lite,mid_7b_vlm,Mid 7B VLM proxy,12000,4096,1344x1344,448x448,336x336,3,3,4,1,1,independent_all_resident,2752,1706.24,720,96,14522.24,14.182,True,4421.76,1,0,0,90.27,n/a
costsim-01894,B4-lite,mid_7b_vlm,Mid 7B VLM proxy,12000,4096,1344x1344,448x448,336x336,3,3,4,2,2,independent_all_resident,2752,1706.24,720,96,14522.24,14.182,True,4421.76,2,0,0,108.27,n/a
costsim-01895,B4-lite,mid_7b_vlm,Mid 7B VLM proxy,12000,4096,1344x1344,448x448,336x336,3,3,4,4,4,independent_all_resident,2752,1706.24,720,96,14522.24,14.182,True,4421.76,4,0,0,144.27,n/a
costsim-01896,B4-lite,mid_7b_vlm,Mid 7B VLM proxy,12000,4096,1344x1344,448x448,336x336,3,3,8,1,1,independent_all_resident,2752,1706.24,1440,96,15242.24,14.885,True,3701.76,1,0,0,90.27,n/a
costsim-01897,B4-lite,mid_7b_vlm,Mid 7B VLM proxy,12000,4096,1344x1344,448x448,336x336,3,3,8,2,2,independent_all_resident,2752,1706.24,1440,96,15242.24,14.885,True,3701.76,2,0,0,108.27,n/a
costsim-01898,B4-lite,mid_7b_vlm,Mid 7B VLM proxy,12000,4096,1344x1344,448x448,336x336,3,3,8,4,4,independent_all_resident,2752,1706.24,1440,96,15242.24,14.885,True,3701.76,4,0,0,144.27,n/a
costsim-01899,B4-lite,mid_7b_vlm,Mid 7B VLM proxy,12000,4096,1344x1344,448x448,336x336,3,3,16,1,1,independent_all_resident,2752,1706.24,2880,96,16682.24,16.291,True,2261.76,1,0,0,90.27,n/a
costsim-01900,B4-lite,mid_7b_vlm,Mid 7B VLM proxy,12000,4096,1344x1344,448x448,336x336,3,3,16,2,2,independent_all_resident,2752,1706.24,2880,96,16682.24,16.291,True,2261.76,2,0,0,108.27,n/a
costsim-01901,B4-lite,mid_7b_vlm,Mid 7B VLM proxy,12000,4096,1344x1344,448x448,336x336,3,3,16,4,4,independent_all_resident,2752,1706.24,2880,96,16682.24,16.291,True,2261.76,4,0,0,144.27,n/a
costsim-01902,B4-lite,mid_7b_vlm,Mid 7B VLM proxy,12000,4096,1344x1344,448x448,336x336,3,3,32,1,1,independent_all_resident,2752,1706.24,5760,96,19562.24,19.104,False,-618.24,1,0,0,90.27,n/a
costsim-01903,B4-lite,mid_7b_vlm,Mid 7B VLM proxy,12000,4096,1344x1344,448x448,336x336,3,3,32,2,2,independent_all_resident,2752,1706.24,5760,96,19562.24,19.104,False,-618.24,2,0,0,108.27,n/a
costsim-01904,B4-lite,mid_7b_vlm,Mid 7B VLM proxy,12000,4096,1344x1344,448x448,336x336,3,3,32,4,4,independent_all_resident,2752,1706.24,5760,96,19562.24,19.104,False,-618.24,4,0,0,144.27,n/a
costsim-01905,B4-lite,mid_7b_vlm,Mid 7B VLM proxy,12000,4096,1344x1344,448x448,336x336,5,5,4,1,1,independent_all_resident,3904,2420.48,720,96,15236.48,14.879,True,3707.52,1,0,0,102.94,n/a
costsim-01906,B4-lite,mid_7b_vlm,Mid 7B VLM proxy,12000,4096,1344x1344,448x448,336x336,5,5,4,2,2,independent_all_resident,3904,2420.48,720,96,15236.48,14.879,True,3707.52,2,0,0,120.94,n/a
costsim-01907,B4-lite,mid_7b_vlm,Mid 7B VLM proxy,12000,4096,1344x1344,448x448,336x336,5,5,4,4,4,independent_all_resident,3904,2420.48,720,96,15236.48,14.879,True,3707.52,4,0,0,156.94,n/a
costsim-01908,B4-lite,mid_7b_vlm,Mid 7B VLM proxy,12000,4096,1344x1344,448x448,336x336,5,5,8,1,1,independent_all_resident,3904,2420.48,1440,96,15956.48,15.582,True,2987.52,1,0,0,102.94,n/a
costsim-01909,B4-lite,mid_7b_vlm,Mid 7B VLM proxy,12000,4096,1344x1344,448x448,336x336,5,5,8,2,2,independent_all_resident,3904,2420.48,1440,96,15956.48,15.582,True,2987.52,2,0,0,120.94,n/a
costsim-01910,B4-lite,mid_7b_vlm,Mid 7B VLM proxy,12000,4096,1344x1344,448x448,336x336,5,5,8,4,4,independent_all_resident,3904,2420.48,1440,96,15956.48,15.582,True,2987.52,4,0,0,156.94,n/a
costsim-01911,B4-lite,mid_7b_vlm,Mid 7B VLM proxy,12000,4096,1344x1344,448x448,336x336,5,5,16,1,1,independent_all_resident,3904,2420.48,2880,96,17396.48,16.989,True,1547.52,1,0,0,102.94,n/a
costsim-01912,B4-lite,mid_7b_vlm,Mid 7B VLM proxy,12000,4096,1344x1344,448x448,336x336,5,5,16,2,2,independent_all_resident,3904,2420.48,2880,96,17396.48,16.989,True,1547.52,2,0,0,120.94,n/a
costsim-01913,B4-lite,mid_7b_vlm,Mid 7B VLM proxy,12000,4096,1344x1344,448x448,336x336,5,5,16,4,4,independent_all_resident,3904,2420.48,2880,96,17396.48,16.989,True,1547.52,4,0,0,156.94,n/a
costsim-01914,B4-lite,mid_7b_vlm,Mid 7B VLM proxy,12000,4096,1344x1344,448x448,336x336,5,5,32,1,1,independent_all_resident,3904,2420.48,5760,96,20276.48,19.801,False,-1332.48,1,0,0,102.94,n/a
costsim-01915,B4-lite,mid_7b_vlm,Mid 7B VLM proxy,12000,4096,1344x1344,448x448,336x336,5,5,32,2,2,independent_all_resident,3904,2420.48,5760,96,20276.48,19.801,False,-1332.48,2,0,0,120.94,n/a
costsim-01916,B4-lite,mid_7b_vlm,Mid 7B VLM proxy,12000,4096,1344x1344,448x448,336x336,5,5,32,4,4,independent_all_resident,3904,2420.48,5760,96,20276.48,19.801,False,-1332.48,4,0,0,156.94,n/a
costsim-01917,B4-lite,mid_7b_vlm,Mid 7B VLM proxy,12000,4096,1344x1344,448x448,448x448,1,1,4,1,1,independent_all_resident,2048,1269.76,720,96,14085.76,13.756,True,4858.24,1,0,0,82.53,n/a
costsim-01918,B4-lite,mid_7b_vlm,Mid 7B VLM proxy,12000,4096,1344x1344,448x448,448x448,1,1,4,2,2,independent_all_resident,2048,1269.76,720,96,14085.76,13.756,True,4858.24,2,0,0,100.53,n/a
costsim-01919,B4-lite,mid_7b_vlm,Mid 7B VLM proxy,12000,4096,1344x1344,448x448,448x448,1,1,4,4,4,independent_all_resident,2048,1269.76,720,96,14085.76,13.756,True,4858.24,4,0,0,136.53,n/a
costsim-01920,B4-lite,mid_7b_vlm,Mid 7B VLM proxy,12000,4096,1344x1344,448x448,448x448,1,1,8,1,1,independent_all_resident,2048,1269.76,1440,96,14805.76,14.459,True,4138.24,1,0,0,82.53,n/a
costsim-01921,B4-lite,mid_7b_vlm,Mid 7B VLM proxy,12000,4096,1344x1344,448x448,448x448,1,1,8,2,2,independent_all_resident,2048,1269.76,1440,96,14805.76,14.459,True,4138.24,2,0,0,100.53,n/a
costsim-01922,B4-lite,mid_7b_vlm,Mid 7B VLM proxy,12000,4096,1344x1344,448x448,448x448,1,1,8,4,4,independent_all_resident,2048,1269.76,1440,96,14805.76,14.459,True,4138.24,4,0,0,136.53,n/a
costsim-01923,B4-lite,mid_7b_vlm,Mid 7B VLM proxy,12000,4096,1344x1344,448x448,448x448,1,1,16,1,1,independent_all_resident,2048,1269.76,2880,96,16245.76,15.865,True,2698.24,1,0,0,82.53,n/a
costsim-01924,B4-lite,mid_7b_vlm,Mid 7B VLM proxy,12000,4096,1344x1344,448x448,448x448,1,1,16,2,2,independent_all_resident,2048,1269.76,2880,96,16245.76,15.865,True,2698.24,2,0,0,100.53,n/a
costsim-01925,B4-lite,mid_7b_vlm,Mid 7B VLM proxy,12000,4096,1344x1344,448x448,448x448,1,1,16,4,4,independent_all_resident,2048,1269.76,2880,96,16245.76,15.865,True,2698.24,4,0,0,136.53,n/a
costsim-01926,B4-lite,mid_7b_vlm,Mid 7B VLM proxy,12000,4096,1344x1344,448x448,448x448,1,1,32,1,1,independent_all_resident,2048,1269.76,5760,96,19125.76,18.678,False,-181.76,1,0,0,82.53,n/a
costsim-01927,B4-lite,mid_7b_vlm,Mid 7B VLM proxy,12000,4096,1344x1344,448x448,448x448,1,1,32,2,2,independent_all_resident,2048,1269.76,5760,96,19125.76,18.678,False,-181.76,2,0,0,100.53,n/a
costsim-01928,B4-lite,mid_7b_vlm,Mid 7B VLM proxy,12000,4096,1344x1344,448x448,448x448,1,1,32,4,4,independent_all_resident,2048,1269.76,5760,96,19125.76,18.678,False,-181.76,4,0,0,136.53,n/a
costsim-01929,B4-lite,mid_7b_vlm,Mid 7B VLM proxy,12000,4096,1344x1344,448x448,448x448,3,3,4,1,1,independent_all_resident,4096,2539.52,720,96,15355.52,14.996,True,3588.48,1,0,0,105.06,n/a
costsim-01930,B4-lite,mid_7b_vlm,Mid 7B VLM proxy,12000,4096,1344x1344,448x448,448x448,3,3,4,2,2,independent_all_resident,4096,2539.52,720,96,15355.52,14.996,True,3588.48,2,0,0,123.06,n/a
costsim-01931,B4-lite,mid_7b_vlm,Mid 7B VLM proxy,12000,4096,1344x1344,448x448,448x448,3,3,4,4,4,independent_all_resident,4096,2539.52,720,96,15355.52,14.996,True,3588.48,4,0,0,159.06,n/a
costsim-01932,B4-lite,mid_7b_vlm,Mid 7B VLM proxy,12000,4096,1344x1344,448x448,448x448,3,3,8,1,1,independent_all_resident,4096,2539.52,1440,96,16075.52,15.699,True,2868.48,1,0,0,105.06,n/a
costsim-01933,B4-lite,mid_7b_vlm,Mid 7B VLM proxy,12000,4096,1344x1344,448x448,448x448,3,3,8,2,2,independent_all_resident,4096,2539.52,1440,96,16075.52,15.699,True,2868.48,2,0,0,123.06,n/a
costsim-01934,B4-lite,mid_7b_vlm,Mid 7B VLM proxy,12000,4096,1344x1344,448x448,448x448,3,3,8,4,4,independent_all_resident,4096,2539.52,1440,96,16075.52,15.699,True,2868.48,4,0,0,159.06,n/a
costsim-01935,B4-lite,mid_7b_vlm,Mid 7B VLM proxy,12000,4096,1344x1344,448x448,448x448,3,3,16,1,1,independent_all_resident,4096,2539.52,2880,96,17515.52,17.105,True,1428.48,1,0,0,105.06,n/a
costsim-01936,B4-lite,mid_7b_vlm,Mid 7B VLM proxy,12000,4096,1344x1344,448x448,448x448,3,3,16,2,2,independent_all_resident,4096,2539.52,2880,96,17515.52,17.105,True,1428.48,2,0,0,123.06,n/a
costsim-01937,B4-lite,mid_7b_vlm,Mid 7B VLM proxy,12000,4096,1344x1344,448x448,448x448,3,3,16,4,4,independent_all_resident,4096,2539.52,2880,96,17515.52,17.105,True,1428.48,4,0,0,159.06,n/a
costsim-01938,B4-lite,mid_7b_vlm,Mid 7B VLM proxy,12000,4096,1344x1344,448x448,448x448,3,3,32,1,1,independent_all_resident,4096,2539.52,5760,96,20395.52,19.918,False,-1451.52,1,0,0,105.06,n/a
costsim-01939,B4-lite,mid_7b_vlm,Mid 7B VLM proxy,12000,4096,1344x1344,448x448,448x448,3,3,32,2,2,independent_all_resident,4096,2539.52,5760,96,20395.52,19.918,False,-1451.52,2,0,0,123.06,n/a
costsim-01940,B4-lite,mid_7b_vlm,Mid 7B VLM proxy,12000,4096,1344x1344,448x448,448x448,3,3,32,4,4,independent_all_resident,4096,2539.52,5760,96,20395.52,19.918,False,-1451.52,4,0,0,159.06,n/a
costsim-01941,B4-lite,mid_7b_vlm,Mid 7B VLM proxy,12000,4096,1344x1344,448x448,448x448,5,5,4,1,1,independent_all_resident,6144,3809.28,720,96,16625.28,16.236,True,2318.72,1,0,0,127.58,n/a
costsim-01942,B4-lite,mid_7b_vlm,Mid 7B VLM proxy,12000,4096,1344x1344,448x448,448x448,5,5,4,2,2,independent_all_resident,6144,3809.28,720,96,16625.28,16.236,True,2318.72,2,0,0,145.58,n/a
costsim-01943,B4-lite,mid_7b_vlm,Mid 7B VLM proxy,12000,4096,1344x1344,448x448,448x448,5,5,4,4,4,independent_all_resident,6144,3809.28,720,96,16625.28,16.236,True,2318.72,4,0,0,181.58,n/a
costsim-01944,B4-lite,mid_7b_vlm,Mid 7B VLM proxy,12000,4096,1344x1344,448x448,448x448,5,5,8,1,1,independent_all_resident,6144,3809.28,1440,96,17345.28,16.939,True,1598.72,1,0,0,127.58,n/a
costsim-01945,B4-lite,mid_7b_vlm,Mid 7B VLM proxy,12000,4096,1344x1344,448x448,448x448,5,5,8,2,2,independent_all_resident,6144,3809.28,1440,96,17345.28,16.939,True,1598.72,2,0,0,145.58,n/a
costsim-01946,B4-lite,mid_7b_vlm,Mid 7B VLM proxy,12000,4096,1344x1344,448x448,448x448,5,5,8,4,4,independent_all_resident,6144,3809.28,1440,96,17345.28,16.939,True,1598.72,4,0,0,181.58,n/a
costsim-01947,B4-lite,mid_7b_vlm,Mid 7B VLM proxy,12000,4096,1344x1344,448x448,448x448,5,5,16,1,1,independent_all_resident,6144,3809.28,2880,96,18785.28,18.345,True,158.72,1,0,0,127.58,n/a
costsim-01948,B4-lite,mid_7b_vlm,Mid 7B VLM proxy,12000,4096,1344x1344,448x448,448x448,5,5,16,2,2,independent_all_resident,6144,3809.28,2880,96,18785.28,18.345,True,158.72,2,0,0,145.58,n/a
costsim-01949,B4-lite,mid_7b_vlm,Mid 7B VLM proxy,12000,4096,1344x1344,448x448,448x448,5,5,16,4,4,independent_all_resident,6144,3809.28,2880,96,18785.28,18.345,True,158.72,4,0,0,181.58,n/a
costsim-01950,B4-lite,mid_7b_vlm,Mid 7B VLM proxy,12000,4096,1344x1344,448x448,448x448,5,5,32,1,1,independent_all_resident,6144,3809.28,5760,96,21665.28,21.157,False,-2721.28,1,0,0,127.58,n/a
costsim-01951,B4-lite,mid_7b_vlm,Mid 7B VLM proxy,12000,4096,1344x1344,448x448,448x448,5,5,32,2,2,independent_all_resident,6144,3809.28,5760,96,21665.28,21.157,False,-2721.28,2,0,0,145.58,n/a
costsim-01952,B4-lite,mid_7b_vlm,Mid 7B VLM proxy,12000,4096,1344x1344,448x448,448x448,5,5,32,4,4,independent_all_resident,6144,3809.28,5760,96,21665.28,21.157,False,-2721.28,4,0,0,181.58,n/a
costsim-01953,B5-lite,mid_7b_vlm,Mid 7B VLM proxy,12000,4096,1344x1344,336x336,336x336,1,1,4,1,1,shared_all_resident,1152,714.24,400,96,13210.24,12.901,True,5733.76,1,0,0,62.67,n/a
costsim-01954,B5-lite,mid_7b_vlm,Mid 7B VLM proxy,12000,4096,1344x1344,336x336,336x336,1,1,4,2,2,shared_all_resident,1152,714.24,400,96,13210.24,12.901,True,5733.76,2,0,0,70.67,n/a
costsim-01955,B5-lite,mid_7b_vlm,Mid 7B VLM proxy,12000,4096,1344x1344,336x336,336x336,1,1,4,4,4,shared_all_resident,1152,714.24,400,96,13210.24,12.901,True,5733.76,4,0,0,86.67,n/a
costsim-01956,B5-lite,mid_7b_vlm,Mid 7B VLM proxy,12000,4096,1344x1344,336x336,336x336,1,1,8,1,1,shared_all_resident,1152,714.24,580,96,13390.24,13.076,True,5553.76,1,0,0,62.67,n/a
costsim-01957,B5-lite,mid_7b_vlm,Mid 7B VLM proxy,12000,4096,1344x1344,336x336,336x336,1,1,8,2,2,shared_all_resident,1152,714.24,580,96,13390.24,13.076,True,5553.76,2,0,0,70.67,n/a
costsim-01958,B5-lite,mid_7b_vlm,Mid 7B VLM proxy,12000,4096,1344x1344,336x336,336x336,1,1,8,4,4,shared_all_resident,1152,714.24,580,96,13390.24,13.076,True,5553.76,4,0,0,86.67,n/a
costsim-01959,B5-lite,mid_7b_vlm,Mid 7B VLM proxy,12000,4096,1344x1344,336x336,336x336,1,1,16,1,1,shared_all_resident,1152,714.24,940,96,13750.24,13.428,True,5193.76,1,0,0,62.67,n/a
costsim-01960,B5-lite,mid_7b_vlm,Mid 7B VLM proxy,12000,4096,1344x1344,336x336,336x336,1,1,16,2,2,shared_all_resident,1152,714.24,940,96,13750.24,13.428,True,5193.76,2,0,0,70.67,n/a
costsim-01961,B5-lite,mid_7b_vlm,Mid 7B VLM proxy,12000,4096,1344x1344,336x336,336x336,1,1,16,4,4,shared_all_resident,1152,714.24,940,96,13750.24,13.428,True,5193.76,4,0,0,86.67,n/a
costsim-01962,B5-lite,mid_7b_vlm,Mid 7B VLM proxy,12000,4096,1344x1344,336x336,336x336,1,1,32,1,1,shared_all_resident,1152,714.24,1660,96,14470.24,14.131,True,4473.76,1,0,0,62.67,n/a
costsim-01963,B5-lite,mid_7b_vlm,Mid 7B VLM proxy,12000,4096,1344x1344,336x336,336x336,1,1,32,2,2,shared_all_resident,1152,714.24,1660,96,14470.24,14.131,True,4473.76,2,0,0,70.67,n/a
costsim-01964,B5-lite,mid_7b_vlm,Mid 7B VLM proxy,12000,4096,1344x1344,336x336,336x336,1,1,32,4,4,shared_all_resident,1152,714.24,1660,96,14470.24,14.131,True,4473.76,4,0,0,86.67,n/a
costsim-01965,B5-lite,mid_7b_vlm,Mid 7B VLM proxy,12000,4096,1344x1344,336x336,336x336,3,3,4,1,1,shared_all_resident,2304,1428.48,400,96,13924.48,13.598,True,5019.52,1,0,0,75.34,n/a
costsim-01966,B5-lite,mid_7b_vlm,Mid 7B VLM proxy,12000,4096,1344x1344,336x336,336x336,3,3,4,2,2,shared_all_resident,2304,1428.48,400,96,13924.48,13.598,True,5019.52,2,0,0,83.34,n/a
costsim-01967,B5-lite,mid_7b_vlm,Mid 7B VLM proxy,12000,4096,1344x1344,336x336,336x336,3,3,4,4,4,shared_all_resident,2304,1428.48,400,96,13924.48,13.598,True,5019.52,4,0,0,99.34,n/a
costsim-01968,B5-lite,mid_7b_vlm,Mid 7B VLM proxy,12000,4096,1344x1344,336x336,336x336,3,3,8,1,1,shared_all_resident,2304,1428.48,580,96,14104.48,13.774,True,4839.52,1,0,0,75.34,n/a
costsim-01969,B5-lite,mid_7b_vlm,Mid 7B VLM proxy,12000,4096,1344x1344,336x336,336x336,3,3,8,2,2,shared_all_resident,2304,1428.48,580,96,14104.48,13.774,True,4839.52,2,0,0,83.34,n/a
costsim-01970,B5-lite,mid_7b_vlm,Mid 7B VLM proxy,12000,4096,1344x1344,336x336,336x336,3,3,8,4,4,shared_all_resident,2304,1428.48,580,96,14104.48,13.774,True,4839.52,4,0,0,99.34,n/a
costsim-01971,B5-lite,mid_7b_vlm,Mid 7B VLM proxy,12000,4096,1344x1344,336x336,336x336,3,3,16,1,1,shared_all_resident,2304,1428.48,940,96,14464.48,14.125,True,4479.52,1,0,0,75.34,n/a
costsim-01972,B5-lite,mid_7b_vlm,Mid 7B VLM proxy,12000,4096,1344x1344,336x336,336x336,3,3,16,2,2,shared_all_resident,2304,1428.48,940,96,14464.48,14.125,True,4479.52,2,0,0,83.34,n/a
costsim-01973,B5-lite,mid_7b_vlm,Mid 7B VLM proxy,12000,4096,1344x1344,336x336,336x336,3,3,16,4,4,shared_all_resident,2304,1428.48,940,96,14464.48,14.125,True,4479.52,4,0,0,99.34,n/a
costsim-01974,B5-lite,mid_7b_vlm,Mid 7B VLM proxy,12000,4096,1344x1344,336x336,336x336,3,3,32,1,1,shared_all_resident,2304,1428.48,1660,96,15184.48,14.829,True,3759.52,1,0,0,75.34,n/a
costsim-01975,B5-lite,mid_7b_vlm,Mid 7B VLM proxy,12000,4096,1344x1344,336x336,336x336,3,3,32,2,2,shared_all_resident,2304,1428.48,1660,96,15184.48,14.829,True,3759.52,2,0,0,83.34,n/a
costsim-01976,B5-lite,mid_7b_vlm,Mid 7B VLM proxy,12000,4096,1344x1344,336x336,336x336,3,3,32,4,4,shared_all_resident,2304,1428.48,1660,96,15184.48,14.829,True,3759.52,4,0,0,99.34,n/a
costsim-01977,B5-lite,mid_7b_vlm,Mid 7B VLM proxy,12000,4096,1344x1344,336x336,336x336,5,5,4,1,1,shared_all_resident,3456,2142.72,400,96,14638.72,14.296,True,4305.28,1,0,0,88.02,n/a
costsim-01978,B5-lite,mid_7b_vlm,Mid 7B VLM proxy,12000,4096,1344x1344,336x336,336x336,5,5,4,2,2,shared_all_resident,3456,2142.72,400,96,14638.72,14.296,True,4305.28,2,0,0,96.02,n/a
costsim-01979,B5-lite,mid_7b_vlm,Mid 7B VLM proxy,12000,4096,1344x1344,336x336,336x336,5,5,4,4,4,shared_all_resident,3456,2142.72,400,96,14638.72,14.296,True,4305.28,4,0,0,112.02,n/a
costsim-01980,B5-lite,mid_7b_vlm,Mid 7B VLM proxy,12000,4096,1344x1344,336x336,336x336,5,5,8,1,1,shared_all_resident,3456,2142.72,580,96,14818.72,14.471,True,4125.28,1,0,0,88.02,n/a
costsim-01981,B5-lite,mid_7b_vlm,Mid 7B VLM proxy,12000,4096,1344x1344,336x336,336x336,5,5,8,2,2,shared_all_resident,3456,2142.72,580,96,14818.72,14.471,True,4125.28,2,0,0,96.02,n/a
costsim-01982,B5-lite,mid_7b_vlm,Mid 7B VLM proxy,12000,4096,1344x1344,336x336,336x336,5,5,8,4,4,shared_all_resident,3456,2142.72,580,96,14818.72,14.471,True,4125.28,4,0,0,112.02,n/a
costsim-01983,B5-lite,mid_7b_vlm,Mid 7B VLM proxy,12000,4096,1344x1344,336x336,336x336,5,5,16,1,1,shared_all_resident,3456,2142.72,940,96,15178.72,14.823,True,3765.28,1,0,0,88.02,n/a
costsim-01984,B5-lite,mid_7b_vlm,Mid 7B VLM proxy,12000,4096,1344x1344,336x336,336x336,5,5,16,2,2,shared_all_resident,3456,2142.72,940,96,15178.72,14.823,True,3765.28,2,0,0,96.02,n/a
costsim-01985,B5-lite,mid_7b_vlm,Mid 7B VLM proxy,12000,4096,1344x1344,336x336,336x336,5,5,16,4,4,shared_all_resident,3456,2142.72,940,96,15178.72,14.823,True,3765.28,4,0,0,112.02,n/a
costsim-01986,B5-lite,mid_7b_vlm,Mid 7B VLM proxy,12000,4096,1344x1344,336x336,336x336,5,5,32,1,1,shared_all_resident,3456,2142.72,1660,96,15898.72,15.526,True,3045.28,1,0,0,88.02,n/a
costsim-01987,B5-lite,mid_7b_vlm,Mid 7B VLM proxy,12000,4096,1344x1344,336x336,336x336,5,5,32,2,2,shared_all_resident,3456,2142.72,1660,96,15898.72,15.526,True,3045.28,2,0,0,96.02,n/a
costsim-01988,B5-lite,mid_7b_vlm,Mid 7B VLM proxy,12000,4096,1344x1344,336x336,336x336,5,5,32,4,4,shared_all_resident,3456,2142.72,1660,96,15898.72,15.526,True,3045.28,4,0,0,112.02,n/a
costsim-01989,B5-lite,mid_7b_vlm,Mid 7B VLM proxy,12000,4096,1344x1344,336x336,448x448,1,1,4,1,1,shared_all_resident,1600,992.0,400,96,13488.0,13.172,True,5456.0,1,0,0,67.6,n/a
costsim-01990,B5-lite,mid_7b_vlm,Mid 7B VLM proxy,12000,4096,1344x1344,336x336,448x448,1,1,4,2,2,shared_all_resident,1600,992.0,400,96,13488.0,13.172,True,5456.0,2,0,0,75.6,n/a
costsim-01991,B5-lite,mid_7b_vlm,Mid 7B VLM proxy,12000,4096,1344x1344,336x336,448x448,1,1,4,4,4,shared_all_resident,1600,992.0,400,96,13488.0,13.172,True,5456.0,4,0,0,91.6,n/a
costsim-01992,B5-lite,mid_7b_vlm,Mid 7B VLM proxy,12000,4096,1344x1344,336x336,448x448,1,1,8,1,1,shared_all_resident,1600,992.0,580,96,13668.0,13.348,True,5276.0,1,0,0,67.6,n/a
costsim-01993,B5-lite,mid_7b_vlm,Mid 7B VLM proxy,12000,4096,1344x1344,336x336,448x448,1,1,8,2,2,shared_all_resident,1600,992.0,580,96,13668.0,13.348,True,5276.0,2,0,0,75.6,n/a
costsim-01994,B5-lite,mid_7b_vlm,Mid 7B VLM proxy,12000,4096,1344x1344,336x336,448x448,1,1,8,4,4,shared_all_resident,1600,992.0,580,96,13668.0,13.348,True,5276.0,4,0,0,91.6,n/a
costsim-01995,B5-lite,mid_7b_vlm,Mid 7B VLM proxy,12000,4096,1344x1344,336x336,448x448,1,1,16,1,1,shared_all_resident,1600,992.0,940,96,14028.0,13.699,True,4916.0,1,0,0,67.6,n/a
costsim-01996,B5-lite,mid_7b_vlm,Mid 7B VLM proxy,12000,4096,1344x1344,336x336,448x448,1,1,16,2,2,shared_all_resident,1600,992.0,940,96,14028.0,13.699,True,4916.0,2,0,0,75.6,n/a
costsim-01997,B5-lite,mid_7b_vlm,Mid 7B VLM proxy,12000,4096,1344x1344,336x336,448x448,1,1,16,4,4,shared_all_resident,1600,992.0,940,96,14028.0,13.699,True,4916.0,4,0,0,91.6,n/a
costsim-01998,B5-lite,mid_7b_vlm,Mid 7B VLM proxy,12000,4096,1344x1344,336x336,448x448,1,1,32,1,1,shared_all_resident,1600,992.0,1660,96,14748.0,14.402,True,4196.0,1,0,0,67.6,n/a
costsim-01999,B5-lite,mid_7b_vlm,Mid 7B VLM proxy,12000,4096,1344x1344,336x336,448x448,1,1,32,2,2,shared_all_resident,1600,992.0,1660,96,14748.0,14.402,True,4196.0,2,0,0,75.6,n/a
costsim-02000,B5-lite,mid_7b_vlm,Mid 7B VLM proxy,12000,4096,1344x1344,336x336,448x448,1,1,32,4,4,shared_all_resident,1600,992.0,1660,96,14748.0,14.402,True,4196.0,4,0,0,91.6,n/a
costsim-02001,B5-lite,mid_7b_vlm,Mid 7B VLM proxy,12000,4096,1344x1344,336x336,448x448,3,3,4,1,1,shared_all_resident,3648,2261.76,400,96,14757.76,14.412,True,4186.24,1,0,0,90.13,n/a
costsim-02002,B5-lite,mid_7b_vlm,Mid 7B VLM proxy,12000,4096,1344x1344,336x336,448x448,3,3,4,2,2,shared_all_resident,3648,2261.76,400,96,14757.76,14.412,True,4186.24,2,0,0,98.13,n/a
costsim-02003,B5-lite,mid_7b_vlm,Mid 7B VLM proxy,12000,4096,1344x1344,336x336,448x448,3,3,4,4,4,shared_all_resident,3648,2261.76,400,96,14757.76,14.412,True,4186.24,4,0,0,114.13,n/a
costsim-02004,B5-lite,mid_7b_vlm,Mid 7B VLM proxy,12000,4096,1344x1344,336x336,448x448,3,3,8,1,1,shared_all_resident,3648,2261.76,580,96,14937.76,14.588,True,4006.24,1,0,0,90.13,n/a
costsim-02005,B5-lite,mid_7b_vlm,Mid 7B VLM proxy,12000,4096,1344x1344,336x336,448x448,3,3,8,2,2,shared_all_resident,3648,2261.76,580,96,14937.76,14.588,True,4006.24,2,0,0,98.13,n/a
costsim-02006,B5-lite,mid_7b_vlm,Mid 7B VLM proxy,12000,4096,1344x1344,336x336,448x448,3,3,8,4,4,shared_all_resident,3648,2261.76,580,96,14937.76,14.588,True,4006.24,4,0,0,114.13,n/a
costsim-02007,B5-lite,mid_7b_vlm,Mid 7B VLM proxy,12000,4096,1344x1344,336x336,448x448,3,3,16,1,1,shared_all_resident,3648,2261.76,940,96,15297.76,14.939,True,3646.24,1,0,0,90.13,n/a
costsim-02008,B5-lite,mid_7b_vlm,Mid 7B VLM proxy,12000,4096,1344x1344,336x336,448x448,3,3,16,2,2,shared_all_resident,3648,2261.76,940,96,15297.76,14.939,True,3646.24,2,0,0,98.13,n/a
costsim-02009,B5-lite,mid_7b_vlm,Mid 7B VLM proxy,12000,4096,1344x1344,336x336,448x448,3,3,16,4,4,shared_all_resident,3648,2261.76,940,96,15297.76,14.939,True,3646.24,4,0,0,114.13,n/a
costsim-02010,B5-lite,mid_7b_vlm,Mid 7B VLM proxy,12000,4096,1344x1344,336x336,448x448,3,3,32,1,1,shared_all_resident,3648,2261.76,1660,96,16017.76,15.642,True,2926.24,1,0,0,90.13,n/a
costsim-02011,B5-lite,mid_7b_vlm,Mid 7B VLM proxy,12000,4096,1344x1344,336x336,448x448,3,3,32,2,2,shared_all_resident,3648,2261.76,1660,96,16017.76,15.642,True,2926.24,2,0,0,98.13,n/a
costsim-02012,B5-lite,mid_7b_vlm,Mid 7B VLM proxy,12000,4096,1344x1344,336x336,448x448,3,3,32,4,4,shared_all_resident,3648,2261.76,1660,96,16017.76,15.642,True,2926.24,4,0,0,114.13,n/a
costsim-02013,B5-lite,mid_7b_vlm,Mid 7B VLM proxy,12000,4096,1344x1344,336x336,448x448,5,5,4,1,1,shared_all_resident,5696,3531.52,400,96,16027.52,15.652,True,2916.48,1,0,0,112.66,n/a
costsim-02014,B5-lite,mid_7b_vlm,Mid 7B VLM proxy,12000,4096,1344x1344,336x336,448x448,5,5,4,2,2,shared_all_resident,5696,3531.52,400,96,16027.52,15.652,True,2916.48,2,0,0,120.66,n/a
costsim-02015,B5-lite,mid_7b_vlm,Mid 7B VLM proxy,12000,4096,1344x1344,336x336,448x448,5,5,4,4,4,shared_all_resident,5696,3531.52,400,96,16027.52,15.652,True,2916.48,4,0,0,136.66,n/a
costsim-02016,B5-lite,mid_7b_vlm,Mid 7B VLM proxy,12000,4096,1344x1344,336x336,448x448,5,5,8,1,1,shared_all_resident,5696,3531.52,580,96,16207.52,15.828,True,2736.48,1,0,0,112.66,n/a
costsim-02017,B5-lite,mid_7b_vlm,Mid 7B VLM proxy,12000,4096,1344x1344,336x336,448x448,5,5,8,2,2,shared_all_resident,5696,3531.52,580,96,16207.52,15.828,True,2736.48,2,0,0,120.66,n/a
costsim-02018,B5-lite,mid_7b_vlm,Mid 7B VLM proxy,12000,4096,1344x1344,336x336,448x448,5,5,8,4,4,shared_all_resident,5696,3531.52,580,96,16207.52,15.828,True,2736.48,4,0,0,136.66,n/a
costsim-02019,B5-lite,mid_7b_vlm,Mid 7B VLM proxy,12000,4096,1344x1344,336x336,448x448,5,5,16,1,1,shared_all_resident,5696,3531.52,940,96,16567.52,16.179,True,2376.48,1,0,0,112.66,n/a
costsim-02020,B5-lite,mid_7b_vlm,Mid 7B VLM proxy,12000,4096,1344x1344,336x336,448x448,5,5,16,2,2,shared_all_resident,5696,3531.52,940,96,16567.52,16.179,True,2376.48,2,0,0,120.66,n/a
costsim-02021,B5-lite,mid_7b_vlm,Mid 7B VLM proxy,12000,4096,1344x1344,336x336,448x448,5,5,16,4,4,shared_all_resident,5696,3531.52,940,96,16567.52,16.179,True,2376.48,4,0,0,136.66,n/a
costsim-02022,B5-lite,mid_7b_vlm,Mid 7B VLM proxy,12000,4096,1344x1344,336x336,448x448,5,5,32,1,1,shared_all_resident,5696,3531.52,1660,96,17287.52,16.882,True,1656.48,1,0,0,112.66,n/a
costsim-02023,B5-lite,mid_7b_vlm,Mid 7B VLM proxy,12000,4096,1344x1344,336x336,448x448,5,5,32,2,2,shared_all_resident,5696,3531.52,1660,96,17287.52,16.882,True,1656.48,2,0,0,120.66,n/a
costsim-02024,B5-lite,mid_7b_vlm,Mid 7B VLM proxy,12000,4096,1344x1344,336x336,448x448,5,5,32,4,4,shared_all_resident,5696,3531.52,1660,96,17287.52,16.882,True,1656.48,4,0,0,136.66,n/a
costsim-02025,B5-lite,mid_7b_vlm,Mid 7B VLM proxy,12000,4096,1344x1344,448x448,336x336,1,1,4,1,1,shared_all_resident,1600,992.0,400,96,13488.0,13.172,True,5456.0,1,0,0,67.6,n/a
costsim-02026,B5-lite,mid_7b_vlm,Mid 7B VLM proxy,12000,4096,1344x1344,448x448,336x336,1,1,4,2,2,shared_all_resident,1600,992.0,400,96,13488.0,13.172,True,5456.0,2,0,0,75.6,n/a
costsim-02027,B5-lite,mid_7b_vlm,Mid 7B VLM proxy,12000,4096,1344x1344,448x448,336x336,1,1,4,4,4,shared_all_resident,1600,992.0,400,96,13488.0,13.172,True,5456.0,4,0,0,91.6,n/a
costsim-02028,B5-lite,mid_7b_vlm,Mid 7B VLM proxy,12000,4096,1344x1344,448x448,336x336,1,1,8,1,1,shared_all_resident,1600,992.0,580,96,13668.0,13.348,True,5276.0,1,0,0,67.6,n/a
costsim-02029,B5-lite,mid_7b_vlm,Mid 7B VLM proxy,12000,4096,1344x1344,448x448,336x336,1,1,8,2,2,shared_all_resident,1600,992.0,580,96,13668.0,13.348,True,5276.0,2,0,0,75.6,n/a
costsim-02030,B5-lite,mid_7b_vlm,Mid 7B VLM proxy,12000,4096,1344x1344,448x448,336x336,1,1,8,4,4,shared_all_resident,1600,992.0,580,96,13668.0,13.348,True,5276.0,4,0,0,91.6,n/a
costsim-02031,B5-lite,mid_7b_vlm,Mid 7B VLM proxy,12000,4096,1344x1344,448x448,336x336,1,1,16,1,1,shared_all_resident,1600,992.0,940,96,14028.0,13.699,True,4916.0,1,0,0,67.6,n/a
costsim-02032,B5-lite,mid_7b_vlm,Mid 7B VLM proxy,12000,4096,1344x1344,448x448,336x336,1,1,16,2,2,shared_all_resident,1600,992.0,940,96,14028.0,13.699,True,4916.0,2,0,0,75.6,n/a
costsim-02033,B5-lite,mid_7b_vlm,Mid 7B VLM proxy,12000,4096,1344x1344,448x448,336x336,1,1,16,4,4,shared_all_resident,1600,992.0,940,96,14028.0,13.699,True,4916.0,4,0,0,91.6,n/a
costsim-02034,B5-lite,mid_7b_vlm,Mid 7B VLM proxy,12000,4096,1344x1344,448x448,336x336,1,1,32,1,1,shared_all_resident,1600,992.0,1660,96,14748.0,14.402,True,4196.0,1,0,0,67.6,n/a
costsim-02035,B5-lite,mid_7b_vlm,Mid 7B VLM proxy,12000,4096,1344x1344,448x448,336x336,1,1,32,2,2,shared_all_resident,1600,992.0,1660,96,14748.0,14.402,True,4196.0,2,0,0,75.6,n/a
costsim-02036,B5-lite,mid_7b_vlm,Mid 7B VLM proxy,12000,4096,1344x1344,448x448,336x336,1,1,32,4,4,shared_all_resident,1600,992.0,1660,96,14748.0,14.402,True,4196.0,4,0,0,91.6,n/a
costsim-02037,B5-lite,mid_7b_vlm,Mid 7B VLM proxy,12000,4096,1344x1344,448x448,336x336,3,3,4,1,1,shared_all_resident,2752,1706.24,400,96,14202.24,13.869,True,4741.76,1,0,0,80.27,n/a
costsim-02038,B5-lite,mid_7b_vlm,Mid 7B VLM proxy,12000,4096,1344x1344,448x448,336x336,3,3,4,2,2,shared_all_resident,2752,1706.24,400,96,14202.24,13.869,True,4741.76,2,0,0,88.27,n/a
costsim-02039,B5-lite,mid_7b_vlm,Mid 7B VLM proxy,12000,4096,1344x1344,448x448,336x336,3,3,4,4,4,shared_all_resident,2752,1706.24,400,96,14202.24,13.869,True,4741.76,4,0,0,104.27,n/a
costsim-02040,B5-lite,mid_7b_vlm,Mid 7B VLM proxy,12000,4096,1344x1344,448x448,336x336,3,3,8,1,1,shared_all_resident,2752,1706.24,580,96,14382.24,14.045,True,4561.76,1,0,0,80.27,n/a
costsim-02041,B5-lite,mid_7b_vlm,Mid 7B VLM proxy,12000,4096,1344x1344,448x448,336x336,3,3,8,2,2,shared_all_resident,2752,1706.24,580,96,14382.24,14.045,True,4561.76,2,0,0,88.27,n/a
costsim-02042,B5-lite,mid_7b_vlm,Mid 7B VLM proxy,12000,4096,1344x1344,448x448,336x336,3,3,8,4,4,shared_all_resident,2752,1706.24,580,96,14382.24,14.045,True,4561.76,4,0,0,104.27,n/a
costsim-02043,B5-lite,mid_7b_vlm,Mid 7B VLM proxy,12000,4096,1344x1344,448x448,336x336,3,3,16,1,1,shared_all_resident,2752,1706.24,940,96,14742.24,14.397,True,4201.76,1,0,0,80.27,n/a
costsim-02044,B5-lite,mid_7b_vlm,Mid 7B VLM proxy,12000,4096,1344x1344,448x448,336x336,3,3,16,2,2,shared_all_resident,2752,1706.24,940,96,14742.24,14.397,True,4201.76,2,0,0,88.27,n/a
costsim-02045,B5-lite,mid_7b_vlm,Mid 7B VLM proxy,12000,4096,1344x1344,448x448,336x336,3,3,16,4,4,shared_all_resident,2752,1706.24,940,96,14742.24,14.397,True,4201.76,4,0,0,104.27,n/a
costsim-02046,B5-lite,mid_7b_vlm,Mid 7B VLM proxy,12000,4096,1344x1344,448x448,336x336,3,3,32,1,1,shared_all_resident,2752,1706.24,1660,96,15462.24,15.1,True,3481.76,1,0,0,80.27,n/a
costsim-02047,B5-lite,mid_7b_vlm,Mid 7B VLM proxy,12000,4096,1344x1344,448x448,336x336,3,3,32,2,2,shared_all_resident,2752,1706.24,1660,96,15462.24,15.1,True,3481.76,2,0,0,88.27,n/a
costsim-02048,B5-lite,mid_7b_vlm,Mid 7B VLM proxy,12000,4096,1344x1344,448x448,336x336,3,3,32,4,4,shared_all_resident,2752,1706.24,1660,96,15462.24,15.1,True,3481.76,4,0,0,104.27,n/a
costsim-02049,B5-lite,mid_7b_vlm,Mid 7B VLM proxy,12000,4096,1344x1344,448x448,336x336,5,5,4,1,1,shared_all_resident,3904,2420.48,400,96,14916.48,14.567,True,4027.52,1,0,0,92.94,n/a
costsim-02050,B5-lite,mid_7b_vlm,Mid 7B VLM proxy,12000,4096,1344x1344,448x448,336x336,5,5,4,2,2,shared_all_resident,3904,2420.48,400,96,14916.48,14.567,True,4027.52,2,0,0,100.94,n/a
costsim-02051,B5-lite,mid_7b_vlm,Mid 7B VLM proxy,12000,4096,1344x1344,448x448,336x336,5,5,4,4,4,shared_all_resident,3904,2420.48,400,96,14916.48,14.567,True,4027.52,4,0,0,116.94,n/a
costsim-02052,B5-lite,mid_7b_vlm,Mid 7B VLM proxy,12000,4096,1344x1344,448x448,336x336,5,5,8,1,1,shared_all_resident,3904,2420.48,580,96,15096.48,14.743,True,3847.52,1,0,0,92.94,n/a
costsim-02053,B5-lite,mid_7b_vlm,Mid 7B VLM proxy,12000,4096,1344x1344,448x448,336x336,5,5,8,2,2,shared_all_resident,3904,2420.48,580,96,15096.48,14.743,True,3847.52,2,0,0,100.94,n/a
costsim-02054,B5-lite,mid_7b_vlm,Mid 7B VLM proxy,12000,4096,1344x1344,448x448,336x336,5,5,8,4,4,shared_all_resident,3904,2420.48,580,96,15096.48,14.743,True,3847.52,4,0,0,116.94,n/a
costsim-02055,B5-lite,mid_7b_vlm,Mid 7B VLM proxy,12000,4096,1344x1344,448x448,336x336,5,5,16,1,1,shared_all_resident,3904,2420.48,940,96,15456.48,15.094,True,3487.52,1,0,0,92.94,n/a
costsim-02056,B5-lite,mid_7b_vlm,Mid 7B VLM proxy,12000,4096,1344x1344,448x448,336x336,5,5,16,2,2,shared_all_resident,3904,2420.48,940,96,15456.48,15.094,True,3487.52,2,0,0,100.94,n/a
costsim-02057,B5-lite,mid_7b_vlm,Mid 7B VLM proxy,12000,4096,1344x1344,448x448,336x336,5,5,16,4,4,shared_all_resident,3904,2420.48,940,96,15456.48,15.094,True,3487.52,4,0,0,116.94,n/a
costsim-02058,B5-lite,mid_7b_vlm,Mid 7B VLM proxy,12000,4096,1344x1344,448x448,336x336,5,5,32,1,1,shared_all_resident,3904,2420.48,1660,96,16176.48,15.797,True,2767.52,1,0,0,92.94,n/a
costsim-02059,B5-lite,mid_7b_vlm,Mid 7B VLM proxy,12000,4096,1344x1344,448x448,336x336,5,5,32,2,2,shared_all_resident,3904,2420.48,1660,96,16176.48,15.797,True,2767.52,2,0,0,100.94,n/a
costsim-02060,B5-lite,mid_7b_vlm,Mid 7B VLM proxy,12000,4096,1344x1344,448x448,336x336,5,5,32,4,4,shared_all_resident,3904,2420.48,1660,96,16176.48,15.797,True,2767.52,4,0,0,116.94,n/a
costsim-02061,B5-lite,mid_7b_vlm,Mid 7B VLM proxy,12000,4096,1344x1344,448x448,448x448,1,1,4,1,1,shared_all_resident,2048,1269.76,400,96,13765.76,13.443,True,5178.24,1,0,0,72.53,n/a
costsim-02062,B5-lite,mid_7b_vlm,Mid 7B VLM proxy,12000,4096,1344x1344,448x448,448x448,1,1,4,2,2,shared_all_resident,2048,1269.76,400,96,13765.76,13.443,True,5178.24,2,0,0,80.53,n/a
costsim-02063,B5-lite,mid_7b_vlm,Mid 7B VLM proxy,12000,4096,1344x1344,448x448,448x448,1,1,4,4,4,shared_all_resident,2048,1269.76,400,96,13765.76,13.443,True,5178.24,4,0,0,96.53,n/a
costsim-02064,B5-lite,mid_7b_vlm,Mid 7B VLM proxy,12000,4096,1344x1344,448x448,448x448,1,1,8,1,1,shared_all_resident,2048,1269.76,580,96,13945.76,13.619,True,4998.24,1,0,0,72.53,n/a
costsim-02065,B5-lite,mid_7b_vlm,Mid 7B VLM proxy,12000,4096,1344x1344,448x448,448x448,1,1,8,2,2,shared_all_resident,2048,1269.76,580,96,13945.76,13.619,True,4998.24,2,0,0,80.53,n/a
costsim-02066,B5-lite,mid_7b_vlm,Mid 7B VLM proxy,12000,4096,1344x1344,448x448,448x448,1,1,8,4,4,shared_all_resident,2048,1269.76,580,96,13945.76,13.619,True,4998.24,4,0,0,96.53,n/a
costsim-02067,B5-lite,mid_7b_vlm,Mid 7B VLM proxy,12000,4096,1344x1344,448x448,448x448,1,1,16,1,1,shared_all_resident,2048,1269.76,940,96,14305.76,13.97,True,4638.24,1,0,0,72.53,n/a
costsim-02068,B5-lite,mid_7b_vlm,Mid 7B VLM proxy,12000,4096,1344x1344,448x448,448x448,1,1,16,2,2,shared_all_resident,2048,1269.76,940,96,14305.76,13.97,True,4638.24,2,0,0,80.53,n/a
costsim-02069,B5-lite,mid_7b_vlm,Mid 7B VLM proxy,12000,4096,1344x1344,448x448,448x448,1,1,16,4,4,shared_all_resident,2048,1269.76,940,96,14305.76,13.97,True,4638.24,4,0,0,96.53,n/a
costsim-02070,B5-lite,mid_7b_vlm,Mid 7B VLM proxy,12000,4096,1344x1344,448x448,448x448,1,1,32,1,1,shared_all_resident,2048,1269.76,1660,96,15025.76,14.674,True,3918.24,1,0,0,72.53,n/a
costsim-02071,B5-lite,mid_7b_vlm,Mid 7B VLM proxy,12000,4096,1344x1344,448x448,448x448,1,1,32,2,2,shared_all_resident,2048,1269.76,1660,96,15025.76,14.674,True,3918.24,2,0,0,80.53,n/a
costsim-02072,B5-lite,mid_7b_vlm,Mid 7B VLM proxy,12000,4096,1344x1344,448x448,448x448,1,1,32,4,4,shared_all_resident,2048,1269.76,1660,96,15025.76,14.674,True,3918.24,4,0,0,96.53,n/a
costsim-02073,B5-lite,mid_7b_vlm,Mid 7B VLM proxy,12000,4096,1344x1344,448x448,448x448,3,3,4,1,1,shared_all_resident,4096,2539.52,400,96,15035.52,14.683,True,3908.48,1,0,0,95.06,n/a
costsim-02074,B5-lite,mid_7b_vlm,Mid 7B VLM proxy,12000,4096,1344x1344,448x448,448x448,3,3,4,2,2,shared_all_resident,4096,2539.52,400,96,15035.52,14.683,True,3908.48,2,0,0,103.06,n/a
costsim-02075,B5-lite,mid_7b_vlm,Mid 7B VLM proxy,12000,4096,1344x1344,448x448,448x448,3,3,4,4,4,shared_all_resident,4096,2539.52,400,96,15035.52,14.683,True,3908.48,4,0,0,119.06,n/a
costsim-02076,B5-lite,mid_7b_vlm,Mid 7B VLM proxy,12000,4096,1344x1344,448x448,448x448,3,3,8,1,1,shared_all_resident,4096,2539.52,580,96,15215.52,14.859,True,3728.48,1,0,0,95.06,n/a
costsim-02077,B5-lite,mid_7b_vlm,Mid 7B VLM proxy,12000,4096,1344x1344,448x448,448x448,3,3,8,2,2,shared_all_resident,4096,2539.52,580,96,15215.52,14.859,True,3728.48,2,0,0,103.06,n/a
costsim-02078,B5-lite,mid_7b_vlm,Mid 7B VLM proxy,12000,4096,1344x1344,448x448,448x448,3,3,8,4,4,shared_all_resident,4096,2539.52,580,96,15215.52,14.859,True,3728.48,4,0,0,119.06,n/a
costsim-02079,B5-lite,mid_7b_vlm,Mid 7B VLM proxy,12000,4096,1344x1344,448x448,448x448,3,3,16,1,1,shared_all_resident,4096,2539.52,940,96,15575.52,15.21,True,3368.48,1,0,0,95.06,n/a
costsim-02080,B5-lite,mid_7b_vlm,Mid 7B VLM proxy,12000,4096,1344x1344,448x448,448x448,3,3,16,2,2,shared_all_resident,4096,2539.52,940,96,15575.52,15.21,True,3368.48,2,0,0,103.06,n/a
costsim-02081,B5-lite,mid_7b_vlm,Mid 7B VLM proxy,12000,4096,1344x1344,448x448,448x448,3,3,16,4,4,shared_all_resident,4096,2539.52,940,96,15575.52,15.21,True,3368.48,4,0,0,119.06,n/a
costsim-02082,B5-lite,mid_7b_vlm,Mid 7B VLM proxy,12000,4096,1344x1344,448x448,448x448,3,3,32,1,1,shared_all_resident,4096,2539.52,1660,96,16295.52,15.914,True,2648.48,1,0,0,95.06,n/a
costsim-02083,B5-lite,mid_7b_vlm,Mid 7B VLM proxy,12000,4096,1344x1344,448x448,448x448,3,3,32,2,2,shared_all_resident,4096,2539.52,1660,96,16295.52,15.914,True,2648.48,2,0,0,103.06,n/a
costsim-02084,B5-lite,mid_7b_vlm,Mid 7B VLM proxy,12000,4096,1344x1344,448x448,448x448,3,3,32,4,4,shared_all_resident,4096,2539.52,1660,96,16295.52,15.914,True,2648.48,4,0,0,119.06,n/a
costsim-02085,B5-lite,mid_7b_vlm,Mid 7B VLM proxy,12000,4096,1344x1344,448x448,448x448,5,5,4,1,1,shared_all_resident,6144,3809.28,400,96,16305.28,15.923,True,2638.72,1,0,0,117.58,n/a
costsim-02086,B5-lite,mid_7b_vlm,Mid 7B VLM proxy,12000,4096,1344x1344,448x448,448x448,5,5,4,2,2,shared_all_resident,6144,3809.28,400,96,16305.28,15.923,True,2638.72,2,0,0,125.58,n/a
costsim-02087,B5-lite,mid_7b_vlm,Mid 7B VLM proxy,12000,4096,1344x1344,448x448,448x448,5,5,4,4,4,shared_all_resident,6144,3809.28,400,96,16305.28,15.923,True,2638.72,4,0,0,141.58,n/a
costsim-02088,B5-lite,mid_7b_vlm,Mid 7B VLM proxy,12000,4096,1344x1344,448x448,448x448,5,5,8,1,1,shared_all_resident,6144,3809.28,580,96,16485.28,16.099,True,2458.72,1,0,0,117.58,n/a
costsim-02089,B5-lite,mid_7b_vlm,Mid 7B VLM proxy,12000,4096,1344x1344,448x448,448x448,5,5,8,2,2,shared_all_resident,6144,3809.28,580,96,16485.28,16.099,True,2458.72,2,0,0,125.58,n/a
costsim-02090,B5-lite,mid_7b_vlm,Mid 7B VLM proxy,12000,4096,1344x1344,448x448,448x448,5,5,8,4,4,shared_all_resident,6144,3809.28,580,96,16485.28,16.099,True,2458.72,4,0,0,141.58,n/a
costsim-02091,B5-lite,mid_7b_vlm,Mid 7B VLM proxy,12000,4096,1344x1344,448x448,448x448,5,5,16,1,1,shared_all_resident,6144,3809.28,940,96,16845.28,16.45,True,2098.72,1,0,0,117.58,n/a
costsim-02092,B5-lite,mid_7b_vlm,Mid 7B VLM proxy,12000,4096,1344x1344,448x448,448x448,5,5,16,2,2,shared_all_resident,6144,3809.28,940,96,16845.28,16.45,True,2098.72,2,0,0,125.58,n/a
costsim-02093,B5-lite,mid_7b_vlm,Mid 7B VLM proxy,12000,4096,1344x1344,448x448,448x448,5,5,16,4,4,shared_all_resident,6144,3809.28,940,96,16845.28,16.45,True,2098.72,4,0,0,141.58,n/a
costsim-02094,B5-lite,mid_7b_vlm,Mid 7B VLM proxy,12000,4096,1344x1344,448x448,448x448,5,5,32,1,1,shared_all_resident,6144,3809.28,1660,96,17565.28,17.154,True,1378.72,1,0,0,117.58,n/a
costsim-02095,B5-lite,mid_7b_vlm,Mid 7B VLM proxy,12000,4096,1344x1344,448x448,448x448,5,5,32,2,2,shared_all_resident,6144,3809.28,1660,96,17565.28,17.154,True,1378.72,2,0,0,125.58,n/a
costsim-02096,B5-lite,mid_7b_vlm,Mid 7B VLM proxy,12000,4096,1344x1344,448x448,448x448,5,5,32,4,4,shared_all_resident,6144,3809.28,1660,96,17565.28,17.154,True,1378.72,4,0,0,141.58,n/a
costsim-02097,B7-lite,mid_7b_vlm,Mid 7B VLM proxy,12000,4096,1344x1344,336x336,336x336,1,1,4,1,1,shared_budget_conditioned,1152,714.24,265,96,13075.24,12.769,True,5868.76,1,0,0,62.67,allow_initial_plan
costsim-02098,B7-lite,mid_7b_vlm,Mid 7B VLM proxy,12000,4096,1344x1344,336x336,336x336,1,1,4,2,2,shared_budget_conditioned,1152,714.24,310,96,13120.24,12.813,True,5823.76,2,0,0,70.67,allow_initial_plan
costsim-02099,B7-lite,mid_7b_vlm,Mid 7B VLM proxy,12000,4096,1344x1344,336x336,336x336,1,1,4,4,4,shared_budget_conditioned,1152,714.24,400,180,13294.24,12.983,True,5649.76,4,0,0,86.67,allow_initial_plan
costsim-02100,B7-lite,mid_7b_vlm,Mid 7B VLM proxy,12000,4096,1344x1344,336x336,336x336,1,1,8,1,1,shared_budget_conditioned,1152,714.24,265,96,13075.24,12.769,True,5868.76,1,0,0,62.67,allow_initial_plan
costsim-02101,B7-lite,mid_7b_vlm,Mid 7B VLM proxy,12000,4096,1344x1344,336x336,336x336,1,1,8,2,2,shared_budget_conditioned,1152,714.24,310,96,13120.24,12.813,True,5823.76,2,0,0,70.67,allow_initial_plan
costsim-02102,B7-lite,mid_7b_vlm,Mid 7B VLM proxy,12000,4096,1344x1344,336x336,336x336,1,1,8,4,4,shared_budget_conditioned,1152,714.24,400,180,13294.24,12.983,True,5649.76,4,0,0,86.67,allow_initial_plan
costsim-02103,B7-lite,mid_7b_vlm,Mid 7B VLM proxy,12000,4096,1344x1344,336x336,336x336,1,1,16,1,1,shared_budget_conditioned,1152,714.24,265,96,13075.24,12.769,True,5868.76,1,0,0,62.67,allow_initial_plan
costsim-02104,B7-lite,mid_7b_vlm,Mid 7B VLM proxy,12000,4096,1344x1344,336x336,336x336,1,1,16,2,2,shared_budget_conditioned,1152,714.24,310,96,13120.24,12.813,True,5823.76,2,0,0,70.67,allow_initial_plan
costsim-02105,B7-lite,mid_7b_vlm,Mid 7B VLM proxy,12000,4096,1344x1344,336x336,336x336,1,1,16,4,4,shared_budget_conditioned,1152,714.24,400,180,13294.24,12.983,True,5649.76,4,0,0,86.67,allow_initial_plan
costsim-02106,B7-lite,mid_7b_vlm,Mid 7B VLM proxy,12000,4096,1344x1344,336x336,336x336,1,1,32,1,1,shared_budget_conditioned,1152,714.24,265,96,13075.24,12.769,True,5868.76,1,0,0,62.67,allow_initial_plan
costsim-02107,B7-lite,mid_7b_vlm,Mid 7B VLM proxy,12000,4096,1344x1344,336x336,336x336,1,1,32,2,2,shared_budget_conditioned,1152,714.24,310,96,13120.24,12.813,True,5823.76,2,0,0,70.67,allow_initial_plan
costsim-02108,B7-lite,mid_7b_vlm,Mid 7B VLM proxy,12000,4096,1344x1344,336x336,336x336,1,1,32,4,4,shared_budget_conditioned,1152,714.24,400,180,13294.24,12.983,True,5649.76,4,0,0,86.67,allow_initial_plan
costsim-02109,B7-lite,mid_7b_vlm,Mid 7B VLM proxy,12000,4096,1344x1344,336x336,336x336,3,3,4,1,1,shared_budget_conditioned,2304,1428.48,265,96,13789.48,13.466,True,5154.52,1,0,0,75.34,allow_initial_plan
costsim-02110,B7-lite,mid_7b_vlm,Mid 7B VLM proxy,12000,4096,1344x1344,336x336,336x336,3,3,4,2,2,shared_budget_conditioned,2304,1428.48,310,96,13834.48,13.51,True,5109.52,2,0,0,83.34,allow_initial_plan
costsim-02111,B7-lite,mid_7b_vlm,Mid 7B VLM proxy,12000,4096,1344x1344,336x336,336x336,3,3,4,4,4,shared_budget_conditioned,2304,1428.48,400,180,14008.48,13.68,True,4935.52,4,0,0,99.34,allow_initial_plan
costsim-02112,B7-lite,mid_7b_vlm,Mid 7B VLM proxy,12000,4096,1344x1344,336x336,336x336,3,3,8,1,1,shared_budget_conditioned,2304,1428.48,265,96,13789.48,13.466,True,5154.52,1,0,0,75.34,allow_initial_plan
costsim-02113,B7-lite,mid_7b_vlm,Mid 7B VLM proxy,12000,4096,1344x1344,336x336,336x336,3,3,8,2,2,shared_budget_conditioned,2304,1428.48,310,96,13834.48,13.51,True,5109.52,2,0,0,83.34,allow_initial_plan
costsim-02114,B7-lite,mid_7b_vlm,Mid 7B VLM proxy,12000,4096,1344x1344,336x336,336x336,3,3,8,4,4,shared_budget_conditioned,2304,1428.48,400,180,14008.48,13.68,True,4935.52,4,0,0,99.34,allow_initial_plan
costsim-02115,B7-lite,mid_7b_vlm,Mid 7B VLM proxy,12000,4096,1344x1344,336x336,336x336,3,3,16,1,1,shared_budget_conditioned,2304,1428.48,265,96,13789.48,13.466,True,5154.52,1,0,0,75.34,allow_initial_plan
costsim-02116,B7-lite,mid_7b_vlm,Mid 7B VLM proxy,12000,4096,1344x1344,336x336,336x336,3,3,16,2,2,shared_budget_conditioned,2304,1428.48,310,96,13834.48,13.51,True,5109.52,2,0,0,83.34,allow_initial_plan
costsim-02117,B7-lite,mid_7b_vlm,Mid 7B VLM proxy,12000,4096,1344x1344,336x336,336x336,3,3,16,4,4,shared_budget_conditioned,2304,1428.48,400,180,14008.48,13.68,True,4935.52,4,0,0,99.34,allow_initial_plan
costsim-02118,B7-lite,mid_7b_vlm,Mid 7B VLM proxy,12000,4096,1344x1344,336x336,336x336,3,3,32,1,1,shared_budget_conditioned,2304,1428.48,265,96,13789.48,13.466,True,5154.52,1,0,0,75.34,allow_initial_plan
costsim-02119,B7-lite,mid_7b_vlm,Mid 7B VLM proxy,12000,4096,1344x1344,336x336,336x336,3,3,32,2,2,shared_budget_conditioned,2304,1428.48,310,96,13834.48,13.51,True,5109.52,2,0,0,83.34,allow_initial_plan
costsim-02120,B7-lite,mid_7b_vlm,Mid 7B VLM proxy,12000,4096,1344x1344,336x336,336x336,3,3,32,4,4,shared_budget_conditioned,2304,1428.48,400,180,14008.48,13.68,True,4935.52,4,0,0,99.34,allow_initial_plan
costsim-02121,B7-lite,mid_7b_vlm,Mid 7B VLM proxy,12000,4096,1344x1344,336x336,336x336,5,5,4,1,1,shared_budget_conditioned,3456,2142.72,265,96,14503.72,14.164,True,4440.28,1,0,0,88.02,allow_initial_plan
costsim-02122,B7-lite,mid_7b_vlm,Mid 7B VLM proxy,12000,4096,1344x1344,336x336,336x336,5,5,4,2,2,shared_budget_conditioned,3456,2142.72,310,96,14548.72,14.208,True,4395.28,2,0,0,96.02,allow_initial_plan
costsim-02123,B7-lite,mid_7b_vlm,Mid 7B VLM proxy,12000,4096,1344x1344,336x336,336x336,5,5,4,4,4,shared_budget_conditioned,3456,2142.72,400,180,14722.72,14.378,True,4221.28,4,0,0,112.02,allow_initial_plan
costsim-02124,B7-lite,mid_7b_vlm,Mid 7B VLM proxy,12000,4096,1344x1344,336x336,336x336,5,5,8,1,1,shared_budget_conditioned,3456,2142.72,265,96,14503.72,14.164,True,4440.28,1,0,0,88.02,allow_initial_plan
costsim-02125,B7-lite,mid_7b_vlm,Mid 7B VLM proxy,12000,4096,1344x1344,336x336,336x336,5,5,8,2,2,shared_budget_conditioned,3456,2142.72,310,96,14548.72,14.208,True,4395.28,2,0,0,96.02,allow_initial_plan
costsim-02126,B7-lite,mid_7b_vlm,Mid 7B VLM proxy,12000,4096,1344x1344,336x336,336x336,5,5,8,4,4,shared_budget_conditioned,3456,2142.72,400,180,14722.72,14.378,True,4221.28,4,0,0,112.02,allow_initial_plan
costsim-02127,B7-lite,mid_7b_vlm,Mid 7B VLM proxy,12000,4096,1344x1344,336x336,336x336,5,5,16,1,1,shared_budget_conditioned,3456,2142.72,265,96,14503.72,14.164,True,4440.28,1,0,0,88.02,allow_initial_plan
costsim-02128,B7-lite,mid_7b_vlm,Mid 7B VLM proxy,12000,4096,1344x1344,336x336,336x336,5,5,16,2,2,shared_budget_conditioned,3456,2142.72,310,96,14548.72,14.208,True,4395.28,2,0,0,96.02,allow_initial_plan
costsim-02129,B7-lite,mid_7b_vlm,Mid 7B VLM proxy,12000,4096,1344x1344,336x336,336x336,5,5,16,4,4,shared_budget_conditioned,3456,2142.72,400,180,14722.72,14.378,True,4221.28,4,0,0,112.02,allow_initial_plan
costsim-02130,B7-lite,mid_7b_vlm,Mid 7B VLM proxy,12000,4096,1344x1344,336x336,336x336,5,5,32,1,1,shared_budget_conditioned,3456,2142.72,265,96,14503.72,14.164,True,4440.28,1,0,0,88.02,allow_initial_plan
costsim-02131,B7-lite,mid_7b_vlm,Mid 7B VLM proxy,12000,4096,1344x1344,336x336,336x336,5,5,32,2,2,shared_budget_conditioned,3456,2142.72,310,96,14548.72,14.208,True,4395.28,2,0,0,96.02,allow_initial_plan
costsim-02132,B7-lite,mid_7b_vlm,Mid 7B VLM proxy,12000,4096,1344x1344,336x336,336x336,5,5,32,4,4,shared_budget_conditioned,3456,2142.72,400,180,14722.72,14.378,True,4221.28,4,0,0,112.02,allow_initial_plan
costsim-02133,B7-lite,mid_7b_vlm,Mid 7B VLM proxy,12000,4096,1344x1344,336x336,448x448,1,1,4,1,1,shared_budget_conditioned,1600,992.0,265,96,13353.0,13.04,True,5591.0,1,0,0,67.6,allow_initial_plan
costsim-02134,B7-lite,mid_7b_vlm,Mid 7B VLM proxy,12000,4096,1344x1344,336x336,448x448,1,1,4,2,2,shared_budget_conditioned,1600,992.0,310,96,13398.0,13.084,True,5546.0,2,0,0,75.6,allow_initial_plan
costsim-02135,B7-lite,mid_7b_vlm,Mid 7B VLM proxy,12000,4096,1344x1344,336x336,448x448,1,1,4,4,4,shared_budget_conditioned,1600,992.0,400,180,13572.0,13.254,True,5372.0,4,0,0,91.6,allow_initial_plan
costsim-02136,B7-lite,mid_7b_vlm,Mid 7B VLM proxy,12000,4096,1344x1344,336x336,448x448,1,1,8,1,1,shared_budget_conditioned,1600,992.0,265,96,13353.0,13.04,True,5591.0,1,0,0,67.6,allow_initial_plan
costsim-02137,B7-lite,mid_7b_vlm,Mid 7B VLM proxy,12000,4096,1344x1344,336x336,448x448,1,1,8,2,2,shared_budget_conditioned,1600,992.0,310,96,13398.0,13.084,True,5546.0,2,0,0,75.6,allow_initial_plan
costsim-02138,B7-lite,mid_7b_vlm,Mid 7B VLM proxy,12000,4096,1344x1344,336x336,448x448,1,1,8,4,4,shared_budget_conditioned,1600,992.0,400,180,13572.0,13.254,True,5372.0,4,0,0,91.6,allow_initial_plan
costsim-02139,B7-lite,mid_7b_vlm,Mid 7B VLM proxy,12000,4096,1344x1344,336x336,448x448,1,1,16,1,1,shared_budget_conditioned,1600,992.0,265,96,13353.0,13.04,True,5591.0,1,0,0,67.6,allow_initial_plan
costsim-02140,B7-lite,mid_7b_vlm,Mid 7B VLM proxy,12000,4096,1344x1344,336x336,448x448,1,1,16,2,2,shared_budget_conditioned,1600,992.0,310,96,13398.0,13.084,True,5546.0,2,0,0,75.6,allow_initial_plan
costsim-02141,B7-lite,mid_7b_vlm,Mid 7B VLM proxy,12000,4096,1344x1344,336x336,448x448,1,1,16,4,4,shared_budget_conditioned,1600,992.0,400,180,13572.0,13.254,True,5372.0,4,0,0,91.6,allow_initial_plan
costsim-02142,B7-lite,mid_7b_vlm,Mid 7B VLM proxy,12000,4096,1344x1344,336x336,448x448,1,1,32,1,1,shared_budget_conditioned,1600,992.0,265,96,13353.0,13.04,True,5591.0,1,0,0,67.6,allow_initial_plan
costsim-02143,B7-lite,mid_7b_vlm,Mid 7B VLM proxy,12000,4096,1344x1344,336x336,448x448,1,1,32,2,2,shared_budget_conditioned,1600,992.0,310,96,13398.0,13.084,True,5546.0,2,0,0,75.6,allow_initial_plan
costsim-02144,B7-lite,mid_7b_vlm,Mid 7B VLM proxy,12000,4096,1344x1344,336x336,448x448,1,1,32,4,4,shared_budget_conditioned,1600,992.0,400,180,13572.0,13.254,True,5372.0,4,0,0,91.6,allow_initial_plan
costsim-02145,B7-lite,mid_7b_vlm,Mid 7B VLM proxy,12000,4096,1344x1344,336x336,448x448,3,3,4,1,1,shared_budget_conditioned,3648,2261.76,265,96,14622.76,14.28,True,4321.24,1,0,0,90.13,allow_initial_plan
costsim-02146,B7-lite,mid_7b_vlm,Mid 7B VLM proxy,12000,4096,1344x1344,336x336,448x448,3,3,4,2,2,shared_budget_conditioned,3648,2261.76,310,96,14667.76,14.324,True,4276.24,2,0,0,98.13,allow_initial_plan
costsim-02147,B7-lite,mid_7b_vlm,Mid 7B VLM proxy,12000,4096,1344x1344,336x336,448x448,3,3,4,4,4,shared_budget_conditioned,3648,2261.76,400,180,14841.76,14.494,True,4102.24,4,0,0,114.13,allow_initial_plan
costsim-02148,B7-lite,mid_7b_vlm,Mid 7B VLM proxy,12000,4096,1344x1344,336x336,448x448,3,3,8,1,1,shared_budget_conditioned,3648,2261.76,265,96,14622.76,14.28,True,4321.24,1,0,0,90.13,allow_initial_plan
costsim-02149,B7-lite,mid_7b_vlm,Mid 7B VLM proxy,12000,4096,1344x1344,336x336,448x448,3,3,8,2,2,shared_budget_conditioned,3648,2261.76,310,96,14667.76,14.324,True,4276.24,2,0,0,98.13,allow_initial_plan
costsim-02150,B7-lite,mid_7b_vlm,Mid 7B VLM proxy,12000,4096,1344x1344,336x336,448x448,3,3,8,4,4,shared_budget_conditioned,3648,2261.76,400,180,14841.76,14.494,True,4102.24,4,0,0,114.13,allow_initial_plan
costsim-02151,B7-lite,mid_7b_vlm,Mid 7B VLM proxy,12000,4096,1344x1344,336x336,448x448,3,3,16,1,1,shared_budget_conditioned,3648,2261.76,265,96,14622.76,14.28,True,4321.24,1,0,0,90.13,allow_initial_plan
costsim-02152,B7-lite,mid_7b_vlm,Mid 7B VLM proxy,12000,4096,1344x1344,336x336,448x448,3,3,16,2,2,shared_budget_conditioned,3648,2261.76,310,96,14667.76,14.324,True,4276.24,2,0,0,98.13,allow_initial_plan
costsim-02153,B7-lite,mid_7b_vlm,Mid 7B VLM proxy,12000,4096,1344x1344,336x336,448x448,3,3,16,4,4,shared_budget_conditioned,3648,2261.76,400,180,14841.76,14.494,True,4102.24,4,0,0,114.13,allow_initial_plan
costsim-02154,B7-lite,mid_7b_vlm,Mid 7B VLM proxy,12000,4096,1344x1344,336x336,448x448,3,3,32,1,1,shared_budget_conditioned,3648,2261.76,265,96,14622.76,14.28,True,4321.24,1,0,0,90.13,allow_initial_plan
costsim-02155,B7-lite,mid_7b_vlm,Mid 7B VLM proxy,12000,4096,1344x1344,336x336,448x448,3,3,32,2,2,shared_budget_conditioned,3648,2261.76,310,96,14667.76,14.324,True,4276.24,2,0,0,98.13,allow_initial_plan
costsim-02156,B7-lite,mid_7b_vlm,Mid 7B VLM proxy,12000,4096,1344x1344,336x336,448x448,3,3,32,4,4,shared_budget_conditioned,3648,2261.76,400,180,14841.76,14.494,True,4102.24,4,0,0,114.13,allow_initial_plan
costsim-02157,B7-lite,mid_7b_vlm,Mid 7B VLM proxy,12000,4096,1344x1344,336x336,448x448,5,5,4,1,1,shared_budget_conditioned,5696,3531.52,265,96,15892.52,15.52,True,3051.48,1,0,0,112.66,allow_initial_plan
costsim-02158,B7-lite,mid_7b_vlm,Mid 7B VLM proxy,12000,4096,1344x1344,336x336,448x448,5,5,4,2,2,shared_budget_conditioned,5696,3531.52,310,96,15937.52,15.564,True,3006.48,2,0,0,120.66,allow_initial_plan
costsim-02159,B7-lite,mid_7b_vlm,Mid 7B VLM proxy,12000,4096,1344x1344,336x336,448x448,5,5,4,4,4,shared_budget_conditioned,5696,3531.52,400,180,16111.52,15.734,True,2832.48,4,0,0,136.66,allow_initial_plan
costsim-02160,B7-lite,mid_7b_vlm,Mid 7B VLM proxy,12000,4096,1344x1344,336x336,448x448,5,5,8,1,1,shared_budget_conditioned,5696,3531.52,265,96,15892.52,15.52,True,3051.48,1,0,0,112.66,allow_initial_plan
costsim-02161,B7-lite,mid_7b_vlm,Mid 7B VLM proxy,12000,4096,1344x1344,336x336,448x448,5,5,8,2,2,shared_budget_conditioned,5696,3531.52,310,96,15937.52,15.564,True,3006.48,2,0,0,120.66,allow_initial_plan
costsim-02162,B7-lite,mid_7b_vlm,Mid 7B VLM proxy,12000,4096,1344x1344,336x336,448x448,5,5,8,4,4,shared_budget_conditioned,5696,3531.52,400,180,16111.52,15.734,True,2832.48,4,0,0,136.66,allow_initial_plan
costsim-02163,B7-lite,mid_7b_vlm,Mid 7B VLM proxy,12000,4096,1344x1344,336x336,448x448,5,5,16,1,1,shared_budget_conditioned,5696,3531.52,265,96,15892.52,15.52,True,3051.48,1,0,0,112.66,allow_initial_plan
costsim-02164,B7-lite,mid_7b_vlm,Mid 7B VLM proxy,12000,4096,1344x1344,336x336,448x448,5,5,16,2,2,shared_budget_conditioned,5696,3531.52,310,96,15937.52,15.564,True,3006.48,2,0,0,120.66,allow_initial_plan
costsim-02165,B7-lite,mid_7b_vlm,Mid 7B VLM proxy,12000,4096,1344x1344,336x336,448x448,5,5,16,4,4,shared_budget_conditioned,5696,3531.52,400,180,16111.52,15.734,True,2832.48,4,0,0,136.66,allow_initial_plan
costsim-02166,B7-lite,mid_7b_vlm,Mid 7B VLM proxy,12000,4096,1344x1344,336x336,448x448,5,5,32,1,1,shared_budget_conditioned,5696,3531.52,265,96,15892.52,15.52,True,3051.48,1,0,0,112.66,allow_initial_plan
costsim-02167,B7-lite,mid_7b_vlm,Mid 7B VLM proxy,12000,4096,1344x1344,336x336,448x448,5,5,32,2,2,shared_budget_conditioned,5696,3531.52,310,96,15937.52,15.564,True,3006.48,2,0,0,120.66,allow_initial_plan
costsim-02168,B7-lite,mid_7b_vlm,Mid 7B VLM proxy,12000,4096,1344x1344,336x336,448x448,5,5,32,4,4,shared_budget_conditioned,5696,3531.52,400,180,16111.52,15.734,True,2832.48,4,0,0,136.66,allow_initial_plan
costsim-02169,B7-lite,mid_7b_vlm,Mid 7B VLM proxy,12000,4096,1344x1344,448x448,336x336,1,1,4,1,1,shared_budget_conditioned,1600,992.0,265,96,13353.0,13.04,True,5591.0,1,0,0,67.6,allow_initial_plan
costsim-02170,B7-lite,mid_7b_vlm,Mid 7B VLM proxy,12000,4096,1344x1344,448x448,336x336,1,1,4,2,2,shared_budget_conditioned,1600,992.0,310,96,13398.0,13.084,True,5546.0,2,0,0,75.6,allow_initial_plan
costsim-02171,B7-lite,mid_7b_vlm,Mid 7B VLM proxy,12000,4096,1344x1344,448x448,336x336,1,1,4,4,4,shared_budget_conditioned,1600,992.0,400,180,13572.0,13.254,True,5372.0,4,0,0,91.6,allow_initial_plan
costsim-02172,B7-lite,mid_7b_vlm,Mid 7B VLM proxy,12000,4096,1344x1344,448x448,336x336,1,1,8,1,1,shared_budget_conditioned,1600,992.0,265,96,13353.0,13.04,True,5591.0,1,0,0,67.6,allow_initial_plan
costsim-02173,B7-lite,mid_7b_vlm,Mid 7B VLM proxy,12000,4096,1344x1344,448x448,336x336,1,1,8,2,2,shared_budget_conditioned,1600,992.0,310,96,13398.0,13.084,True,5546.0,2,0,0,75.6,allow_initial_plan
costsim-02174,B7-lite,mid_7b_vlm,Mid 7B VLM proxy,12000,4096,1344x1344,448x448,336x336,1,1,8,4,4,shared_budget_conditioned,1600,992.0,400,180,13572.0,13.254,True,5372.0,4,0,0,91.6,allow_initial_plan
costsim-02175,B7-lite,mid_7b_vlm,Mid 7B VLM proxy,12000,4096,1344x1344,448x448,336x336,1,1,16,1,1,shared_budget_conditioned,1600,992.0,265,96,13353.0,13.04,True,5591.0,1,0,0,67.6,allow_initial_plan
costsim-02176,B7-lite,mid_7b_vlm,Mid 7B VLM proxy,12000,4096,1344x1344,448x448,336x336,1,1,16,2,2,shared_budget_conditioned,1600,992.0,310,96,13398.0,13.084,True,5546.0,2,0,0,75.6,allow_initial_plan
costsim-02177,B7-lite,mid_7b_vlm,Mid 7B VLM proxy,12000,4096,1344x1344,448x448,336x336,1,1,16,4,4,shared_budget_conditioned,1600,992.0,400,180,13572.0,13.254,True,5372.0,4,0,0,91.6,allow_initial_plan
costsim-02178,B7-lite,mid_7b_vlm,Mid 7B VLM proxy,12000,4096,1344x1344,448x448,336x336,1,1,32,1,1,shared_budget_conditioned,1600,992.0,265,96,13353.0,13.04,True,5591.0,1,0,0,67.6,allow_initial_plan
costsim-02179,B7-lite,mid_7b_vlm,Mid 7B VLM proxy,12000,4096,1344x1344,448x448,336x336,1,1,32,2,2,shared_budget_conditioned,1600,992.0,310,96,13398.0,13.084,True,5546.0,2,0,0,75.6,allow_initial_plan
costsim-02180,B7-lite,mid_7b_vlm,Mid 7B VLM proxy,12000,4096,1344x1344,448x448,336x336,1,1,32,4,4,shared_budget_conditioned,1600,992.0,400,180,13572.0,13.254,True,5372.0,4,0,0,91.6,allow_initial_plan
costsim-02181,B7-lite,mid_7b_vlm,Mid 7B VLM proxy,12000,4096,1344x1344,448x448,336x336,3,3,4,1,1,shared_budget_conditioned,2752,1706.24,265,96,14067.24,13.738,True,4876.76,1,0,0,80.27,allow_initial_plan
costsim-02182,B7-lite,mid_7b_vlm,Mid 7B VLM proxy,12000,4096,1344x1344,448x448,336x336,3,3,4,2,2,shared_budget_conditioned,2752,1706.24,310,96,14112.24,13.781,True,4831.76,2,0,0,88.27,allow_initial_plan
costsim-02183,B7-lite,mid_7b_vlm,Mid 7B VLM proxy,12000,4096,1344x1344,448x448,336x336,3,3,4,4,4,shared_budget_conditioned,2752,1706.24,400,180,14286.24,13.951,True,4657.76,4,0,0,104.27,allow_initial_plan
costsim-02184,B7-lite,mid_7b_vlm,Mid 7B VLM proxy,12000,4096,1344x1344,448x448,336x336,3,3,8,1,1,shared_budget_conditioned,2752,1706.24,265,96,14067.24,13.738,True,4876.76,1,0,0,80.27,allow_initial_plan
costsim-02185,B7-lite,mid_7b_vlm,Mid 7B VLM proxy,12000,4096,1344x1344,448x448,336x336,3,3,8,2,2,shared_budget_conditioned,2752,1706.24,310,96,14112.24,13.781,True,4831.76,2,0,0,88.27,allow_initial_plan
costsim-02186,B7-lite,mid_7b_vlm,Mid 7B VLM proxy,12000,4096,1344x1344,448x448,336x336,3,3,8,4,4,shared_budget_conditioned,2752,1706.24,400,180,14286.24,13.951,True,4657.76,4,0,0,104.27,allow_initial_plan
costsim-02187,B7-lite,mid_7b_vlm,Mid 7B VLM proxy,12000,4096,1344x1344,448x448,336x336,3,3,16,1,1,shared_budget_conditioned,2752,1706.24,265,96,14067.24,13.738,True,4876.76,1,0,0,80.27,allow_initial_plan
costsim-02188,B7-lite,mid_7b_vlm,Mid 7B VLM proxy,12000,4096,1344x1344,448x448,336x336,3,3,16,2,2,shared_budget_conditioned,2752,1706.24,310,96,14112.24,13.781,True,4831.76,2,0,0,88.27,allow_initial_plan
costsim-02189,B7-lite,mid_7b_vlm,Mid 7B VLM proxy,12000,4096,1344x1344,448x448,336x336,3,3,16,4,4,shared_budget_conditioned,2752,1706.24,400,180,14286.24,13.951,True,4657.76,4,0,0,104.27,allow_initial_plan
costsim-02190,B7-lite,mid_7b_vlm,Mid 7B VLM proxy,12000,4096,1344x1344,448x448,336x336,3,3,32,1,1,shared_budget_conditioned,2752,1706.24,265,96,14067.24,13.738,True,4876.76,1,0,0,80.27,allow_initial_plan
costsim-02191,B7-lite,mid_7b_vlm,Mid 7B VLM proxy,12000,4096,1344x1344,448x448,336x336,3,3,32,2,2,shared_budget_conditioned,2752,1706.24,310,96,14112.24,13.781,True,4831.76,2,0,0,88.27,allow_initial_plan
costsim-02192,B7-lite,mid_7b_vlm,Mid 7B VLM proxy,12000,4096,1344x1344,448x448,336x336,3,3,32,4,4,shared_budget_conditioned,2752,1706.24,400,180,14286.24,13.951,True,4657.76,4,0,0,104.27,allow_initial_plan
costsim-02193,B7-lite,mid_7b_vlm,Mid 7B VLM proxy,12000,4096,1344x1344,448x448,336x336,5,5,4,1,1,shared_budget_conditioned,3904,2420.48,265,96,14781.48,14.435,True,4162.52,1,0,0,92.94,allow_initial_plan
costsim-02194,B7-lite,mid_7b_vlm,Mid 7B VLM proxy,12000,4096,1344x1344,448x448,336x336,5,5,4,2,2,shared_budget_conditioned,3904,2420.48,310,96,14826.48,14.479,True,4117.52,2,0,0,100.94,allow_initial_plan
costsim-02195,B7-lite,mid_7b_vlm,Mid 7B VLM proxy,12000,4096,1344x1344,448x448,336x336,5,5,4,4,4,shared_budget_conditioned,3904,2420.48,400,180,15000.48,14.649,True,3943.52,4,0,0,116.94,allow_initial_plan
costsim-02196,B7-lite,mid_7b_vlm,Mid 7B VLM proxy,12000,4096,1344x1344,448x448,336x336,5,5,8,1,1,shared_budget_conditioned,3904,2420.48,265,96,14781.48,14.435,True,4162.52,1,0,0,92.94,allow_initial_plan
costsim-02197,B7-lite,mid_7b_vlm,Mid 7B VLM proxy,12000,4096,1344x1344,448x448,336x336,5,5,8,2,2,shared_budget_conditioned,3904,2420.48,310,96,14826.48,14.479,True,4117.52,2,0,0,100.94,allow_initial_plan
costsim-02198,B7-lite,mid_7b_vlm,Mid 7B VLM proxy,12000,4096,1344x1344,448x448,336x336,5,5,8,4,4,shared_budget_conditioned,3904,2420.48,400,180,15000.48,14.649,True,3943.52,4,0,0,116.94,allow_initial_plan
costsim-02199,B7-lite,mid_7b_vlm,Mid 7B VLM proxy,12000,4096,1344x1344,448x448,336x336,5,5,16,1,1,shared_budget_conditioned,3904,2420.48,265,96,14781.48,14.435,True,4162.52,1,0,0,92.94,allow_initial_plan
costsim-02200,B7-lite,mid_7b_vlm,Mid 7B VLM proxy,12000,4096,1344x1344,448x448,336x336,5,5,16,2,2,shared_budget_conditioned,3904,2420.48,310,96,14826.48,14.479,True,4117.52,2,0,0,100.94,allow_initial_plan
costsim-02201,B7-lite,mid_7b_vlm,Mid 7B VLM proxy,12000,4096,1344x1344,448x448,336x336,5,5,16,4,4,shared_budget_conditioned,3904,2420.48,400,180,15000.48,14.649,True,3943.52,4,0,0,116.94,allow_initial_plan
costsim-02202,B7-lite,mid_7b_vlm,Mid 7B VLM proxy,12000,4096,1344x1344,448x448,336x336,5,5,32,1,1,shared_budget_conditioned,3904,2420.48,265,96,14781.48,14.435,True,4162.52,1,0,0,92.94,allow_initial_plan
costsim-02203,B7-lite,mid_7b_vlm,Mid 7B VLM proxy,12000,4096,1344x1344,448x448,336x336,5,5,32,2,2,shared_budget_conditioned,3904,2420.48,310,96,14826.48,14.479,True,4117.52,2,0,0,100.94,allow_initial_plan
costsim-02204,B7-lite,mid_7b_vlm,Mid 7B VLM proxy,12000,4096,1344x1344,448x448,336x336,5,5,32,4,4,shared_budget_conditioned,3904,2420.48,400,180,15000.48,14.649,True,3943.52,4,0,0,116.94,allow_initial_plan
costsim-02205,B7-lite,mid_7b_vlm,Mid 7B VLM proxy,12000,4096,1344x1344,448x448,448x448,1,1,4,1,1,shared_budget_conditioned,2048,1269.76,265,96,13630.76,13.311,True,5313.24,1,0,0,72.53,allow_initial_plan
costsim-02206,B7-lite,mid_7b_vlm,Mid 7B VLM proxy,12000,4096,1344x1344,448x448,448x448,1,1,4,2,2,shared_budget_conditioned,2048,1269.76,310,96,13675.76,13.355,True,5268.24,2,0,0,80.53,allow_initial_plan
costsim-02207,B7-lite,mid_7b_vlm,Mid 7B VLM proxy,12000,4096,1344x1344,448x448,448x448,1,1,4,4,4,shared_budget_conditioned,2048,1269.76,400,180,13849.76,13.525,True,5094.24,4,0,0,96.53,allow_initial_plan
costsim-02208,B7-lite,mid_7b_vlm,Mid 7B VLM proxy,12000,4096,1344x1344,448x448,448x448,1,1,8,1,1,shared_budget_conditioned,2048,1269.76,265,96,13630.76,13.311,True,5313.24,1,0,0,72.53,allow_initial_plan
costsim-02209,B7-lite,mid_7b_vlm,Mid 7B VLM proxy,12000,4096,1344x1344,448x448,448x448,1,1,8,2,2,shared_budget_conditioned,2048,1269.76,310,96,13675.76,13.355,True,5268.24,2,0,0,80.53,allow_initial_plan
costsim-02210,B7-lite,mid_7b_vlm,Mid 7B VLM proxy,12000,4096,1344x1344,448x448,448x448,1,1,8,4,4,shared_budget_conditioned,2048,1269.76,400,180,13849.76,13.525,True,5094.24,4,0,0,96.53,allow_initial_plan
costsim-02211,B7-lite,mid_7b_vlm,Mid 7B VLM proxy,12000,4096,1344x1344,448x448,448x448,1,1,16,1,1,shared_budget_conditioned,2048,1269.76,265,96,13630.76,13.311,True,5313.24,1,0,0,72.53,allow_initial_plan
costsim-02212,B7-lite,mid_7b_vlm,Mid 7B VLM proxy,12000,4096,1344x1344,448x448,448x448,1,1,16,2,2,shared_budget_conditioned,2048,1269.76,310,96,13675.76,13.355,True,5268.24,2,0,0,80.53,allow_initial_plan
costsim-02213,B7-lite,mid_7b_vlm,Mid 7B VLM proxy,12000,4096,1344x1344,448x448,448x448,1,1,16,4,4,shared_budget_conditioned,2048,1269.76,400,180,13849.76,13.525,True,5094.24,4,0,0,96.53,allow_initial_plan
costsim-02214,B7-lite,mid_7b_vlm,Mid 7B VLM proxy,12000,4096,1344x1344,448x448,448x448,1,1,32,1,1,shared_budget_conditioned,2048,1269.76,265,96,13630.76,13.311,True,5313.24,1,0,0,72.53,allow_initial_plan
costsim-02215,B7-lite,mid_7b_vlm,Mid 7B VLM proxy,12000,4096,1344x1344,448x448,448x448,1,1,32,2,2,shared_budget_conditioned,2048,1269.76,310,96,13675.76,13.355,True,5268.24,2,0,0,80.53,allow_initial_plan
costsim-02216,B7-lite,mid_7b_vlm,Mid 7B VLM proxy,12000,4096,1344x1344,448x448,448x448,1,1,32,4,4,shared_budget_conditioned,2048,1269.76,400,180,13849.76,13.525,True,5094.24,4,0,0,96.53,allow_initial_plan
costsim-02217,B7-lite,mid_7b_vlm,Mid 7B VLM proxy,12000,4096,1344x1344,448x448,448x448,3,3,4,1,1,shared_budget_conditioned,4096,2539.52,265,96,14900.52,14.551,True,4043.48,1,0,0,95.06,allow_initial_plan
costsim-02218,B7-lite,mid_7b_vlm,Mid 7B VLM proxy,12000,4096,1344x1344,448x448,448x448,3,3,4,2,2,shared_budget_conditioned,4096,2539.52,310,96,14945.52,14.595,True,3998.48,2,0,0,103.06,allow_initial_plan
costsim-02219,B7-lite,mid_7b_vlm,Mid 7B VLM proxy,12000,4096,1344x1344,448x448,448x448,3,3,4,4,4,shared_budget_conditioned,4096,2539.52,400,180,15119.52,14.765,True,3824.48,4,0,0,119.06,allow_initial_plan
costsim-02220,B7-lite,mid_7b_vlm,Mid 7B VLM proxy,12000,4096,1344x1344,448x448,448x448,3,3,8,1,1,shared_budget_conditioned,4096,2539.52,265,96,14900.52,14.551,True,4043.48,1,0,0,95.06,allow_initial_plan
costsim-02221,B7-lite,mid_7b_vlm,Mid 7B VLM proxy,12000,4096,1344x1344,448x448,448x448,3,3,8,2,2,shared_budget_conditioned,4096,2539.52,310,96,14945.52,14.595,True,3998.48,2,0,0,103.06,allow_initial_plan
costsim-02222,B7-lite,mid_7b_vlm,Mid 7B VLM proxy,12000,4096,1344x1344,448x448,448x448,3,3,8,4,4,shared_budget_conditioned,4096,2539.52,400,180,15119.52,14.765,True,3824.48,4,0,0,119.06,allow_initial_plan
costsim-02223,B7-lite,mid_7b_vlm,Mid 7B VLM proxy,12000,4096,1344x1344,448x448,448x448,3,3,16,1,1,shared_budget_conditioned,4096,2539.52,265,96,14900.52,14.551,True,4043.48,1,0,0,95.06,allow_initial_plan
costsim-02224,B7-lite,mid_7b_vlm,Mid 7B VLM proxy,12000,4096,1344x1344,448x448,448x448,3,3,16,2,2,shared_budget_conditioned,4096,2539.52,310,96,14945.52,14.595,True,3998.48,2,0,0,103.06,allow_initial_plan
costsim-02225,B7-lite,mid_7b_vlm,Mid 7B VLM proxy,12000,4096,1344x1344,448x448,448x448,3,3,16,4,4,shared_budget_conditioned,4096,2539.52,400,180,15119.52,14.765,True,3824.48,4,0,0,119.06,allow_initial_plan
costsim-02226,B7-lite,mid_7b_vlm,Mid 7B VLM proxy,12000,4096,1344x1344,448x448,448x448,3,3,32,1,1,shared_budget_conditioned,4096,2539.52,265,96,14900.52,14.551,True,4043.48,1,0,0,95.06,allow_initial_plan
costsim-02227,B7-lite,mid_7b_vlm,Mid 7B VLM proxy,12000,4096,1344x1344,448x448,448x448,3,3,32,2,2,shared_budget_conditioned,4096,2539.52,310,96,14945.52,14.595,True,3998.48,2,0,0,103.06,allow_initial_plan
costsim-02228,B7-lite,mid_7b_vlm,Mid 7B VLM proxy,12000,4096,1344x1344,448x448,448x448,3,3,32,4,4,shared_budget_conditioned,4096,2539.52,400,180,15119.52,14.765,True,3824.48,4,0,0,119.06,allow_initial_plan
costsim-02229,B7-lite,mid_7b_vlm,Mid 7B VLM proxy,12000,4096,1344x1344,448x448,448x448,5,5,4,1,1,shared_budget_conditioned,6144,3809.28,265,96,16170.28,15.791,True,2773.72,1,0,0,117.58,allow_initial_plan
costsim-02230,B7-lite,mid_7b_vlm,Mid 7B VLM proxy,12000,4096,1344x1344,448x448,448x448,5,5,4,2,2,shared_budget_conditioned,6144,3809.28,310,96,16215.28,15.835,True,2728.72,2,0,0,125.58,allow_initial_plan
costsim-02231,B7-lite,mid_7b_vlm,Mid 7B VLM proxy,12000,4096,1344x1344,448x448,448x448,5,5,4,4,4,shared_budget_conditioned,6144,3809.28,400,180,16389.28,16.005,True,2554.72,4,0,0,141.58,allow_initial_plan
costsim-02232,B7-lite,mid_7b_vlm,Mid 7B VLM proxy,12000,4096,1344x1344,448x448,448x448,5,5,8,1,1,shared_budget_conditioned,6144,3809.28,265,96,16170.28,15.791,True,2773.72,1,0,0,117.58,allow_initial_plan
costsim-02233,B7-lite,mid_7b_vlm,Mid 7B VLM proxy,12000,4096,1344x1344,448x448,448x448,5,5,8,2,2,shared_budget_conditioned,6144,3809.28,310,96,16215.28,15.835,True,2728.72,2,0,0,125.58,allow_initial_plan
costsim-02234,B7-lite,mid_7b_vlm,Mid 7B VLM proxy,12000,4096,1344x1344,448x448,448x448,5,5,8,4,4,shared_budget_conditioned,6144,3809.28,400,180,16389.28,16.005,True,2554.72,4,0,0,141.58,allow_initial_plan
costsim-02235,B7-lite,mid_7b_vlm,Mid 7B VLM proxy,12000,4096,1344x1344,448x448,448x448,5,5,16,1,1,shared_budget_conditioned,6144,3809.28,265,96,16170.28,15.791,True,2773.72,1,0,0,117.58,allow_initial_plan
costsim-02236,B7-lite,mid_7b_vlm,Mid 7B VLM proxy,12000,4096,1344x1344,448x448,448x448,5,5,16,2,2,shared_budget_conditioned,6144,3809.28,310,96,16215.28,15.835,True,2728.72,2,0,0,125.58,allow_initial_plan
costsim-02237,B7-lite,mid_7b_vlm,Mid 7B VLM proxy,12000,4096,1344x1344,448x448,448x448,5,5,16,4,4,shared_budget_conditioned,6144,3809.28,400,180,16389.28,16.005,True,2554.72,4,0,0,141.58,allow_initial_plan
costsim-02238,B7-lite,mid_7b_vlm,Mid 7B VLM proxy,12000,4096,1344x1344,448x448,448x448,5,5,32,1,1,shared_budget_conditioned,6144,3809.28,265,96,16170.28,15.791,True,2773.72,1,0,0,117.58,allow_initial_plan
costsim-02239,B7-lite,mid_7b_vlm,Mid 7B VLM proxy,12000,4096,1344x1344,448x448,448x448,5,5,32,2,2,shared_budget_conditioned,6144,3809.28,310,96,16215.28,15.835,True,2728.72,2,0,0,125.58,allow_initial_plan
costsim-02240,B7-lite,mid_7b_vlm,Mid 7B VLM proxy,12000,4096,1344x1344,448x448,448x448,5,5,32,4,4,shared_budget_conditioned,6144,3809.28,400,180,16389.28,16.005,True,2554.72,4,0,0,141.58,allow_initial_plan
costsim-02241,B0,mid_7b_vlm,Mid 7B VLM proxy,12000,6144,1344x1344,336x336,336x336,0,0,0,0,0,none,576,357.12,0.0,0.0,12357.12,12.068,True,4538.88,0,0,0,48.34,n/a
costsim-02242,B0,mid_7b_vlm,Mid 7B VLM proxy,12000,6144,1344x1344,448x448,336x336,0,0,0,0,0,none,1024,634.88,0.0,0.0,12634.88,12.339,True,4261.12,0,0,0,53.26,n/a
costsim-02243,B1,mid_7b_vlm,Mid 7B VLM proxy,12000,6144,1024x1024,336x336,336x336,0,0,0,0,0,none,5476,3395.12,0.0,0.0,15395.12,15.034,True,1500.88,0,0,0,102.24,n/a
costsim-02244,B1,mid_7b_vlm,Mid 7B VLM proxy,12000,6144,1344x1344,336x336,336x336,0,0,0,0,0,none,9216,5713.92,0.0,0.0,17713.92,17.299,False,-817.92,0,0,0,143.38,n/a
costsim-02245,B2,mid_7b_vlm,Mid 7B VLM proxy,12000,6144,1344x1344,336x336,336x336,1,1,0,0,0,none,1152,714.24,0.0,0.0,12714.24,12.416,True,4181.76,0,0,0,54.67,n/a
costsim-02246,B2,mid_7b_vlm,Mid 7B VLM proxy,12000,6144,1344x1344,336x336,336x336,3,3,0,0,0,none,2304,1428.48,0.0,0.0,13428.48,13.114,True,3467.52,0,0,0,67.34,n/a
costsim-02247,B2,mid_7b_vlm,Mid 7B VLM proxy,12000,6144,1344x1344,336x336,336x336,5,5,0,0,0,none,3456,2142.72,0.0,0.0,14142.72,13.811,True,2753.28,0,0,0,80.02,n/a
costsim-02248,B2,mid_7b_vlm,Mid 7B VLM proxy,12000,6144,1344x1344,336x336,448x448,1,1,0,0,0,none,1600,992.0,0.0,0.0,12992.0,12.688,True,3904.0,0,0,0,59.6,n/a
costsim-02249,B2,mid_7b_vlm,Mid 7B VLM proxy,12000,6144,1344x1344,336x336,448x448,3,3,0,0,0,none,3648,2261.76,0.0,0.0,14261.76,13.928,True,2634.24,0,0,0,82.13,n/a
costsim-02250,B2,mid_7b_vlm,Mid 7B VLM proxy,12000,6144,1344x1344,336x336,448x448,5,5,0,0,0,none,5696,3531.52,0.0,0.0,15531.52,15.168,True,1364.48,0,0,0,104.66,n/a
costsim-02251,B2,mid_7b_vlm,Mid 7B VLM proxy,12000,6144,1344x1344,448x448,336x336,1,1,0,0,0,none,1600,992.0,0.0,0.0,12992.0,12.688,True,3904.0,0,0,0,59.6,n/a
costsim-02252,B2,mid_7b_vlm,Mid 7B VLM proxy,12000,6144,1344x1344,448x448,336x336,3,3,0,0,0,none,2752,1706.24,0.0,0.0,13706.24,13.385,True,3189.76,0,0,0,72.27,n/a
costsim-02253,B2,mid_7b_vlm,Mid 7B VLM proxy,12000,6144,1344x1344,448x448,336x336,5,5,0,0,0,none,3904,2420.48,0.0,0.0,14420.48,14.082,True,2475.52,0,0,0,84.94,n/a
costsim-02254,B2,mid_7b_vlm,Mid 7B VLM proxy,12000,6144,1344x1344,448x448,448x448,1,1,0,0,0,none,2048,1269.76,0.0,0.0,13269.76,12.959,True,3626.24,0,0,0,64.53,n/a
costsim-02255,B2,mid_7b_vlm,Mid 7B VLM proxy,12000,6144,1344x1344,448x448,448x448,3,3,0,0,0,none,4096,2539.52,0.0,0.0,14539.52,14.199,True,2356.48,0,0,0,87.06,n/a
costsim-02256,B2,mid_7b_vlm,Mid 7B VLM proxy,12000,6144,1344x1344,448x448,448x448,5,5,0,0,0,none,6144,3809.28,0.0,0.0,15809.28,15.439,True,1086.72,0,0,0,109.58,n/a
costsim-02257,B4-lite,mid_7b_vlm,Mid 7B VLM proxy,12000,6144,1344x1344,336x336,336x336,1,1,4,1,1,independent_all_resident,1152,714.24,720,96,13530.24,13.213,True,3365.76,1,0,0,72.67,n/a
costsim-02258,B4-lite,mid_7b_vlm,Mid 7B VLM proxy,12000,6144,1344x1344,336x336,336x336,1,1,4,2,2,independent_all_resident,1152,714.24,720,96,13530.24,13.213,True,3365.76,2,0,0,90.67,n/a
costsim-02259,B4-lite,mid_7b_vlm,Mid 7B VLM proxy,12000,6144,1344x1344,336x336,336x336,1,1,4,4,4,independent_all_resident,1152,714.24,720,96,13530.24,13.213,True,3365.76,4,0,0,126.67,n/a
costsim-02260,B4-lite,mid_7b_vlm,Mid 7B VLM proxy,12000,6144,1344x1344,336x336,336x336,1,1,8,1,1,independent_all_resident,1152,714.24,1440,96,14250.24,13.916,True,2645.76,1,0,0,72.67,n/a
costsim-02261,B4-lite,mid_7b_vlm,Mid 7B VLM proxy,12000,6144,1344x1344,336x336,336x336,1,1,8,2,2,independent_all_resident,1152,714.24,1440,96,14250.24,13.916,True,2645.76,2,0,0,90.67,n/a
costsim-02262,B4-lite,mid_7b_vlm,Mid 7B VLM proxy,12000,6144,1344x1344,336x336,336x336,1,1,8,4,4,independent_all_resident,1152,714.24,1440,96,14250.24,13.916,True,2645.76,4,0,0,126.67,n/a
costsim-02263,B4-lite,mid_7b_vlm,Mid 7B VLM proxy,12000,6144,1344x1344,336x336,336x336,1,1,16,1,1,independent_all_resident,1152,714.24,2880,96,15690.24,15.322,True,1205.76,1,0,0,72.67,n/a
costsim-02264,B4-lite,mid_7b_vlm,Mid 7B VLM proxy,12000,6144,1344x1344,336x336,336x336,1,1,16,2,2,independent_all_resident,1152,714.24,2880,96,15690.24,15.322,True,1205.76,2,0,0,90.67,n/a
costsim-02265,B4-lite,mid_7b_vlm,Mid 7B VLM proxy,12000,6144,1344x1344,336x336,336x336,1,1,16,4,4,independent_all_resident,1152,714.24,2880,96,15690.24,15.322,True,1205.76,4,0,0,126.67,n/a
costsim-02266,B4-lite,mid_7b_vlm,Mid 7B VLM proxy,12000,6144,1344x1344,336x336,336x336,1,1,32,1,1,independent_all_resident,1152,714.24,5760,96,18570.24,18.135,False,-1674.24,1,0,0,72.67,n/a
costsim-02267,B4-lite,mid_7b_vlm,Mid 7B VLM proxy,12000,6144,1344x1344,336x336,336x336,1,1,32,2,2,independent_all_resident,1152,714.24,5760,96,18570.24,18.135,False,-1674.24,2,0,0,90.67,n/a
costsim-02268,B4-lite,mid_7b_vlm,Mid 7B VLM proxy,12000,6144,1344x1344,336x336,336x336,1,1,32,4,4,independent_all_resident,1152,714.24,5760,96,18570.24,18.135,False,-1674.24,4,0,0,126.67,n/a
costsim-02269,B4-lite,mid_7b_vlm,Mid 7B VLM proxy,12000,6144,1344x1344,336x336,336x336,3,3,4,1,1,independent_all_resident,2304,1428.48,720,96,14244.48,13.911,True,2651.52,1,0,0,85.34,n/a
costsim-02270,B4-lite,mid_7b_vlm,Mid 7B VLM proxy,12000,6144,1344x1344,336x336,336x336,3,3,4,2,2,independent_all_resident,2304,1428.48,720,96,14244.48,13.911,True,2651.52,2,0,0,103.34,n/a
costsim-02271,B4-lite,mid_7b_vlm,Mid 7B VLM proxy,12000,6144,1344x1344,336x336,336x336,3,3,4,4,4,independent_all_resident,2304,1428.48,720,96,14244.48,13.911,True,2651.52,4,0,0,139.34,n/a
costsim-02272,B4-lite,mid_7b_vlm,Mid 7B VLM proxy,12000,6144,1344x1344,336x336,336x336,3,3,8,1,1,independent_all_resident,2304,1428.48,1440,96,14964.48,14.614,True,1931.52,1,0,0,85.34,n/a
costsim-02273,B4-lite,mid_7b_vlm,Mid 7B VLM proxy,12000,6144,1344x1344,336x336,336x336,3,3,8,2,2,independent_all_resident,2304,1428.48,1440,96,14964.48,14.614,True,1931.52,2,0,0,103.34,n/a
costsim-02274,B4-lite,mid_7b_vlm,Mid 7B VLM proxy,12000,6144,1344x1344,336x336,336x336,3,3,8,4,4,independent_all_resident,2304,1428.48,1440,96,14964.48,14.614,True,1931.52,4,0,0,139.34,n/a
costsim-02275,B4-lite,mid_7b_vlm,Mid 7B VLM proxy,12000,6144,1344x1344,336x336,336x336,3,3,16,1,1,independent_all_resident,2304,1428.48,2880,96,16404.48,16.02,True,491.52,1,0,0,85.34,n/a
costsim-02276,B4-lite,mid_7b_vlm,Mid 7B VLM proxy,12000,6144,1344x1344,336x336,336x336,3,3,16,2,2,independent_all_resident,2304,1428.48,2880,96,16404.48,16.02,True,491.52,2,0,0,103.34,n/a
costsim-02277,B4-lite,mid_7b_vlm,Mid 7B VLM proxy,12000,6144,1344x1344,336x336,336x336,3,3,16,4,4,independent_all_resident,2304,1428.48,2880,96,16404.48,16.02,True,491.52,4,0,0,139.34,n/a
costsim-02278,B4-lite,mid_7b_vlm,Mid 7B VLM proxy,12000,6144,1344x1344,336x336,336x336,3,3,32,1,1,independent_all_resident,2304,1428.48,5760,96,19284.48,18.832,False,-2388.48,1,0,0,85.34,n/a
costsim-02279,B4-lite,mid_7b_vlm,Mid 7B VLM proxy,12000,6144,1344x1344,336x336,336x336,3,3,32,2,2,independent_all_resident,2304,1428.48,5760,96,19284.48,18.832,False,-2388.48,2,0,0,103.34,n/a
costsim-02280,B4-lite,mid_7b_vlm,Mid 7B VLM proxy,12000,6144,1344x1344,336x336,336x336,3,3,32,4,4,independent_all_resident,2304,1428.48,5760,96,19284.48,18.832,False,-2388.48,4,0,0,139.34,n/a
costsim-02281,B4-lite,mid_7b_vlm,Mid 7B VLM proxy,12000,6144,1344x1344,336x336,336x336,5,5,4,1,1,independent_all_resident,3456,2142.72,720,96,14958.72,14.608,True,1937.28,1,0,0,98.02,n/a
costsim-02282,B4-lite,mid_7b_vlm,Mid 7B VLM proxy,12000,6144,1344x1344,336x336,336x336,5,5,4,2,2,independent_all_resident,3456,2142.72,720,96,14958.72,14.608,True,1937.28,2,0,0,116.02,n/a
costsim-02283,B4-lite,mid_7b_vlm,Mid 7B VLM proxy,12000,6144,1344x1344,336x336,336x336,5,5,4,4,4,independent_all_resident,3456,2142.72,720,96,14958.72,14.608,True,1937.28,4,0,0,152.02,n/a
costsim-02284,B4-lite,mid_7b_vlm,Mid 7B VLM proxy,12000,6144,1344x1344,336x336,336x336,5,5,8,1,1,independent_all_resident,3456,2142.72,1440,96,15678.72,15.311,True,1217.28,1,0,0,98.02,n/a
costsim-02285,B4-lite,mid_7b_vlm,Mid 7B VLM proxy,12000,6144,1344x1344,336x336,336x336,5,5,8,2,2,independent_all_resident,3456,2142.72,1440,96,15678.72,15.311,True,1217.28,2,0,0,116.02,n/a
costsim-02286,B4-lite,mid_7b_vlm,Mid 7B VLM proxy,12000,6144,1344x1344,336x336,336x336,5,5,8,4,4,independent_all_resident,3456,2142.72,1440,96,15678.72,15.311,True,1217.28,4,0,0,152.02,n/a
costsim-02287,B4-lite,mid_7b_vlm,Mid 7B VLM proxy,12000,6144,1344x1344,336x336,336x336,5,5,16,1,1,independent_all_resident,3456,2142.72,2880,96,17118.72,16.718,False,-222.72,1,0,0,98.02,n/a
costsim-02288,B4-lite,mid_7b_vlm,Mid 7B VLM proxy,12000,6144,1344x1344,336x336,336x336,5,5,16,2,2,independent_all_resident,3456,2142.72,2880,96,17118.72,16.718,False,-222.72,2,0,0,116.02,n/a
costsim-02289,B4-lite,mid_7b_vlm,Mid 7B VLM proxy,12000,6144,1344x1344,336x336,336x336,5,5,16,4,4,independent_all_resident,3456,2142.72,2880,96,17118.72,16.718,False,-222.72,4,0,0,152.02,n/a
costsim-02290,B4-lite,mid_7b_vlm,Mid 7B VLM proxy,12000,6144,1344x1344,336x336,336x336,5,5,32,1,1,independent_all_resident,3456,2142.72,5760,96,19998.72,19.53,False,-3102.72,1,0,0,98.02,n/a
costsim-02291,B4-lite,mid_7b_vlm,Mid 7B VLM proxy,12000,6144,1344x1344,336x336,336x336,5,5,32,2,2,independent_all_resident,3456,2142.72,5760,96,19998.72,19.53,False,-3102.72,2,0,0,116.02,n/a
costsim-02292,B4-lite,mid_7b_vlm,Mid 7B VLM proxy,12000,6144,1344x1344,336x336,336x336,5,5,32,4,4,independent_all_resident,3456,2142.72,5760,96,19998.72,19.53,False,-3102.72,4,0,0,152.02,n/a
costsim-02293,B4-lite,mid_7b_vlm,Mid 7B VLM proxy,12000,6144,1344x1344,336x336,448x448,1,1,4,1,1,independent_all_resident,1600,992.0,720,96,13808.0,13.484,True,3088.0,1,0,0,77.6,n/a
costsim-02294,B4-lite,mid_7b_vlm,Mid 7B VLM proxy,12000,6144,1344x1344,336x336,448x448,1,1,4,2,2,independent_all_resident,1600,992.0,720,96,13808.0,13.484,True,3088.0,2,0,0,95.6,n/a
costsim-02295,B4-lite,mid_7b_vlm,Mid 7B VLM proxy,12000,6144,1344x1344,336x336,448x448,1,1,4,4,4,independent_all_resident,1600,992.0,720,96,13808.0,13.484,True,3088.0,4,0,0,131.6,n/a
costsim-02296,B4-lite,mid_7b_vlm,Mid 7B VLM proxy,12000,6144,1344x1344,336x336,448x448,1,1,8,1,1,independent_all_resident,1600,992.0,1440,96,14528.0,14.188,True,2368.0,1,0,0,77.6,n/a
costsim-02297,B4-lite,mid_7b_vlm,Mid 7B VLM proxy,12000,6144,1344x1344,336x336,448x448,1,1,8,2,2,independent_all_resident,1600,992.0,1440,96,14528.0,14.188,True,2368.0,2,0,0,95.6,n/a
costsim-02298,B4-lite,mid_7b_vlm,Mid 7B VLM proxy,12000,6144,1344x1344,336x336,448x448,1,1,8,4,4,independent_all_resident,1600,992.0,1440,96,14528.0,14.188,True,2368.0,4,0,0,131.6,n/a
costsim-02299,B4-lite,mid_7b_vlm,Mid 7B VLM proxy,12000,6144,1344x1344,336x336,448x448,1,1,16,1,1,independent_all_resident,1600,992.0,2880,96,15968.0,15.594,True,928.0,1,0,0,77.6,n/a
costsim-02300,B4-lite,mid_7b_vlm,Mid 7B VLM proxy,12000,6144,1344x1344,336x336,448x448,1,1,16,2,2,independent_all_resident,1600,992.0,2880,96,15968.0,15.594,True,928.0,2,0,0,95.6,n/a
costsim-02301,B4-lite,mid_7b_vlm,Mid 7B VLM proxy,12000,6144,1344x1344,336x336,448x448,1,1,16,4,4,independent_all_resident,1600,992.0,2880,96,15968.0,15.594,True,928.0,4,0,0,131.6,n/a
costsim-02302,B4-lite,mid_7b_vlm,Mid 7B VLM proxy,12000,6144,1344x1344,336x336,448x448,1,1,32,1,1,independent_all_resident,1600,992.0,5760,96,18848.0,18.406,False,-1952.0,1,0,0,77.6,n/a
costsim-02303,B4-lite,mid_7b_vlm,Mid 7B VLM proxy,12000,6144,1344x1344,336x336,448x448,1,1,32,2,2,independent_all_resident,1600,992.0,5760,96,18848.0,18.406,False,-1952.0,2,0,0,95.6,n/a
costsim-02304,B4-lite,mid_7b_vlm,Mid 7B VLM proxy,12000,6144,1344x1344,336x336,448x448,1,1,32,4,4,independent_all_resident,1600,992.0,5760,96,18848.0,18.406,False,-1952.0,4,0,0,131.6,n/a
costsim-02305,B4-lite,mid_7b_vlm,Mid 7B VLM proxy,12000,6144,1344x1344,336x336,448x448,3,3,4,1,1,independent_all_resident,3648,2261.76,720,96,15077.76,14.724,True,1818.24,1,0,0,100.13,n/a
costsim-02306,B4-lite,mid_7b_vlm,Mid 7B VLM proxy,12000,6144,1344x1344,336x336,448x448,3,3,4,2,2,independent_all_resident,3648,2261.76,720,96,15077.76,14.724,True,1818.24,2,0,0,118.13,n/a
costsim-02307,B4-lite,mid_7b_vlm,Mid 7B VLM proxy,12000,6144,1344x1344,336x336,448x448,3,3,4,4,4,independent_all_resident,3648,2261.76,720,96,15077.76,14.724,True,1818.24,4,0,0,154.13,n/a
costsim-02308,B4-lite,mid_7b_vlm,Mid 7B VLM proxy,12000,6144,1344x1344,336x336,448x448,3,3,8,1,1,independent_all_resident,3648,2261.76,1440,96,15797.76,15.428,True,1098.24,1,0,0,100.13,n/a
costsim-02309,B4-lite,mid_7b_vlm,Mid 7B VLM proxy,12000,6144,1344x1344,336x336,448x448,3,3,8,2,2,independent_all_resident,3648,2261.76,1440,96,15797.76,15.428,True,1098.24,2,0,0,118.13,n/a
costsim-02310,B4-lite,mid_7b_vlm,Mid 7B VLM proxy,12000,6144,1344x1344,336x336,448x448,3,3,8,4,4,independent_all_resident,3648,2261.76,1440,96,15797.76,15.428,True,1098.24,4,0,0,154.13,n/a
costsim-02311,B4-lite,mid_7b_vlm,Mid 7B VLM proxy,12000,6144,1344x1344,336x336,448x448,3,3,16,1,1,independent_all_resident,3648,2261.76,2880,96,17237.76,16.834,False,-341.76,1,0,0,100.13,n/a
costsim-02312,B4-lite,mid_7b_vlm,Mid 7B VLM proxy,12000,6144,1344x1344,336x336,448x448,3,3,16,2,2,independent_all_resident,3648,2261.76,2880,96,17237.76,16.834,False,-341.76,2,0,0,118.13,n/a
costsim-02313,B4-lite,mid_7b_vlm,Mid 7B VLM proxy,12000,6144,1344x1344,336x336,448x448,3,3,16,4,4,independent_all_resident,3648,2261.76,2880,96,17237.76,16.834,False,-341.76,4,0,0,154.13,n/a
costsim-02314,B4-lite,mid_7b_vlm,Mid 7B VLM proxy,12000,6144,1344x1344,336x336,448x448,3,3,32,1,1,independent_all_resident,3648,2261.76,5760,96,20117.76,19.646,False,-3221.76,1,0,0,100.13,n/a
costsim-02315,B4-lite,mid_7b_vlm,Mid 7B VLM proxy,12000,6144,1344x1344,336x336,448x448,3,3,32,2,2,independent_all_resident,3648,2261.76,5760,96,20117.76,19.646,False,-3221.76,2,0,0,118.13,n/a
costsim-02316,B4-lite,mid_7b_vlm,Mid 7B VLM proxy,12000,6144,1344x1344,336x336,448x448,3,3,32,4,4,independent_all_resident,3648,2261.76,5760,96,20117.76,19.646,False,-3221.76,4,0,0,154.13,n/a
costsim-02317,B4-lite,mid_7b_vlm,Mid 7B VLM proxy,12000,6144,1344x1344,336x336,448x448,5,5,4,1,1,independent_all_resident,5696,3531.52,720,96,16347.52,15.964,True,548.48,1,0,0,122.66,n/a
costsim-02318,B4-lite,mid_7b_vlm,Mid 7B VLM proxy,12000,6144,1344x1344,336x336,448x448,5,5,4,2,2,independent_all_resident,5696,3531.52,720,96,16347.52,15.964,True,548.48,2,0,0,140.66,n/a
costsim-02319,B4-lite,mid_7b_vlm,Mid 7B VLM proxy,12000,6144,1344x1344,336x336,448x448,5,5,4,4,4,independent_all_resident,5696,3531.52,720,96,16347.52,15.964,True,548.48,4,0,0,176.66,n/a
costsim-02320,B4-lite,mid_7b_vlm,Mid 7B VLM proxy,12000,6144,1344x1344,336x336,448x448,5,5,8,1,1,independent_all_resident,5696,3531.52,1440,96,17067.52,16.668,False,-171.52,1,0,0,122.66,n/a
costsim-02321,B4-lite,mid_7b_vlm,Mid 7B VLM proxy,12000,6144,1344x1344,336x336,448x448,5,5,8,2,2,independent_all_resident,5696,3531.52,1440,96,17067.52,16.668,False,-171.52,2,0,0,140.66,n/a
costsim-02322,B4-lite,mid_7b_vlm,Mid 7B VLM proxy,12000,6144,1344x1344,336x336,448x448,5,5,8,4,4,independent_all_resident,5696,3531.52,1440,96,17067.52,16.668,False,-171.52,4,0,0,176.66,n/a
costsim-02323,B4-lite,mid_7b_vlm,Mid 7B VLM proxy,12000,6144,1344x1344,336x336,448x448,5,5,16,1,1,independent_all_resident,5696,3531.52,2880,96,18507.52,18.074,False,-1611.52,1,0,0,122.66,n/a
costsim-02324,B4-lite,mid_7b_vlm,Mid 7B VLM proxy,12000,6144,1344x1344,336x336,448x448,5,5,16,2,2,independent_all_resident,5696,3531.52,2880,96,18507.52,18.074,False,-1611.52,2,0,0,140.66,n/a
costsim-02325,B4-lite,mid_7b_vlm,Mid 7B VLM proxy,12000,6144,1344x1344,336x336,448x448,5,5,16,4,4,independent_all_resident,5696,3531.52,2880,96,18507.52,18.074,False,-1611.52,4,0,0,176.66,n/a
costsim-02326,B4-lite,mid_7b_vlm,Mid 7B VLM proxy,12000,6144,1344x1344,336x336,448x448,5,5,32,1,1,independent_all_resident,5696,3531.52,5760,96,21387.52,20.886,False,-4491.52,1,0,0,122.66,n/a
costsim-02327,B4-lite,mid_7b_vlm,Mid 7B VLM proxy,12000,6144,1344x1344,336x336,448x448,5,5,32,2,2,independent_all_resident,5696,3531.52,5760,96,21387.52,20.886,False,-4491.52,2,0,0,140.66,n/a
costsim-02328,B4-lite,mid_7b_vlm,Mid 7B VLM proxy,12000,6144,1344x1344,336x336,448x448,5,5,32,4,4,independent_all_resident,5696,3531.52,5760,96,21387.52,20.886,False,-4491.52,4,0,0,176.66,n/a
costsim-02329,B4-lite,mid_7b_vlm,Mid 7B VLM proxy,12000,6144,1344x1344,448x448,336x336,1,1,4,1,1,independent_all_resident,1600,992.0,720,96,13808.0,13.484,True,3088.0,1,0,0,77.6,n/a
costsim-02330,B4-lite,mid_7b_vlm,Mid 7B VLM proxy,12000,6144,1344x1344,448x448,336x336,1,1,4,2,2,independent_all_resident,1600,992.0,720,96,13808.0,13.484,True,3088.0,2,0,0,95.6,n/a
costsim-02331,B4-lite,mid_7b_vlm,Mid 7B VLM proxy,12000,6144,1344x1344,448x448,336x336,1,1,4,4,4,independent_all_resident,1600,992.0,720,96,13808.0,13.484,True,3088.0,4,0,0,131.6,n/a
costsim-02332,B4-lite,mid_7b_vlm,Mid 7B VLM proxy,12000,6144,1344x1344,448x448,336x336,1,1,8,1,1,independent_all_resident,1600,992.0,1440,96,14528.0,14.188,True,2368.0,1,0,0,77.6,n/a
costsim-02333,B4-lite,mid_7b_vlm,Mid 7B VLM proxy,12000,6144,1344x1344,448x448,336x336,1,1,8,2,2,independent_all_resident,1600,992.0,1440,96,14528.0,14.188,True,2368.0,2,0,0,95.6,n/a
costsim-02334,B4-lite,mid_7b_vlm,Mid 7B VLM proxy,12000,6144,1344x1344,448x448,336x336,1,1,8,4,4,independent_all_resident,1600,992.0,1440,96,14528.0,14.188,True,2368.0,4,0,0,131.6,n/a
costsim-02335,B4-lite,mid_7b_vlm,Mid 7B VLM proxy,12000,6144,1344x1344,448x448,336x336,1,1,16,1,1,independent_all_resident,1600,992.0,2880,96,15968.0,15.594,True,928.0,1,0,0,77.6,n/a
costsim-02336,B4-lite,mid_7b_vlm,Mid 7B VLM proxy,12000,6144,1344x1344,448x448,336x336,1,1,16,2,2,independent_all_resident,1600,992.0,2880,96,15968.0,15.594,True,928.0,2,0,0,95.6,n/a
costsim-02337,B4-lite,mid_7b_vlm,Mid 7B VLM proxy,12000,6144,1344x1344,448x448,336x336,1,1,16,4,4,independent_all_resident,1600,992.0,2880,96,15968.0,15.594,True,928.0,4,0,0,131.6,n/a
costsim-02338,B4-lite,mid_7b_vlm,Mid 7B VLM proxy,12000,6144,1344x1344,448x448,336x336,1,1,32,1,1,independent_all_resident,1600,992.0,5760,96,18848.0,18.406,False,-1952.0,1,0,0,77.6,n/a
costsim-02339,B4-lite,mid_7b_vlm,Mid 7B VLM proxy,12000,6144,1344x1344,448x448,336x336,1,1,32,2,2,independent_all_resident,1600,992.0,5760,96,18848.0,18.406,False,-1952.0,2,0,0,95.6,n/a
costsim-02340,B4-lite,mid_7b_vlm,Mid 7B VLM proxy,12000,6144,1344x1344,448x448,336x336,1,1,32,4,4,independent_all_resident,1600,992.0,5760,96,18848.0,18.406,False,-1952.0,4,0,0,131.6,n/a
costsim-02341,B4-lite,mid_7b_vlm,Mid 7B VLM proxy,12000,6144,1344x1344,448x448,336x336,3,3,4,1,1,independent_all_resident,2752,1706.24,720,96,14522.24,14.182,True,2373.76,1,0,0,90.27,n/a
costsim-02342,B4-lite,mid_7b_vlm,Mid 7B VLM proxy,12000,6144,1344x1344,448x448,336x336,3,3,4,2,2,independent_all_resident,2752,1706.24,720,96,14522.24,14.182,True,2373.76,2,0,0,108.27,n/a
costsim-02343,B4-lite,mid_7b_vlm,Mid 7B VLM proxy,12000,6144,1344x1344,448x448,336x336,3,3,4,4,4,independent_all_resident,2752,1706.24,720,96,14522.24,14.182,True,2373.76,4,0,0,144.27,n/a
costsim-02344,B4-lite,mid_7b_vlm,Mid 7B VLM proxy,12000,6144,1344x1344,448x448,336x336,3,3,8,1,1,independent_all_resident,2752,1706.24,1440,96,15242.24,14.885,True,1653.76,1,0,0,90.27,n/a
costsim-02345,B4-lite,mid_7b_vlm,Mid 7B VLM proxy,12000,6144,1344x1344,448x448,336x336,3,3,8,2,2,independent_all_resident,2752,1706.24,1440,96,15242.24,14.885,True,1653.76,2,0,0,108.27,n/a
costsim-02346,B4-lite,mid_7b_vlm,Mid 7B VLM proxy,12000,6144,1344x1344,448x448,336x336,3,3,8,4,4,independent_all_resident,2752,1706.24,1440,96,15242.24,14.885,True,1653.76,4,0,0,144.27,n/a
costsim-02347,B4-lite,mid_7b_vlm,Mid 7B VLM proxy,12000,6144,1344x1344,448x448,336x336,3,3,16,1,1,independent_all_resident,2752,1706.24,2880,96,16682.24,16.291,True,213.76,1,0,0,90.27,n/a
costsim-02348,B4-lite,mid_7b_vlm,Mid 7B VLM proxy,12000,6144,1344x1344,448x448,336x336,3,3,16,2,2,independent_all_resident,2752,1706.24,2880,96,16682.24,16.291,True,213.76,2,0,0,108.27,n/a
costsim-02349,B4-lite,mid_7b_vlm,Mid 7B VLM proxy,12000,6144,1344x1344,448x448,336x336,3,3,16,4,4,independent_all_resident,2752,1706.24,2880,96,16682.24,16.291,True,213.76,4,0,0,144.27,n/a
costsim-02350,B4-lite,mid_7b_vlm,Mid 7B VLM proxy,12000,6144,1344x1344,448x448,336x336,3,3,32,1,1,independent_all_resident,2752,1706.24,5760,96,19562.24,19.104,False,-2666.24,1,0,0,90.27,n/a
costsim-02351,B4-lite,mid_7b_vlm,Mid 7B VLM proxy,12000,6144,1344x1344,448x448,336x336,3,3,32,2,2,independent_all_resident,2752,1706.24,5760,96,19562.24,19.104,False,-2666.24,2,0,0,108.27,n/a
costsim-02352,B4-lite,mid_7b_vlm,Mid 7B VLM proxy,12000,6144,1344x1344,448x448,336x336,3,3,32,4,4,independent_all_resident,2752,1706.24,5760,96,19562.24,19.104,False,-2666.24,4,0,0,144.27,n/a
costsim-02353,B4-lite,mid_7b_vlm,Mid 7B VLM proxy,12000,6144,1344x1344,448x448,336x336,5,5,4,1,1,independent_all_resident,3904,2420.48,720,96,15236.48,14.879,True,1659.52,1,0,0,102.94,n/a
costsim-02354,B4-lite,mid_7b_vlm,Mid 7B VLM proxy,12000,6144,1344x1344,448x448,336x336,5,5,4,2,2,independent_all_resident,3904,2420.48,720,96,15236.48,14.879,True,1659.52,2,0,0,120.94,n/a
costsim-02355,B4-lite,mid_7b_vlm,Mid 7B VLM proxy,12000,6144,1344x1344,448x448,336x336,5,5,4,4,4,independent_all_resident,3904,2420.48,720,96,15236.48,14.879,True,1659.52,4,0,0,156.94,n/a
costsim-02356,B4-lite,mid_7b_vlm,Mid 7B VLM proxy,12000,6144,1344x1344,448x448,336x336,5,5,8,1,1,independent_all_resident,3904,2420.48,1440,96,15956.48,15.582,True,939.52,1,0,0,102.94,n/a
costsim-02357,B4-lite,mid_7b_vlm,Mid 7B VLM proxy,12000,6144,1344x1344,448x448,336x336,5,5,8,2,2,independent_all_resident,3904,2420.48,1440,96,15956.48,15.582,True,939.52,2,0,0,120.94,n/a
costsim-02358,B4-lite,mid_7b_vlm,Mid 7B VLM proxy,12000,6144,1344x1344,448x448,336x336,5,5,8,4,4,independent_all_resident,3904,2420.48,1440,96,15956.48,15.582,True,939.52,4,0,0,156.94,n/a
costsim-02359,B4-lite,mid_7b_vlm,Mid 7B VLM proxy,12000,6144,1344x1344,448x448,336x336,5,5,16,1,1,independent_all_resident,3904,2420.48,2880,96,17396.48,16.989,False,-500.48,1,0,0,102.94,n/a
costsim-02360,B4-lite,mid_7b_vlm,Mid 7B VLM proxy,12000,6144,1344x1344,448x448,336x336,5,5,16,2,2,independent_all_resident,3904,2420.48,2880,96,17396.48,16.989,False,-500.48,2,0,0,120.94,n/a
costsim-02361,B4-lite,mid_7b_vlm,Mid 7B VLM proxy,12000,6144,1344x1344,448x448,336x336,5,5,16,4,4,independent_all_resident,3904,2420.48,2880,96,17396.48,16.989,False,-500.48,4,0,0,156.94,n/a
costsim-02362,B4-lite,mid_7b_vlm,Mid 7B VLM proxy,12000,6144,1344x1344,448x448,336x336,5,5,32,1,1,independent_all_resident,3904,2420.48,5760,96,20276.48,19.801,False,-3380.48,1,0,0,102.94,n/a
costsim-02363,B4-lite,mid_7b_vlm,Mid 7B VLM proxy,12000,6144,1344x1344,448x448,336x336,5,5,32,2,2,independent_all_resident,3904,2420.48,5760,96,20276.48,19.801,False,-3380.48,2,0,0,120.94,n/a
costsim-02364,B4-lite,mid_7b_vlm,Mid 7B VLM proxy,12000,6144,1344x1344,448x448,336x336,5,5,32,4,4,independent_all_resident,3904,2420.48,5760,96,20276.48,19.801,False,-3380.48,4,0,0,156.94,n/a
costsim-02365,B4-lite,mid_7b_vlm,Mid 7B VLM proxy,12000,6144,1344x1344,448x448,448x448,1,1,4,1,1,independent_all_resident,2048,1269.76,720,96,14085.76,13.756,True,2810.24,1,0,0,82.53,n/a
costsim-02366,B4-lite,mid_7b_vlm,Mid 7B VLM proxy,12000,6144,1344x1344,448x448,448x448,1,1,4,2,2,independent_all_resident,2048,1269.76,720,96,14085.76,13.756,True,2810.24,2,0,0,100.53,n/a
costsim-02367,B4-lite,mid_7b_vlm,Mid 7B VLM proxy,12000,6144,1344x1344,448x448,448x448,1,1,4,4,4,independent_all_resident,2048,1269.76,720,96,14085.76,13.756,True,2810.24,4,0,0,136.53,n/a
costsim-02368,B4-lite,mid_7b_vlm,Mid 7B VLM proxy,12000,6144,1344x1344,448x448,448x448,1,1,8,1,1,independent_all_resident,2048,1269.76,1440,96,14805.76,14.459,True,2090.24,1,0,0,82.53,n/a
costsim-02369,B4-lite,mid_7b_vlm,Mid 7B VLM proxy,12000,6144,1344x1344,448x448,448x448,1,1,8,2,2,independent_all_resident,2048,1269.76,1440,96,14805.76,14.459,True,2090.24,2,0,0,100.53,n/a
costsim-02370,B4-lite,mid_7b_vlm,Mid 7B VLM proxy,12000,6144,1344x1344,448x448,448x448,1,1,8,4,4,independent_all_resident,2048,1269.76,1440,96,14805.76,14.459,True,2090.24,4,0,0,136.53,n/a
costsim-02371,B4-lite,mid_7b_vlm,Mid 7B VLM proxy,12000,6144,1344x1344,448x448,448x448,1,1,16,1,1,independent_all_resident,2048,1269.76,2880,96,16245.76,15.865,True,650.24,1,0,0,82.53,n/a
costsim-02372,B4-lite,mid_7b_vlm,Mid 7B VLM proxy,12000,6144,1344x1344,448x448,448x448,1,1,16,2,2,independent_all_resident,2048,1269.76,2880,96,16245.76,15.865,True,650.24,2,0,0,100.53,n/a
costsim-02373,B4-lite,mid_7b_vlm,Mid 7B VLM proxy,12000,6144,1344x1344,448x448,448x448,1,1,16,4,4,independent_all_resident,2048,1269.76,2880,96,16245.76,15.865,True,650.24,4,0,0,136.53,n/a
costsim-02374,B4-lite,mid_7b_vlm,Mid 7B VLM proxy,12000,6144,1344x1344,448x448,448x448,1,1,32,1,1,independent_all_resident,2048,1269.76,5760,96,19125.76,18.678,False,-2229.76,1,0,0,82.53,n/a
costsim-02375,B4-lite,mid_7b_vlm,Mid 7B VLM proxy,12000,6144,1344x1344,448x448,448x448,1,1,32,2,2,independent_all_resident,2048,1269.76,5760,96,19125.76,18.678,False,-2229.76,2,0,0,100.53,n/a
costsim-02376,B4-lite,mid_7b_vlm,Mid 7B VLM proxy,12000,6144,1344x1344,448x448,448x448,1,1,32,4,4,independent_all_resident,2048,1269.76,5760,96,19125.76,18.678,False,-2229.76,4,0,0,136.53,n/a
costsim-02377,B4-lite,mid_7b_vlm,Mid 7B VLM proxy,12000,6144,1344x1344,448x448,448x448,3,3,4,1,1,independent_all_resident,4096,2539.52,720,96,15355.52,14.996,True,1540.48,1,0,0,105.06,n/a
costsim-02378,B4-lite,mid_7b_vlm,Mid 7B VLM proxy,12000,6144,1344x1344,448x448,448x448,3,3,4,2,2,independent_all_resident,4096,2539.52,720,96,15355.52,14.996,True,1540.48,2,0,0,123.06,n/a
costsim-02379,B4-lite,mid_7b_vlm,Mid 7B VLM proxy,12000,6144,1344x1344,448x448,448x448,3,3,4,4,4,independent_all_resident,4096,2539.52,720,96,15355.52,14.996,True,1540.48,4,0,0,159.06,n/a
costsim-02380,B4-lite,mid_7b_vlm,Mid 7B VLM proxy,12000,6144,1344x1344,448x448,448x448,3,3,8,1,1,independent_all_resident,4096,2539.52,1440,96,16075.52,15.699,True,820.48,1,0,0,105.06,n/a
costsim-02381,B4-lite,mid_7b_vlm,Mid 7B VLM proxy,12000,6144,1344x1344,448x448,448x448,3,3,8,2,2,independent_all_resident,4096,2539.52,1440,96,16075.52,15.699,True,820.48,2,0,0,123.06,n/a
costsim-02382,B4-lite,mid_7b_vlm,Mid 7B VLM proxy,12000,6144,1344x1344,448x448,448x448,3,3,8,4,4,independent_all_resident,4096,2539.52,1440,96,16075.52,15.699,True,820.48,4,0,0,159.06,n/a
costsim-02383,B4-lite,mid_7b_vlm,Mid 7B VLM proxy,12000,6144,1344x1344,448x448,448x448,3,3,16,1,1,independent_all_resident,4096,2539.52,2880,96,17515.52,17.105,False,-619.52,1,0,0,105.06,n/a
costsim-02384,B4-lite,mid_7b_vlm,Mid 7B VLM proxy,12000,6144,1344x1344,448x448,448x448,3,3,16,2,2,independent_all_resident,4096,2539.52,2880,96,17515.52,17.105,False,-619.52,2,0,0,123.06,n/a
costsim-02385,B4-lite,mid_7b_vlm,Mid 7B VLM proxy,12000,6144,1344x1344,448x448,448x448,3,3,16,4,4,independent_all_resident,4096,2539.52,2880,96,17515.52,17.105,False,-619.52,4,0,0,159.06,n/a
costsim-02386,B4-lite,mid_7b_vlm,Mid 7B VLM proxy,12000,6144,1344x1344,448x448,448x448,3,3,32,1,1,independent_all_resident,4096,2539.52,5760,96,20395.52,19.918,False,-3499.52,1,0,0,105.06,n/a
costsim-02387,B4-lite,mid_7b_vlm,Mid 7B VLM proxy,12000,6144,1344x1344,448x448,448x448,3,3,32,2,2,independent_all_resident,4096,2539.52,5760,96,20395.52,19.918,False,-3499.52,2,0,0,123.06,n/a
costsim-02388,B4-lite,mid_7b_vlm,Mid 7B VLM proxy,12000,6144,1344x1344,448x448,448x448,3,3,32,4,4,independent_all_resident,4096,2539.52,5760,96,20395.52,19.918,False,-3499.52,4,0,0,159.06,n/a
costsim-02389,B4-lite,mid_7b_vlm,Mid 7B VLM proxy,12000,6144,1344x1344,448x448,448x448,5,5,4,1,1,independent_all_resident,6144,3809.28,720,96,16625.28,16.236,True,270.72,1,0,0,127.58,n/a
costsim-02390,B4-lite,mid_7b_vlm,Mid 7B VLM proxy,12000,6144,1344x1344,448x448,448x448,5,5,4,2,2,independent_all_resident,6144,3809.28,720,96,16625.28,16.236,True,270.72,2,0,0,145.58,n/a
costsim-02391,B4-lite,mid_7b_vlm,Mid 7B VLM proxy,12000,6144,1344x1344,448x448,448x448,5,5,4,4,4,independent_all_resident,6144,3809.28,720,96,16625.28,16.236,True,270.72,4,0,0,181.58,n/a
costsim-02392,B4-lite,mid_7b_vlm,Mid 7B VLM proxy,12000,6144,1344x1344,448x448,448x448,5,5,8,1,1,independent_all_resident,6144,3809.28,1440,96,17345.28,16.939,False,-449.28,1,0,0,127.58,n/a
costsim-02393,B4-lite,mid_7b_vlm,Mid 7B VLM proxy,12000,6144,1344x1344,448x448,448x448,5,5,8,2,2,independent_all_resident,6144,3809.28,1440,96,17345.28,16.939,False,-449.28,2,0,0,145.58,n/a
costsim-02394,B4-lite,mid_7b_vlm,Mid 7B VLM proxy,12000,6144,1344x1344,448x448,448x448,5,5,8,4,4,independent_all_resident,6144,3809.28,1440,96,17345.28,16.939,False,-449.28,4,0,0,181.58,n/a
costsim-02395,B4-lite,mid_7b_vlm,Mid 7B VLM proxy,12000,6144,1344x1344,448x448,448x448,5,5,16,1,1,independent_all_resident,6144,3809.28,2880,96,18785.28,18.345,False,-1889.28,1,0,0,127.58,n/a
costsim-02396,B4-lite,mid_7b_vlm,Mid 7B VLM proxy,12000,6144,1344x1344,448x448,448x448,5,5,16,2,2,independent_all_resident,6144,3809.28,2880,96,18785.28,18.345,False,-1889.28,2,0,0,145.58,n/a
costsim-02397,B4-lite,mid_7b_vlm,Mid 7B VLM proxy,12000,6144,1344x1344,448x448,448x448,5,5,16,4,4,independent_all_resident,6144,3809.28,2880,96,18785.28,18.345,False,-1889.28,4,0,0,181.58,n/a
costsim-02398,B4-lite,mid_7b_vlm,Mid 7B VLM proxy,12000,6144,1344x1344,448x448,448x448,5,5,32,1,1,independent_all_resident,6144,3809.28,5760,96,21665.28,21.157,False,-4769.28,1,0,0,127.58,n/a
costsim-02399,B4-lite,mid_7b_vlm,Mid 7B VLM proxy,12000,6144,1344x1344,448x448,448x448,5,5,32,2,2,independent_all_resident,6144,3809.28,5760,96,21665.28,21.157,False,-4769.28,2,0,0,145.58,n/a
costsim-02400,B4-lite,mid_7b_vlm,Mid 7B VLM proxy,12000,6144,1344x1344,448x448,448x448,5,5,32,4,4,independent_all_resident,6144,3809.28,5760,96,21665.28,21.157,False,-4769.28,4,0,0,181.58,n/a
costsim-02401,B5-lite,mid_7b_vlm,Mid 7B VLM proxy,12000,6144,1344x1344,336x336,336x336,1,1,4,1,1,shared_all_resident,1152,714.24,400,96,13210.24,12.901,True,3685.76,1,0,0,62.67,n/a
costsim-02402,B5-lite,mid_7b_vlm,Mid 7B VLM proxy,12000,6144,1344x1344,336x336,336x336,1,1,4,2,2,shared_all_resident,1152,714.24,400,96,13210.24,12.901,True,3685.76,2,0,0,70.67,n/a
costsim-02403,B5-lite,mid_7b_vlm,Mid 7B VLM proxy,12000,6144,1344x1344,336x336,336x336,1,1,4,4,4,shared_all_resident,1152,714.24,400,96,13210.24,12.901,True,3685.76,4,0,0,86.67,n/a
costsim-02404,B5-lite,mid_7b_vlm,Mid 7B VLM proxy,12000,6144,1344x1344,336x336,336x336,1,1,8,1,1,shared_all_resident,1152,714.24,580,96,13390.24,13.076,True,3505.76,1,0,0,62.67,n/a
costsim-02405,B5-lite,mid_7b_vlm,Mid 7B VLM proxy,12000,6144,1344x1344,336x336,336x336,1,1,8,2,2,shared_all_resident,1152,714.24,580,96,13390.24,13.076,True,3505.76,2,0,0,70.67,n/a
costsim-02406,B5-lite,mid_7b_vlm,Mid 7B VLM proxy,12000,6144,1344x1344,336x336,336x336,1,1,8,4,4,shared_all_resident,1152,714.24,580,96,13390.24,13.076,True,3505.76,4,0,0,86.67,n/a
costsim-02407,B5-lite,mid_7b_vlm,Mid 7B VLM proxy,12000,6144,1344x1344,336x336,336x336,1,1,16,1,1,shared_all_resident,1152,714.24,940,96,13750.24,13.428,True,3145.76,1,0,0,62.67,n/a
costsim-02408,B5-lite,mid_7b_vlm,Mid 7B VLM proxy,12000,6144,1344x1344,336x336,336x336,1,1,16,2,2,shared_all_resident,1152,714.24,940,96,13750.24,13.428,True,3145.76,2,0,0,70.67,n/a
costsim-02409,B5-lite,mid_7b_vlm,Mid 7B VLM proxy,12000,6144,1344x1344,336x336,336x336,1,1,16,4,4,shared_all_resident,1152,714.24,940,96,13750.24,13.428,True,3145.76,4,0,0,86.67,n/a
costsim-02410,B5-lite,mid_7b_vlm,Mid 7B VLM proxy,12000,6144,1344x1344,336x336,336x336,1,1,32,1,1,shared_all_resident,1152,714.24,1660,96,14470.24,14.131,True,2425.76,1,0,0,62.67,n/a
costsim-02411,B5-lite,mid_7b_vlm,Mid 7B VLM proxy,12000,6144,1344x1344,336x336,336x336,1,1,32,2,2,shared_all_resident,1152,714.24,1660,96,14470.24,14.131,True,2425.76,2,0,0,70.67,n/a
costsim-02412,B5-lite,mid_7b_vlm,Mid 7B VLM proxy,12000,6144,1344x1344,336x336,336x336,1,1,32,4,4,shared_all_resident,1152,714.24,1660,96,14470.24,14.131,True,2425.76,4,0,0,86.67,n/a
costsim-02413,B5-lite,mid_7b_vlm,Mid 7B VLM proxy,12000,6144,1344x1344,336x336,336x336,3,3,4,1,1,shared_all_resident,2304,1428.48,400,96,13924.48,13.598,True,2971.52,1,0,0,75.34,n/a
costsim-02414,B5-lite,mid_7b_vlm,Mid 7B VLM proxy,12000,6144,1344x1344,336x336,336x336,3,3,4,2,2,shared_all_resident,2304,1428.48,400,96,13924.48,13.598,True,2971.52,2,0,0,83.34,n/a
costsim-02415,B5-lite,mid_7b_vlm,Mid 7B VLM proxy,12000,6144,1344x1344,336x336,336x336,3,3,4,4,4,shared_all_resident,2304,1428.48,400,96,13924.48,13.598,True,2971.52,4,0,0,99.34,n/a
costsim-02416,B5-lite,mid_7b_vlm,Mid 7B VLM proxy,12000,6144,1344x1344,336x336,336x336,3,3,8,1,1,shared_all_resident,2304,1428.48,580,96,14104.48,13.774,True,2791.52,1,0,0,75.34,n/a
costsim-02417,B5-lite,mid_7b_vlm,Mid 7B VLM proxy,12000,6144,1344x1344,336x336,336x336,3,3,8,2,2,shared_all_resident,2304,1428.48,580,96,14104.48,13.774,True,2791.52,2,0,0,83.34,n/a
costsim-02418,B5-lite,mid_7b_vlm,Mid 7B VLM proxy,12000,6144,1344x1344,336x336,336x336,3,3,8,4,4,shared_all_resident,2304,1428.48,580,96,14104.48,13.774,True,2791.52,4,0,0,99.34,n/a
costsim-02419,B5-lite,mid_7b_vlm,Mid 7B VLM proxy,12000,6144,1344x1344,336x336,336x336,3,3,16,1,1,shared_all_resident,2304,1428.48,940,96,14464.48,14.125,True,2431.52,1,0,0,75.34,n/a
costsim-02420,B5-lite,mid_7b_vlm,Mid 7B VLM proxy,12000,6144,1344x1344,336x336,336x336,3,3,16,2,2,shared_all_resident,2304,1428.48,940,96,14464.48,14.125,True,2431.52,2,0,0,83.34,n/a
costsim-02421,B5-lite,mid_7b_vlm,Mid 7B VLM proxy,12000,6144,1344x1344,336x336,336x336,3,3,16,4,4,shared_all_resident,2304,1428.48,940,96,14464.48,14.125,True,2431.52,4,0,0,99.34,n/a
costsim-02422,B5-lite,mid_7b_vlm,Mid 7B VLM proxy,12000,6144,1344x1344,336x336,336x336,3,3,32,1,1,shared_all_resident,2304,1428.48,1660,96,15184.48,14.829,True,1711.52,1,0,0,75.34,n/a
costsim-02423,B5-lite,mid_7b_vlm,Mid 7B VLM proxy,12000,6144,1344x1344,336x336,336x336,3,3,32,2,2,shared_all_resident,2304,1428.48,1660,96,15184.48,14.829,True,1711.52,2,0,0,83.34,n/a
costsim-02424,B5-lite,mid_7b_vlm,Mid 7B VLM proxy,12000,6144,1344x1344,336x336,336x336,3,3,32,4,4,shared_all_resident,2304,1428.48,1660,96,15184.48,14.829,True,1711.52,4,0,0,99.34,n/a
costsim-02425,B5-lite,mid_7b_vlm,Mid 7B VLM proxy,12000,6144,1344x1344,336x336,336x336,5,5,4,1,1,shared_all_resident,3456,2142.72,400,96,14638.72,14.296,True,2257.28,1,0,0,88.02,n/a
costsim-02426,B5-lite,mid_7b_vlm,Mid 7B VLM proxy,12000,6144,1344x1344,336x336,336x336,5,5,4,2,2,shared_all_resident,3456,2142.72,400,96,14638.72,14.296,True,2257.28,2,0,0,96.02,n/a
costsim-02427,B5-lite,mid_7b_vlm,Mid 7B VLM proxy,12000,6144,1344x1344,336x336,336x336,5,5,4,4,4,shared_all_resident,3456,2142.72,400,96,14638.72,14.296,True,2257.28,4,0,0,112.02,n/a
costsim-02428,B5-lite,mid_7b_vlm,Mid 7B VLM proxy,12000,6144,1344x1344,336x336,336x336,5,5,8,1,1,shared_all_resident,3456,2142.72,580,96,14818.72,14.471,True,2077.28,1,0,0,88.02,n/a
costsim-02429,B5-lite,mid_7b_vlm,Mid 7B VLM proxy,12000,6144,1344x1344,336x336,336x336,5,5,8,2,2,shared_all_resident,3456,2142.72,580,96,14818.72,14.471,True,2077.28,2,0,0,96.02,n/a
costsim-02430,B5-lite,mid_7b_vlm,Mid 7B VLM proxy,12000,6144,1344x1344,336x336,336x336,5,5,8,4,4,shared_all_resident,3456,2142.72,580,96,14818.72,14.471,True,2077.28,4,0,0,112.02,n/a
costsim-02431,B5-lite,mid_7b_vlm,Mid 7B VLM proxy,12000,6144,1344x1344,336x336,336x336,5,5,16,1,1,shared_all_resident,3456,2142.72,940,96,15178.72,14.823,True,1717.28,1,0,0,88.02,n/a
costsim-02432,B5-lite,mid_7b_vlm,Mid 7B VLM proxy,12000,6144,1344x1344,336x336,336x336,5,5,16,2,2,shared_all_resident,3456,2142.72,940,96,15178.72,14.823,True,1717.28,2,0,0,96.02,n/a
costsim-02433,B5-lite,mid_7b_vlm,Mid 7B VLM proxy,12000,6144,1344x1344,336x336,336x336,5,5,16,4,4,shared_all_resident,3456,2142.72,940,96,15178.72,14.823,True,1717.28,4,0,0,112.02,n/a
costsim-02434,B5-lite,mid_7b_vlm,Mid 7B VLM proxy,12000,6144,1344x1344,336x336,336x336,5,5,32,1,1,shared_all_resident,3456,2142.72,1660,96,15898.72,15.526,True,997.28,1,0,0,88.02,n/a
costsim-02435,B5-lite,mid_7b_vlm,Mid 7B VLM proxy,12000,6144,1344x1344,336x336,336x336,5,5,32,2,2,shared_all_resident,3456,2142.72,1660,96,15898.72,15.526,True,997.28,2,0,0,96.02,n/a
costsim-02436,B5-lite,mid_7b_vlm,Mid 7B VLM proxy,12000,6144,1344x1344,336x336,336x336,5,5,32,4,4,shared_all_resident,3456,2142.72,1660,96,15898.72,15.526,True,997.28,4,0,0,112.02,n/a
costsim-02437,B5-lite,mid_7b_vlm,Mid 7B VLM proxy,12000,6144,1344x1344,336x336,448x448,1,1,4,1,1,shared_all_resident,1600,992.0,400,96,13488.0,13.172,True,3408.0,1,0,0,67.6,n/a
costsim-02438,B5-lite,mid_7b_vlm,Mid 7B VLM proxy,12000,6144,1344x1344,336x336,448x448,1,1,4,2,2,shared_all_resident,1600,992.0,400,96,13488.0,13.172,True,3408.0,2,0,0,75.6,n/a
costsim-02439,B5-lite,mid_7b_vlm,Mid 7B VLM proxy,12000,6144,1344x1344,336x336,448x448,1,1,4,4,4,shared_all_resident,1600,992.0,400,96,13488.0,13.172,True,3408.0,4,0,0,91.6,n/a
costsim-02440,B5-lite,mid_7b_vlm,Mid 7B VLM proxy,12000,6144,1344x1344,336x336,448x448,1,1,8,1,1,shared_all_resident,1600,992.0,580,96,13668.0,13.348,True,3228.0,1,0,0,67.6,n/a
costsim-02441,B5-lite,mid_7b_vlm,Mid 7B VLM proxy,12000,6144,1344x1344,336x336,448x448,1,1,8,2,2,shared_all_resident,1600,992.0,580,96,13668.0,13.348,True,3228.0,2,0,0,75.6,n/a
costsim-02442,B5-lite,mid_7b_vlm,Mid 7B VLM proxy,12000,6144,1344x1344,336x336,448x448,1,1,8,4,4,shared_all_resident,1600,992.0,580,96,13668.0,13.348,True,3228.0,4,0,0,91.6,n/a
costsim-02443,B5-lite,mid_7b_vlm,Mid 7B VLM proxy,12000,6144,1344x1344,336x336,448x448,1,1,16,1,1,shared_all_resident,1600,992.0,940,96,14028.0,13.699,True,2868.0,1,0,0,67.6,n/a
costsim-02444,B5-lite,mid_7b_vlm,Mid 7B VLM proxy,12000,6144,1344x1344,336x336,448x448,1,1,16,2,2,shared_all_resident,1600,992.0,940,96,14028.0,13.699,True,2868.0,2,0,0,75.6,n/a
costsim-02445,B5-lite,mid_7b_vlm,Mid 7B VLM proxy,12000,6144,1344x1344,336x336,448x448,1,1,16,4,4,shared_all_resident,1600,992.0,940,96,14028.0,13.699,True,2868.0,4,0,0,91.6,n/a
costsim-02446,B5-lite,mid_7b_vlm,Mid 7B VLM proxy,12000,6144,1344x1344,336x336,448x448,1,1,32,1,1,shared_all_resident,1600,992.0,1660,96,14748.0,14.402,True,2148.0,1,0,0,67.6,n/a
costsim-02447,B5-lite,mid_7b_vlm,Mid 7B VLM proxy,12000,6144,1344x1344,336x336,448x448,1,1,32,2,2,shared_all_resident,1600,992.0,1660,96,14748.0,14.402,True,2148.0,2,0,0,75.6,n/a
costsim-02448,B5-lite,mid_7b_vlm,Mid 7B VLM proxy,12000,6144,1344x1344,336x336,448x448,1,1,32,4,4,shared_all_resident,1600,992.0,1660,96,14748.0,14.402,True,2148.0,4,0,0,91.6,n/a
costsim-02449,B5-lite,mid_7b_vlm,Mid 7B VLM proxy,12000,6144,1344x1344,336x336,448x448,3,3,4,1,1,shared_all_resident,3648,2261.76,400,96,14757.76,14.412,True,2138.24,1,0,0,90.13,n/a
costsim-02450,B5-lite,mid_7b_vlm,Mid 7B VLM proxy,12000,6144,1344x1344,336x336,448x448,3,3,4,2,2,shared_all_resident,3648,2261.76,400,96,14757.76,14.412,True,2138.24,2,0,0,98.13,n/a
costsim-02451,B5-lite,mid_7b_vlm,Mid 7B VLM proxy,12000,6144,1344x1344,336x336,448x448,3,3,4,4,4,shared_all_resident,3648,2261.76,400,96,14757.76,14.412,True,2138.24,4,0,0,114.13,n/a
costsim-02452,B5-lite,mid_7b_vlm,Mid 7B VLM proxy,12000,6144,1344x1344,336x336,448x448,3,3,8,1,1,shared_all_resident,3648,2261.76,580,96,14937.76,14.588,True,1958.24,1,0,0,90.13,n/a
costsim-02453,B5-lite,mid_7b_vlm,Mid 7B VLM proxy,12000,6144,1344x1344,336x336,448x448,3,3,8,2,2,shared_all_resident,3648,2261.76,580,96,14937.76,14.588,True,1958.24,2,0,0,98.13,n/a
costsim-02454,B5-lite,mid_7b_vlm,Mid 7B VLM proxy,12000,6144,1344x1344,336x336,448x448,3,3,8,4,4,shared_all_resident,3648,2261.76,580,96,14937.76,14.588,True,1958.24,4,0,0,114.13,n/a
costsim-02455,B5-lite,mid_7b_vlm,Mid 7B VLM proxy,12000,6144,1344x1344,336x336,448x448,3,3,16,1,1,shared_all_resident,3648,2261.76,940,96,15297.76,14.939,True,1598.24,1,0,0,90.13,n/a
costsim-02456,B5-lite,mid_7b_vlm,Mid 7B VLM proxy,12000,6144,1344x1344,336x336,448x448,3,3,16,2,2,shared_all_resident,3648,2261.76,940,96,15297.76,14.939,True,1598.24,2,0,0,98.13,n/a
costsim-02457,B5-lite,mid_7b_vlm,Mid 7B VLM proxy,12000,6144,1344x1344,336x336,448x448,3,3,16,4,4,shared_all_resident,3648,2261.76,940,96,15297.76,14.939,True,1598.24,4,0,0,114.13,n/a
costsim-02458,B5-lite,mid_7b_vlm,Mid 7B VLM proxy,12000,6144,1344x1344,336x336,448x448,3,3,32,1,1,shared_all_resident,3648,2261.76,1660,96,16017.76,15.642,True,878.24,1,0,0,90.13,n/a
costsim-02459,B5-lite,mid_7b_vlm,Mid 7B VLM proxy,12000,6144,1344x1344,336x336,448x448,3,3,32,2,2,shared_all_resident,3648,2261.76,1660,96,16017.76,15.642,True,878.24,2,0,0,98.13,n/a
costsim-02460,B5-lite,mid_7b_vlm,Mid 7B VLM proxy,12000,6144,1344x1344,336x336,448x448,3,3,32,4,4,shared_all_resident,3648,2261.76,1660,96,16017.76,15.642,True,878.24,4,0,0,114.13,n/a
costsim-02461,B5-lite,mid_7b_vlm,Mid 7B VLM proxy,12000,6144,1344x1344,336x336,448x448,5,5,4,1,1,shared_all_resident,5696,3531.52,400,96,16027.52,15.652,True,868.48,1,0,0,112.66,n/a
costsim-02462,B5-lite,mid_7b_vlm,Mid 7B VLM proxy,12000,6144,1344x1344,336x336,448x448,5,5,4,2,2,shared_all_resident,5696,3531.52,400,96,16027.52,15.652,True,868.48,2,0,0,120.66,n/a
costsim-02463,B5-lite,mid_7b_vlm,Mid 7B VLM proxy,12000,6144,1344x1344,336x336,448x448,5,5,4,4,4,shared_all_resident,5696,3531.52,400,96,16027.52,15.652,True,868.48,4,0,0,136.66,n/a
costsim-02464,B5-lite,mid_7b_vlm,Mid 7B VLM proxy,12000,6144,1344x1344,336x336,448x448,5,5,8,1,1,shared_all_resident,5696,3531.52,580,96,16207.52,15.828,True,688.48,1,0,0,112.66,n/a
costsim-02465,B5-lite,mid_7b_vlm,Mid 7B VLM proxy,12000,6144,1344x1344,336x336,448x448,5,5,8,2,2,shared_all_resident,5696,3531.52,580,96,16207.52,15.828,True,688.48,2,0,0,120.66,n/a
costsim-02466,B5-lite,mid_7b_vlm,Mid 7B VLM proxy,12000,6144,1344x1344,336x336,448x448,5,5,8,4,4,shared_all_resident,5696,3531.52,580,96,16207.52,15.828,True,688.48,4,0,0,136.66,n/a
costsim-02467,B5-lite,mid_7b_vlm,Mid 7B VLM proxy,12000,6144,1344x1344,336x336,448x448,5,5,16,1,1,shared_all_resident,5696,3531.52,940,96,16567.52,16.179,True,328.48,1,0,0,112.66,n/a
costsim-02468,B5-lite,mid_7b_vlm,Mid 7B VLM proxy,12000,6144,1344x1344,336x336,448x448,5,5,16,2,2,shared_all_resident,5696,3531.52,940,96,16567.52,16.179,True,328.48,2,0,0,120.66,n/a
costsim-02469,B5-lite,mid_7b_vlm,Mid 7B VLM proxy,12000,6144,1344x1344,336x336,448x448,5,5,16,4,4,shared_all_resident,5696,3531.52,940,96,16567.52,16.179,True,328.48,4,0,0,136.66,n/a
costsim-02470,B5-lite,mid_7b_vlm,Mid 7B VLM proxy,12000,6144,1344x1344,336x336,448x448,5,5,32,1,1,shared_all_resident,5696,3531.52,1660,96,17287.52,16.882,False,-391.52,1,0,0,112.66,n/a
costsim-02471,B5-lite,mid_7b_vlm,Mid 7B VLM proxy,12000,6144,1344x1344,336x336,448x448,5,5,32,2,2,shared_all_resident,5696,3531.52,1660,96,17287.52,16.882,False,-391.52,2,0,0,120.66,n/a
costsim-02472,B5-lite,mid_7b_vlm,Mid 7B VLM proxy,12000,6144,1344x1344,336x336,448x448,5,5,32,4,4,shared_all_resident,5696,3531.52,1660,96,17287.52,16.882,False,-391.52,4,0,0,136.66,n/a
costsim-02473,B5-lite,mid_7b_vlm,Mid 7B VLM proxy,12000,6144,1344x1344,448x448,336x336,1,1,4,1,1,shared_all_resident,1600,992.0,400,96,13488.0,13.172,True,3408.0,1,0,0,67.6,n/a
costsim-02474,B5-lite,mid_7b_vlm,Mid 7B VLM proxy,12000,6144,1344x1344,448x448,336x336,1,1,4,2,2,shared_all_resident,1600,992.0,400,96,13488.0,13.172,True,3408.0,2,0,0,75.6,n/a
costsim-02475,B5-lite,mid_7b_vlm,Mid 7B VLM proxy,12000,6144,1344x1344,448x448,336x336,1,1,4,4,4,shared_all_resident,1600,992.0,400,96,13488.0,13.172,True,3408.0,4,0,0,91.6,n/a
costsim-02476,B5-lite,mid_7b_vlm,Mid 7B VLM proxy,12000,6144,1344x1344,448x448,336x336,1,1,8,1,1,shared_all_resident,1600,992.0,580,96,13668.0,13.348,True,3228.0,1,0,0,67.6,n/a
costsim-02477,B5-lite,mid_7b_vlm,Mid 7B VLM proxy,12000,6144,1344x1344,448x448,336x336,1,1,8,2,2,shared_all_resident,1600,992.0,580,96,13668.0,13.348,True,3228.0,2,0,0,75.6,n/a
costsim-02478,B5-lite,mid_7b_vlm,Mid 7B VLM proxy,12000,6144,1344x1344,448x448,336x336,1,1,8,4,4,shared_all_resident,1600,992.0,580,96,13668.0,13.348,True,3228.0,4,0,0,91.6,n/a
costsim-02479,B5-lite,mid_7b_vlm,Mid 7B VLM proxy,12000,6144,1344x1344,448x448,336x336,1,1,16,1,1,shared_all_resident,1600,992.0,940,96,14028.0,13.699,True,2868.0,1,0,0,67.6,n/a
costsim-02480,B5-lite,mid_7b_vlm,Mid 7B VLM proxy,12000,6144,1344x1344,448x448,336x336,1,1,16,2,2,shared_all_resident,1600,992.0,940,96,14028.0,13.699,True,2868.0,2,0,0,75.6,n/a
costsim-02481,B5-lite,mid_7b_vlm,Mid 7B VLM proxy,12000,6144,1344x1344,448x448,336x336,1,1,16,4,4,shared_all_resident,1600,992.0,940,96,14028.0,13.699,True,2868.0,4,0,0,91.6,n/a
costsim-02482,B5-lite,mid_7b_vlm,Mid 7B VLM proxy,12000,6144,1344x1344,448x448,336x336,1,1,32,1,1,shared_all_resident,1600,992.0,1660,96,14748.0,14.402,True,2148.0,1,0,0,67.6,n/a
costsim-02483,B5-lite,mid_7b_vlm,Mid 7B VLM proxy,12000,6144,1344x1344,448x448,336x336,1,1,32,2,2,shared_all_resident,1600,992.0,1660,96,14748.0,14.402,True,2148.0,2,0,0,75.6,n/a
costsim-02484,B5-lite,mid_7b_vlm,Mid 7B VLM proxy,12000,6144,1344x1344,448x448,336x336,1,1,32,4,4,shared_all_resident,1600,992.0,1660,96,14748.0,14.402,True,2148.0,4,0,0,91.6,n/a
costsim-02485,B5-lite,mid_7b_vlm,Mid 7B VLM proxy,12000,6144,1344x1344,448x448,336x336,3,3,4,1,1,shared_all_resident,2752,1706.24,400,96,14202.24,13.869,True,2693.76,1,0,0,80.27,n/a
costsim-02486,B5-lite,mid_7b_vlm,Mid 7B VLM proxy,12000,6144,1344x1344,448x448,336x336,3,3,4,2,2,shared_all_resident,2752,1706.24,400,96,14202.24,13.869,True,2693.76,2,0,0,88.27,n/a
costsim-02487,B5-lite,mid_7b_vlm,Mid 7B VLM proxy,12000,6144,1344x1344,448x448,336x336,3,3,4,4,4,shared_all_resident,2752,1706.24,400,96,14202.24,13.869,True,2693.76,4,0,0,104.27,n/a
costsim-02488,B5-lite,mid_7b_vlm,Mid 7B VLM proxy,12000,6144,1344x1344,448x448,336x336,3,3,8,1,1,shared_all_resident,2752,1706.24,580,96,14382.24,14.045,True,2513.76,1,0,0,80.27,n/a
costsim-02489,B5-lite,mid_7b_vlm,Mid 7B VLM proxy,12000,6144,1344x1344,448x448,336x336,3,3,8,2,2,shared_all_resident,2752,1706.24,580,96,14382.24,14.045,True,2513.76,2,0,0,88.27,n/a
costsim-02490,B5-lite,mid_7b_vlm,Mid 7B VLM proxy,12000,6144,1344x1344,448x448,336x336,3,3,8,4,4,shared_all_resident,2752,1706.24,580,96,14382.24,14.045,True,2513.76,4,0,0,104.27,n/a
costsim-02491,B5-lite,mid_7b_vlm,Mid 7B VLM proxy,12000,6144,1344x1344,448x448,336x336,3,3,16,1,1,shared_all_resident,2752,1706.24,940,96,14742.24,14.397,True,2153.76,1,0,0,80.27,n/a
costsim-02492,B5-lite,mid_7b_vlm,Mid 7B VLM proxy,12000,6144,1344x1344,448x448,336x336,3,3,16,2,2,shared_all_resident,2752,1706.24,940,96,14742.24,14.397,True,2153.76,2,0,0,88.27,n/a
costsim-02493,B5-lite,mid_7b_vlm,Mid 7B VLM proxy,12000,6144,1344x1344,448x448,336x336,3,3,16,4,4,shared_all_resident,2752,1706.24,940,96,14742.24,14.397,True,2153.76,4,0,0,104.27,n/a
costsim-02494,B5-lite,mid_7b_vlm,Mid 7B VLM proxy,12000,6144,1344x1344,448x448,336x336,3,3,32,1,1,shared_all_resident,2752,1706.24,1660,96,15462.24,15.1,True,1433.76,1,0,0,80.27,n/a
costsim-02495,B5-lite,mid_7b_vlm,Mid 7B VLM proxy,12000,6144,1344x1344,448x448,336x336,3,3,32,2,2,shared_all_resident,2752,1706.24,1660,96,15462.24,15.1,True,1433.76,2,0,0,88.27,n/a
costsim-02496,B5-lite,mid_7b_vlm,Mid 7B VLM proxy,12000,6144,1344x1344,448x448,336x336,3,3,32,4,4,shared_all_resident,2752,1706.24,1660,96,15462.24,15.1,True,1433.76,4,0,0,104.27,n/a
costsim-02497,B5-lite,mid_7b_vlm,Mid 7B VLM proxy,12000,6144,1344x1344,448x448,336x336,5,5,4,1,1,shared_all_resident,3904,2420.48,400,96,14916.48,14.567,True,1979.52,1,0,0,92.94,n/a
costsim-02498,B5-lite,mid_7b_vlm,Mid 7B VLM proxy,12000,6144,1344x1344,448x448,336x336,5,5,4,2,2,shared_all_resident,3904,2420.48,400,96,14916.48,14.567,True,1979.52,2,0,0,100.94,n/a
costsim-02499,B5-lite,mid_7b_vlm,Mid 7B VLM proxy,12000,6144,1344x1344,448x448,336x336,5,5,4,4,4,shared_all_resident,3904,2420.48,400,96,14916.48,14.567,True,1979.52,4,0,0,116.94,n/a
costsim-02500,B5-lite,mid_7b_vlm,Mid 7B VLM proxy,12000,6144,1344x1344,448x448,336x336,5,5,8,1,1,shared_all_resident,3904,2420.48,580,96,15096.48,14.743,True,1799.52,1,0,0,92.94,n/a
costsim-02501,B5-lite,mid_7b_vlm,Mid 7B VLM proxy,12000,6144,1344x1344,448x448,336x336,5,5,8,2,2,shared_all_resident,3904,2420.48,580,96,15096.48,14.743,True,1799.52,2,0,0,100.94,n/a
costsim-02502,B5-lite,mid_7b_vlm,Mid 7B VLM proxy,12000,6144,1344x1344,448x448,336x336,5,5,8,4,4,shared_all_resident,3904,2420.48,580,96,15096.48,14.743,True,1799.52,4,0,0,116.94,n/a
costsim-02503,B5-lite,mid_7b_vlm,Mid 7B VLM proxy,12000,6144,1344x1344,448x448,336x336,5,5,16,1,1,shared_all_resident,3904,2420.48,940,96,15456.48,15.094,True,1439.52,1,0,0,92.94,n/a
costsim-02504,B5-lite,mid_7b_vlm,Mid 7B VLM proxy,12000,6144,1344x1344,448x448,336x336,5,5,16,2,2,shared_all_resident,3904,2420.48,940,96,15456.48,15.094,True,1439.52,2,0,0,100.94,n/a
costsim-02505,B5-lite,mid_7b_vlm,Mid 7B VLM proxy,12000,6144,1344x1344,448x448,336x336,5,5,16,4,4,shared_all_resident,3904,2420.48,940,96,15456.48,15.094,True,1439.52,4,0,0,116.94,n/a
costsim-02506,B5-lite,mid_7b_vlm,Mid 7B VLM proxy,12000,6144,1344x1344,448x448,336x336,5,5,32,1,1,shared_all_resident,3904,2420.48,1660,96,16176.48,15.797,True,719.52,1,0,0,92.94,n/a
costsim-02507,B5-lite,mid_7b_vlm,Mid 7B VLM proxy,12000,6144,1344x1344,448x448,336x336,5,5,32,2,2,shared_all_resident,3904,2420.48,1660,96,16176.48,15.797,True,719.52,2,0,0,100.94,n/a
costsim-02508,B5-lite,mid_7b_vlm,Mid 7B VLM proxy,12000,6144,1344x1344,448x448,336x336,5,5,32,4,4,shared_all_resident,3904,2420.48,1660,96,16176.48,15.797,True,719.52,4,0,0,116.94,n/a
costsim-02509,B5-lite,mid_7b_vlm,Mid 7B VLM proxy,12000,6144,1344x1344,448x448,448x448,1,1,4,1,1,shared_all_resident,2048,1269.76,400,96,13765.76,13.443,True,3130.24,1,0,0,72.53,n/a
costsim-02510,B5-lite,mid_7b_vlm,Mid 7B VLM proxy,12000,6144,1344x1344,448x448,448x448,1,1,4,2,2,shared_all_resident,2048,1269.76,400,96,13765.76,13.443,True,3130.24,2,0,0,80.53,n/a
costsim-02511,B5-lite,mid_7b_vlm,Mid 7B VLM proxy,12000,6144,1344x1344,448x448,448x448,1,1,4,4,4,shared_all_resident,2048,1269.76,400,96,13765.76,13.443,True,3130.24,4,0,0,96.53,n/a
costsim-02512,B5-lite,mid_7b_vlm,Mid 7B VLM proxy,12000,6144,1344x1344,448x448,448x448,1,1,8,1,1,shared_all_resident,2048,1269.76,580,96,13945.76,13.619,True,2950.24,1,0,0,72.53,n/a
costsim-02513,B5-lite,mid_7b_vlm,Mid 7B VLM proxy,12000,6144,1344x1344,448x448,448x448,1,1,8,2,2,shared_all_resident,2048,1269.76,580,96,13945.76,13.619,True,2950.24,2,0,0,80.53,n/a
costsim-02514,B5-lite,mid_7b_vlm,Mid 7B VLM proxy,12000,6144,1344x1344,448x448,448x448,1,1,8,4,4,shared_all_resident,2048,1269.76,580,96,13945.76,13.619,True,2950.24,4,0,0,96.53,n/a
costsim-02515,B5-lite,mid_7b_vlm,Mid 7B VLM proxy,12000,6144,1344x1344,448x448,448x448,1,1,16,1,1,shared_all_resident,2048,1269.76,940,96,14305.76,13.97,True,2590.24,1,0,0,72.53,n/a
costsim-02516,B5-lite,mid_7b_vlm,Mid 7B VLM proxy,12000,6144,1344x1344,448x448,448x448,1,1,16,2,2,shared_all_resident,2048,1269.76,940,96,14305.76,13.97,True,2590.24,2,0,0,80.53,n/a
costsim-02517,B5-lite,mid_7b_vlm,Mid 7B VLM proxy,12000,6144,1344x1344,448x448,448x448,1,1,16,4,4,shared_all_resident,2048,1269.76,940,96,14305.76,13.97,True,2590.24,4,0,0,96.53,n/a
costsim-02518,B5-lite,mid_7b_vlm,Mid 7B VLM proxy,12000,6144,1344x1344,448x448,448x448,1,1,32,1,1,shared_all_resident,2048,1269.76,1660,96,15025.76,14.674,True,1870.24,1,0,0,72.53,n/a
costsim-02519,B5-lite,mid_7b_vlm,Mid 7B VLM proxy,12000,6144,1344x1344,448x448,448x448,1,1,32,2,2,shared_all_resident,2048,1269.76,1660,96,15025.76,14.674,True,1870.24,2,0,0,80.53,n/a
costsim-02520,B5-lite,mid_7b_vlm,Mid 7B VLM proxy,12000,6144,1344x1344,448x448,448x448,1,1,32,4,4,shared_all_resident,2048,1269.76,1660,96,15025.76,14.674,True,1870.24,4,0,0,96.53,n/a
costsim-02521,B5-lite,mid_7b_vlm,Mid 7B VLM proxy,12000,6144,1344x1344,448x448,448x448,3,3,4,1,1,shared_all_resident,4096,2539.52,400,96,15035.52,14.683,True,1860.48,1,0,0,95.06,n/a
costsim-02522,B5-lite,mid_7b_vlm,Mid 7B VLM proxy,12000,6144,1344x1344,448x448,448x448,3,3,4,2,2,shared_all_resident,4096,2539.52,400,96,15035.52,14.683,True,1860.48,2,0,0,103.06,n/a
costsim-02523,B5-lite,mid_7b_vlm,Mid 7B VLM proxy,12000,6144,1344x1344,448x448,448x448,3,3,4,4,4,shared_all_resident,4096,2539.52,400,96,15035.52,14.683,True,1860.48,4,0,0,119.06,n/a
costsim-02524,B5-lite,mid_7b_vlm,Mid 7B VLM proxy,12000,6144,1344x1344,448x448,448x448,3,3,8,1,1,shared_all_resident,4096,2539.52,580,96,15215.52,14.859,True,1680.48,1,0,0,95.06,n/a
costsim-02525,B5-lite,mid_7b_vlm,Mid 7B VLM proxy,12000,6144,1344x1344,448x448,448x448,3,3,8,2,2,shared_all_resident,4096,2539.52,580,96,15215.52,14.859,True,1680.48,2,0,0,103.06,n/a
costsim-02526,B5-lite,mid_7b_vlm,Mid 7B VLM proxy,12000,6144,1344x1344,448x448,448x448,3,3,8,4,4,shared_all_resident,4096,2539.52,580,96,15215.52,14.859,True,1680.48,4,0,0,119.06,n/a
costsim-02527,B5-lite,mid_7b_vlm,Mid 7B VLM proxy,12000,6144,1344x1344,448x448,448x448,3,3,16,1,1,shared_all_resident,4096,2539.52,940,96,15575.52,15.21,True,1320.48,1,0,0,95.06,n/a
costsim-02528,B5-lite,mid_7b_vlm,Mid 7B VLM proxy,12000,6144,1344x1344,448x448,448x448,3,3,16,2,2,shared_all_resident,4096,2539.52,940,96,15575.52,15.21,True,1320.48,2,0,0,103.06,n/a
costsim-02529,B5-lite,mid_7b_vlm,Mid 7B VLM proxy,12000,6144,1344x1344,448x448,448x448,3,3,16,4,4,shared_all_resident,4096,2539.52,940,96,15575.52,15.21,True,1320.48,4,0,0,119.06,n/a
costsim-02530,B5-lite,mid_7b_vlm,Mid 7B VLM proxy,12000,6144,1344x1344,448x448,448x448,3,3,32,1,1,shared_all_resident,4096,2539.52,1660,96,16295.52,15.914,True,600.48,1,0,0,95.06,n/a
costsim-02531,B5-lite,mid_7b_vlm,Mid 7B VLM proxy,12000,6144,1344x1344,448x448,448x448,3,3,32,2,2,shared_all_resident,4096,2539.52,1660,96,16295.52,15.914,True,600.48,2,0,0,103.06,n/a
costsim-02532,B5-lite,mid_7b_vlm,Mid 7B VLM proxy,12000,6144,1344x1344,448x448,448x448,3,3,32,4,4,shared_all_resident,4096,2539.52,1660,96,16295.52,15.914,True,600.48,4,0,0,119.06,n/a
costsim-02533,B5-lite,mid_7b_vlm,Mid 7B VLM proxy,12000,6144,1344x1344,448x448,448x448,5,5,4,1,1,shared_all_resident,6144,3809.28,400,96,16305.28,15.923,True,590.72,1,0,0,117.58,n/a
costsim-02534,B5-lite,mid_7b_vlm,Mid 7B VLM proxy,12000,6144,1344x1344,448x448,448x448,5,5,4,2,2,shared_all_resident,6144,3809.28,400,96,16305.28,15.923,True,590.72,2,0,0,125.58,n/a
costsim-02535,B5-lite,mid_7b_vlm,Mid 7B VLM proxy,12000,6144,1344x1344,448x448,448x448,5,5,4,4,4,shared_all_resident,6144,3809.28,400,96,16305.28,15.923,True,590.72,4,0,0,141.58,n/a
costsim-02536,B5-lite,mid_7b_vlm,Mid 7B VLM proxy,12000,6144,1344x1344,448x448,448x448,5,5,8,1,1,shared_all_resident,6144,3809.28,580,96,16485.28,16.099,True,410.72,1,0,0,117.58,n/a
costsim-02537,B5-lite,mid_7b_vlm,Mid 7B VLM proxy,12000,6144,1344x1344,448x448,448x448,5,5,8,2,2,shared_all_resident,6144,3809.28,580,96,16485.28,16.099,True,410.72,2,0,0,125.58,n/a
costsim-02538,B5-lite,mid_7b_vlm,Mid 7B VLM proxy,12000,6144,1344x1344,448x448,448x448,5,5,8,4,4,shared_all_resident,6144,3809.28,580,96,16485.28,16.099,True,410.72,4,0,0,141.58,n/a
costsim-02539,B5-lite,mid_7b_vlm,Mid 7B VLM proxy,12000,6144,1344x1344,448x448,448x448,5,5,16,1,1,shared_all_resident,6144,3809.28,940,96,16845.28,16.45,True,50.72,1,0,0,117.58,n/a
costsim-02540,B5-lite,mid_7b_vlm,Mid 7B VLM proxy,12000,6144,1344x1344,448x448,448x448,5,5,16,2,2,shared_all_resident,6144,3809.28,940,96,16845.28,16.45,True,50.72,2,0,0,125.58,n/a
costsim-02541,B5-lite,mid_7b_vlm,Mid 7B VLM proxy,12000,6144,1344x1344,448x448,448x448,5,5,16,4,4,shared_all_resident,6144,3809.28,940,96,16845.28,16.45,True,50.72,4,0,0,141.58,n/a
costsim-02542,B5-lite,mid_7b_vlm,Mid 7B VLM proxy,12000,6144,1344x1344,448x448,448x448,5,5,32,1,1,shared_all_resident,6144,3809.28,1660,96,17565.28,17.154,False,-669.28,1,0,0,117.58,n/a
costsim-02543,B5-lite,mid_7b_vlm,Mid 7B VLM proxy,12000,6144,1344x1344,448x448,448x448,5,5,32,2,2,shared_all_resident,6144,3809.28,1660,96,17565.28,17.154,False,-669.28,2,0,0,125.58,n/a
costsim-02544,B5-lite,mid_7b_vlm,Mid 7B VLM proxy,12000,6144,1344x1344,448x448,448x448,5,5,32,4,4,shared_all_resident,6144,3809.28,1660,96,17565.28,17.154,False,-669.28,4,0,0,141.58,n/a
costsim-02545,B7-lite,mid_7b_vlm,Mid 7B VLM proxy,12000,6144,1344x1344,336x336,336x336,1,1,4,1,1,shared_budget_conditioned,1152,714.24,265,96,13075.24,12.769,True,3820.76,1,0,0,62.67,allow_initial_plan
costsim-02546,B7-lite,mid_7b_vlm,Mid 7B VLM proxy,12000,6144,1344x1344,336x336,336x336,1,1,4,2,2,shared_budget_conditioned,1152,714.24,310,96,13120.24,12.813,True,3775.76,2,0,0,70.67,allow_initial_plan
costsim-02547,B7-lite,mid_7b_vlm,Mid 7B VLM proxy,12000,6144,1344x1344,336x336,336x336,1,1,4,4,4,shared_budget_conditioned,1152,714.24,400,180,13294.24,12.983,True,3601.76,4,0,0,86.67,allow_initial_plan
costsim-02548,B7-lite,mid_7b_vlm,Mid 7B VLM proxy,12000,6144,1344x1344,336x336,336x336,1,1,8,1,1,shared_budget_conditioned,1152,714.24,265,96,13075.24,12.769,True,3820.76,1,0,0,62.67,allow_initial_plan
costsim-02549,B7-lite,mid_7b_vlm,Mid 7B VLM proxy,12000,6144,1344x1344,336x336,336x336,1,1,8,2,2,shared_budget_conditioned,1152,714.24,310,96,13120.24,12.813,True,3775.76,2,0,0,70.67,allow_initial_plan
costsim-02550,B7-lite,mid_7b_vlm,Mid 7B VLM proxy,12000,6144,1344x1344,336x336,336x336,1,1,8,4,4,shared_budget_conditioned,1152,714.24,400,180,13294.24,12.983,True,3601.76,4,0,0,86.67,allow_initial_plan
costsim-02551,B7-lite,mid_7b_vlm,Mid 7B VLM proxy,12000,6144,1344x1344,336x336,336x336,1,1,16,1,1,shared_budget_conditioned,1152,714.24,265,96,13075.24,12.769,True,3820.76,1,0,0,62.67,allow_initial_plan
costsim-02552,B7-lite,mid_7b_vlm,Mid 7B VLM proxy,12000,6144,1344x1344,336x336,336x336,1,1,16,2,2,shared_budget_conditioned,1152,714.24,310,96,13120.24,12.813,True,3775.76,2,0,0,70.67,allow_initial_plan
costsim-02553,B7-lite,mid_7b_vlm,Mid 7B VLM proxy,12000,6144,1344x1344,336x336,336x336,1,1,16,4,4,shared_budget_conditioned,1152,714.24,400,180,13294.24,12.983,True,3601.76,4,0,0,86.67,allow_initial_plan
costsim-02554,B7-lite,mid_7b_vlm,Mid 7B VLM proxy,12000,6144,1344x1344,336x336,336x336,1,1,32,1,1,shared_budget_conditioned,1152,714.24,265,96,13075.24,12.769,True,3820.76,1,0,0,62.67,allow_initial_plan
costsim-02555,B7-lite,mid_7b_vlm,Mid 7B VLM proxy,12000,6144,1344x1344,336x336,336x336,1,1,32,2,2,shared_budget_conditioned,1152,714.24,310,96,13120.24,12.813,True,3775.76,2,0,0,70.67,allow_initial_plan
costsim-02556,B7-lite,mid_7b_vlm,Mid 7B VLM proxy,12000,6144,1344x1344,336x336,336x336,1,1,32,4,4,shared_budget_conditioned,1152,714.24,400,180,13294.24,12.983,True,3601.76,4,0,0,86.67,allow_initial_plan
costsim-02557,B7-lite,mid_7b_vlm,Mid 7B VLM proxy,12000,6144,1344x1344,336x336,336x336,3,3,4,1,1,shared_budget_conditioned,2304,1428.48,265,96,13789.48,13.466,True,3106.52,1,0,0,75.34,allow_initial_plan
costsim-02558,B7-lite,mid_7b_vlm,Mid 7B VLM proxy,12000,6144,1344x1344,336x336,336x336,3,3,4,2,2,shared_budget_conditioned,2304,1428.48,310,96,13834.48,13.51,True,3061.52,2,0,0,83.34,allow_initial_plan
costsim-02559,B7-lite,mid_7b_vlm,Mid 7B VLM proxy,12000,6144,1344x1344,336x336,336x336,3,3,4,4,4,shared_budget_conditioned,2304,1428.48,400,180,14008.48,13.68,True,2887.52,4,0,0,99.34,allow_initial_plan
costsim-02560,B7-lite,mid_7b_vlm,Mid 7B VLM proxy,12000,6144,1344x1344,336x336,336x336,3,3,8,1,1,shared_budget_conditioned,2304,1428.48,265,96,13789.48,13.466,True,3106.52,1,0,0,75.34,allow_initial_plan
costsim-02561,B7-lite,mid_7b_vlm,Mid 7B VLM proxy,12000,6144,1344x1344,336x336,336x336,3,3,8,2,2,shared_budget_conditioned,2304,1428.48,310,96,13834.48,13.51,True,3061.52,2,0,0,83.34,allow_initial_plan
costsim-02562,B7-lite,mid_7b_vlm,Mid 7B VLM proxy,12000,6144,1344x1344,336x336,336x336,3,3,8,4,4,shared_budget_conditioned,2304,1428.48,400,180,14008.48,13.68,True,2887.52,4,0,0,99.34,allow_initial_plan
costsim-02563,B7-lite,mid_7b_vlm,Mid 7B VLM proxy,12000,6144,1344x1344,336x336,336x336,3,3,16,1,1,shared_budget_conditioned,2304,1428.48,265,96,13789.48,13.466,True,3106.52,1,0,0,75.34,allow_initial_plan
costsim-02564,B7-lite,mid_7b_vlm,Mid 7B VLM proxy,12000,6144,1344x1344,336x336,336x336,3,3,16,2,2,shared_budget_conditioned,2304,1428.48,310,96,13834.48,13.51,True,3061.52,2,0,0,83.34,allow_initial_plan
costsim-02565,B7-lite,mid_7b_vlm,Mid 7B VLM proxy,12000,6144,1344x1344,336x336,336x336,3,3,16,4,4,shared_budget_conditioned,2304,1428.48,400,180,14008.48,13.68,True,2887.52,4,0,0,99.34,allow_initial_plan
costsim-02566,B7-lite,mid_7b_vlm,Mid 7B VLM proxy,12000,6144,1344x1344,336x336,336x336,3,3,32,1,1,shared_budget_conditioned,2304,1428.48,265,96,13789.48,13.466,True,3106.52,1,0,0,75.34,allow_initial_plan
costsim-02567,B7-lite,mid_7b_vlm,Mid 7B VLM proxy,12000,6144,1344x1344,336x336,336x336,3,3,32,2,2,shared_budget_conditioned,2304,1428.48,310,96,13834.48,13.51,True,3061.52,2,0,0,83.34,allow_initial_plan
costsim-02568,B7-lite,mid_7b_vlm,Mid 7B VLM proxy,12000,6144,1344x1344,336x336,336x336,3,3,32,4,4,shared_budget_conditioned,2304,1428.48,400,180,14008.48,13.68,True,2887.52,4,0,0,99.34,allow_initial_plan
costsim-02569,B7-lite,mid_7b_vlm,Mid 7B VLM proxy,12000,6144,1344x1344,336x336,336x336,5,5,4,1,1,shared_budget_conditioned,3456,2142.72,265,96,14503.72,14.164,True,2392.28,1,0,0,88.02,allow_initial_plan
costsim-02570,B7-lite,mid_7b_vlm,Mid 7B VLM proxy,12000,6144,1344x1344,336x336,336x336,5,5,4,2,2,shared_budget_conditioned,3456,2142.72,310,96,14548.72,14.208,True,2347.28,2,0,0,96.02,allow_initial_plan
costsim-02571,B7-lite,mid_7b_vlm,Mid 7B VLM proxy,12000,6144,1344x1344,336x336,336x336,5,5,4,4,4,shared_budget_conditioned,3456,2142.72,400,180,14722.72,14.378,True,2173.28,4,0,0,112.02,allow_initial_plan
costsim-02572,B7-lite,mid_7b_vlm,Mid 7B VLM proxy,12000,6144,1344x1344,336x336,336x336,5,5,8,1,1,shared_budget_conditioned,3456,2142.72,265,96,14503.72,14.164,True,2392.28,1,0,0,88.02,allow_initial_plan
costsim-02573,B7-lite,mid_7b_vlm,Mid 7B VLM proxy,12000,6144,1344x1344,336x336,336x336,5,5,8,2,2,shared_budget_conditioned,3456,2142.72,310,96,14548.72,14.208,True,2347.28,2,0,0,96.02,allow_initial_plan
costsim-02574,B7-lite,mid_7b_vlm,Mid 7B VLM proxy,12000,6144,1344x1344,336x336,336x336,5,5,8,4,4,shared_budget_conditioned,3456,2142.72,400,180,14722.72,14.378,True,2173.28,4,0,0,112.02,allow_initial_plan
costsim-02575,B7-lite,mid_7b_vlm,Mid 7B VLM proxy,12000,6144,1344x1344,336x336,336x336,5,5,16,1,1,shared_budget_conditioned,3456,2142.72,265,96,14503.72,14.164,True,2392.28,1,0,0,88.02,allow_initial_plan
costsim-02576,B7-lite,mid_7b_vlm,Mid 7B VLM proxy,12000,6144,1344x1344,336x336,336x336,5,5,16,2,2,shared_budget_conditioned,3456,2142.72,310,96,14548.72,14.208,True,2347.28,2,0,0,96.02,allow_initial_plan
costsim-02577,B7-lite,mid_7b_vlm,Mid 7B VLM proxy,12000,6144,1344x1344,336x336,336x336,5,5,16,4,4,shared_budget_conditioned,3456,2142.72,400,180,14722.72,14.378,True,2173.28,4,0,0,112.02,allow_initial_plan
costsim-02578,B7-lite,mid_7b_vlm,Mid 7B VLM proxy,12000,6144,1344x1344,336x336,336x336,5,5,32,1,1,shared_budget_conditioned,3456,2142.72,265,96,14503.72,14.164,True,2392.28,1,0,0,88.02,allow_initial_plan
costsim-02579,B7-lite,mid_7b_vlm,Mid 7B VLM proxy,12000,6144,1344x1344,336x336,336x336,5,5,32,2,2,shared_budget_conditioned,3456,2142.72,310,96,14548.72,14.208,True,2347.28,2,0,0,96.02,allow_initial_plan
costsim-02580,B7-lite,mid_7b_vlm,Mid 7B VLM proxy,12000,6144,1344x1344,336x336,336x336,5,5,32,4,4,shared_budget_conditioned,3456,2142.72,400,180,14722.72,14.378,True,2173.28,4,0,0,112.02,allow_initial_plan
costsim-02581,B7-lite,mid_7b_vlm,Mid 7B VLM proxy,12000,6144,1344x1344,336x336,448x448,1,1,4,1,1,shared_budget_conditioned,1600,992.0,265,96,13353.0,13.04,True,3543.0,1,0,0,67.6,allow_initial_plan
costsim-02582,B7-lite,mid_7b_vlm,Mid 7B VLM proxy,12000,6144,1344x1344,336x336,448x448,1,1,4,2,2,shared_budget_conditioned,1600,992.0,310,96,13398.0,13.084,True,3498.0,2,0,0,75.6,allow_initial_plan
costsim-02583,B7-lite,mid_7b_vlm,Mid 7B VLM proxy,12000,6144,1344x1344,336x336,448x448,1,1,4,4,4,shared_budget_conditioned,1600,992.0,400,180,13572.0,13.254,True,3324.0,4,0,0,91.6,allow_initial_plan
costsim-02584,B7-lite,mid_7b_vlm,Mid 7B VLM proxy,12000,6144,1344x1344,336x336,448x448,1,1,8,1,1,shared_budget_conditioned,1600,992.0,265,96,13353.0,13.04,True,3543.0,1,0,0,67.6,allow_initial_plan
costsim-02585,B7-lite,mid_7b_vlm,Mid 7B VLM proxy,12000,6144,1344x1344,336x336,448x448,1,1,8,2,2,shared_budget_conditioned,1600,992.0,310,96,13398.0,13.084,True,3498.0,2,0,0,75.6,allow_initial_plan
costsim-02586,B7-lite,mid_7b_vlm,Mid 7B VLM proxy,12000,6144,1344x1344,336x336,448x448,1,1,8,4,4,shared_budget_conditioned,1600,992.0,400,180,13572.0,13.254,True,3324.0,4,0,0,91.6,allow_initial_plan
costsim-02587,B7-lite,mid_7b_vlm,Mid 7B VLM proxy,12000,6144,1344x1344,336x336,448x448,1,1,16,1,1,shared_budget_conditioned,1600,992.0,265,96,13353.0,13.04,True,3543.0,1,0,0,67.6,allow_initial_plan
costsim-02588,B7-lite,mid_7b_vlm,Mid 7B VLM proxy,12000,6144,1344x1344,336x336,448x448,1,1,16,2,2,shared_budget_conditioned,1600,992.0,310,96,13398.0,13.084,True,3498.0,2,0,0,75.6,allow_initial_plan
costsim-02589,B7-lite,mid_7b_vlm,Mid 7B VLM proxy,12000,6144,1344x1344,336x336,448x448,1,1,16,4,4,shared_budget_conditioned,1600,992.0,400,180,13572.0,13.254,True,3324.0,4,0,0,91.6,allow_initial_plan
costsim-02590,B7-lite,mid_7b_vlm,Mid 7B VLM proxy,12000,6144,1344x1344,336x336,448x448,1,1,32,1,1,shared_budget_conditioned,1600,992.0,265,96,13353.0,13.04,True,3543.0,1,0,0,67.6,allow_initial_plan
costsim-02591,B7-lite,mid_7b_vlm,Mid 7B VLM proxy,12000,6144,1344x1344,336x336,448x448,1,1,32,2,2,shared_budget_conditioned,1600,992.0,310,96,13398.0,13.084,True,3498.0,2,0,0,75.6,allow_initial_plan
costsim-02592,B7-lite,mid_7b_vlm,Mid 7B VLM proxy,12000,6144,1344x1344,336x336,448x448,1,1,32,4,4,shared_budget_conditioned,1600,992.0,400,180,13572.0,13.254,True,3324.0,4,0,0,91.6,allow_initial_plan
costsim-02593,B7-lite,mid_7b_vlm,Mid 7B VLM proxy,12000,6144,1344x1344,336x336,448x448,3,3,4,1,1,shared_budget_conditioned,3648,2261.76,265,96,14622.76,14.28,True,2273.24,1,0,0,90.13,allow_initial_plan
costsim-02594,B7-lite,mid_7b_vlm,Mid 7B VLM proxy,12000,6144,1344x1344,336x336,448x448,3,3,4,2,2,shared_budget_conditioned,3648,2261.76,310,96,14667.76,14.324,True,2228.24,2,0,0,98.13,allow_initial_plan
costsim-02595,B7-lite,mid_7b_vlm,Mid 7B VLM proxy,12000,6144,1344x1344,336x336,448x448,3,3,4,4,4,shared_budget_conditioned,3648,2261.76,400,180,14841.76,14.494,True,2054.24,4,0,0,114.13,allow_initial_plan
costsim-02596,B7-lite,mid_7b_vlm,Mid 7B VLM proxy,12000,6144,1344x1344,336x336,448x448,3,3,8,1,1,shared_budget_conditioned,3648,2261.76,265,96,14622.76,14.28,True,2273.24,1,0,0,90.13,allow_initial_plan
costsim-02597,B7-lite,mid_7b_vlm,Mid 7B VLM proxy,12000,6144,1344x1344,336x336,448x448,3,3,8,2,2,shared_budget_conditioned,3648,2261.76,310,96,14667.76,14.324,True,2228.24,2,0,0,98.13,allow_initial_plan
costsim-02598,B7-lite,mid_7b_vlm,Mid 7B VLM proxy,12000,6144,1344x1344,336x336,448x448,3,3,8,4,4,shared_budget_conditioned,3648,2261.76,400,180,14841.76,14.494,True,2054.24,4,0,0,114.13,allow_initial_plan
costsim-02599,B7-lite,mid_7b_vlm,Mid 7B VLM proxy,12000,6144,1344x1344,336x336,448x448,3,3,16,1,1,shared_budget_conditioned,3648,2261.76,265,96,14622.76,14.28,True,2273.24,1,0,0,90.13,allow_initial_plan
costsim-02600,B7-lite,mid_7b_vlm,Mid 7B VLM proxy,12000,6144,1344x1344,336x336,448x448,3,3,16,2,2,shared_budget_conditioned,3648,2261.76,310,96,14667.76,14.324,True,2228.24,2,0,0,98.13,allow_initial_plan
costsim-02601,B7-lite,mid_7b_vlm,Mid 7B VLM proxy,12000,6144,1344x1344,336x336,448x448,3,3,16,4,4,shared_budget_conditioned,3648,2261.76,400,180,14841.76,14.494,True,2054.24,4,0,0,114.13,allow_initial_plan
costsim-02602,B7-lite,mid_7b_vlm,Mid 7B VLM proxy,12000,6144,1344x1344,336x336,448x448,3,3,32,1,1,shared_budget_conditioned,3648,2261.76,265,96,14622.76,14.28,True,2273.24,1,0,0,90.13,allow_initial_plan
costsim-02603,B7-lite,mid_7b_vlm,Mid 7B VLM proxy,12000,6144,1344x1344,336x336,448x448,3,3,32,2,2,shared_budget_conditioned,3648,2261.76,310,96,14667.76,14.324,True,2228.24,2,0,0,98.13,allow_initial_plan
costsim-02604,B7-lite,mid_7b_vlm,Mid 7B VLM proxy,12000,6144,1344x1344,336x336,448x448,3,3,32,4,4,shared_budget_conditioned,3648,2261.76,400,180,14841.76,14.494,True,2054.24,4,0,0,114.13,allow_initial_plan
costsim-02605,B7-lite,mid_7b_vlm,Mid 7B VLM proxy,12000,6144,1344x1344,336x336,448x448,5,5,4,1,1,shared_budget_conditioned,5696,3531.52,265,96,15892.52,15.52,True,1003.48,1,0,0,112.66,allow_initial_plan
costsim-02606,B7-lite,mid_7b_vlm,Mid 7B VLM proxy,12000,6144,1344x1344,336x336,448x448,5,5,4,2,2,shared_budget_conditioned,5696,3531.52,310,96,15937.52,15.564,True,958.48,2,0,0,120.66,allow_initial_plan
costsim-02607,B7-lite,mid_7b_vlm,Mid 7B VLM proxy,12000,6144,1344x1344,336x336,448x448,5,5,4,4,4,shared_budget_conditioned,5696,3531.52,400,180,16111.52,15.734,True,784.48,4,0,0,136.66,allow_initial_plan
costsim-02608,B7-lite,mid_7b_vlm,Mid 7B VLM proxy,12000,6144,1344x1344,336x336,448x448,5,5,8,1,1,shared_budget_conditioned,5696,3531.52,265,96,15892.52,15.52,True,1003.48,1,0,0,112.66,allow_initial_plan
costsim-02609,B7-lite,mid_7b_vlm,Mid 7B VLM proxy,12000,6144,1344x1344,336x336,448x448,5,5,8,2,2,shared_budget_conditioned,5696,3531.52,310,96,15937.52,15.564,True,958.48,2,0,0,120.66,allow_initial_plan
costsim-02610,B7-lite,mid_7b_vlm,Mid 7B VLM proxy,12000,6144,1344x1344,336x336,448x448,5,5,8,4,4,shared_budget_conditioned,5696,3531.52,400,180,16111.52,15.734,True,784.48,4,0,0,136.66,allow_initial_plan
costsim-02611,B7-lite,mid_7b_vlm,Mid 7B VLM proxy,12000,6144,1344x1344,336x336,448x448,5,5,16,1,1,shared_budget_conditioned,5696,3531.52,265,96,15892.52,15.52,True,1003.48,1,0,0,112.66,allow_initial_plan
costsim-02612,B7-lite,mid_7b_vlm,Mid 7B VLM proxy,12000,6144,1344x1344,336x336,448x448,5,5,16,2,2,shared_budget_conditioned,5696,3531.52,310,96,15937.52,15.564,True,958.48,2,0,0,120.66,allow_initial_plan
costsim-02613,B7-lite,mid_7b_vlm,Mid 7B VLM proxy,12000,6144,1344x1344,336x336,448x448,5,5,16,4,4,shared_budget_conditioned,5696,3531.52,400,180,16111.52,15.734,True,784.48,4,0,0,136.66,allow_initial_plan
costsim-02614,B7-lite,mid_7b_vlm,Mid 7B VLM proxy,12000,6144,1344x1344,336x336,448x448,5,5,32,1,1,shared_budget_conditioned,5696,3531.52,265,96,15892.52,15.52,True,1003.48,1,0,0,112.66,allow_initial_plan
costsim-02615,B7-lite,mid_7b_vlm,Mid 7B VLM proxy,12000,6144,1344x1344,336x336,448x448,5,5,32,2,2,shared_budget_conditioned,5696,3531.52,310,96,15937.52,15.564,True,958.48,2,0,0,120.66,allow_initial_plan
costsim-02616,B7-lite,mid_7b_vlm,Mid 7B VLM proxy,12000,6144,1344x1344,336x336,448x448,5,5,32,4,4,shared_budget_conditioned,5696,3531.52,400,180,16111.52,15.734,True,784.48,4,0,0,136.66,allow_initial_plan
costsim-02617,B7-lite,mid_7b_vlm,Mid 7B VLM proxy,12000,6144,1344x1344,448x448,336x336,1,1,4,1,1,shared_budget_conditioned,1600,992.0,265,96,13353.0,13.04,True,3543.0,1,0,0,67.6,allow_initial_plan
costsim-02618,B7-lite,mid_7b_vlm,Mid 7B VLM proxy,12000,6144,1344x1344,448x448,336x336,1,1,4,2,2,shared_budget_conditioned,1600,992.0,310,96,13398.0,13.084,True,3498.0,2,0,0,75.6,allow_initial_plan
costsim-02619,B7-lite,mid_7b_vlm,Mid 7B VLM proxy,12000,6144,1344x1344,448x448,336x336,1,1,4,4,4,shared_budget_conditioned,1600,992.0,400,180,13572.0,13.254,True,3324.0,4,0,0,91.6,allow_initial_plan
costsim-02620,B7-lite,mid_7b_vlm,Mid 7B VLM proxy,12000,6144,1344x1344,448x448,336x336,1,1,8,1,1,shared_budget_conditioned,1600,992.0,265,96,13353.0,13.04,True,3543.0,1,0,0,67.6,allow_initial_plan
costsim-02621,B7-lite,mid_7b_vlm,Mid 7B VLM proxy,12000,6144,1344x1344,448x448,336x336,1,1,8,2,2,shared_budget_conditioned,1600,992.0,310,96,13398.0,13.084,True,3498.0,2,0,0,75.6,allow_initial_plan
costsim-02622,B7-lite,mid_7b_vlm,Mid 7B VLM proxy,12000,6144,1344x1344,448x448,336x336,1,1,8,4,4,shared_budget_conditioned,1600,992.0,400,180,13572.0,13.254,True,3324.0,4,0,0,91.6,allow_initial_plan
costsim-02623,B7-lite,mid_7b_vlm,Mid 7B VLM proxy,12000,6144,1344x1344,448x448,336x336,1,1,16,1,1,shared_budget_conditioned,1600,992.0,265,96,13353.0,13.04,True,3543.0,1,0,0,67.6,allow_initial_plan
costsim-02624,B7-lite,mid_7b_vlm,Mid 7B VLM proxy,12000,6144,1344x1344,448x448,336x336,1,1,16,2,2,shared_budget_conditioned,1600,992.0,310,96,13398.0,13.084,True,3498.0,2,0,0,75.6,allow_initial_plan
costsim-02625,B7-lite,mid_7b_vlm,Mid 7B VLM proxy,12000,6144,1344x1344,448x448,336x336,1,1,16,4,4,shared_budget_conditioned,1600,992.0,400,180,13572.0,13.254,True,3324.0,4,0,0,91.6,allow_initial_plan
costsim-02626,B7-lite,mid_7b_vlm,Mid 7B VLM proxy,12000,6144,1344x1344,448x448,336x336,1,1,32,1,1,shared_budget_conditioned,1600,992.0,265,96,13353.0,13.04,True,3543.0,1,0,0,67.6,allow_initial_plan
costsim-02627,B7-lite,mid_7b_vlm,Mid 7B VLM proxy,12000,6144,1344x1344,448x448,336x336,1,1,32,2,2,shared_budget_conditioned,1600,992.0,310,96,13398.0,13.084,True,3498.0,2,0,0,75.6,allow_initial_plan
costsim-02628,B7-lite,mid_7b_vlm,Mid 7B VLM proxy,12000,6144,1344x1344,448x448,336x336,1,1,32,4,4,shared_budget_conditioned,1600,992.0,400,180,13572.0,13.254,True,3324.0,4,0,0,91.6,allow_initial_plan
costsim-02629,B7-lite,mid_7b_vlm,Mid 7B VLM proxy,12000,6144,1344x1344,448x448,336x336,3,3,4,1,1,shared_budget_conditioned,2752,1706.24,265,96,14067.24,13.738,True,2828.76,1,0,0,80.27,allow_initial_plan
costsim-02630,B7-lite,mid_7b_vlm,Mid 7B VLM proxy,12000,6144,1344x1344,448x448,336x336,3,3,4,2,2,shared_budget_conditioned,2752,1706.24,310,96,14112.24,13.781,True,2783.76,2,0,0,88.27,allow_initial_plan
costsim-02631,B7-lite,mid_7b_vlm,Mid 7B VLM proxy,12000,6144,1344x1344,448x448,336x336,3,3,4,4,4,shared_budget_conditioned,2752,1706.24,400,180,14286.24,13.951,True,2609.76,4,0,0,104.27,allow_initial_plan
costsim-02632,B7-lite,mid_7b_vlm,Mid 7B VLM proxy,12000,6144,1344x1344,448x448,336x336,3,3,8,1,1,shared_budget_conditioned,2752,1706.24,265,96,14067.24,13.738,True,2828.76,1,0,0,80.27,allow_initial_plan
costsim-02633,B7-lite,mid_7b_vlm,Mid 7B VLM proxy,12000,6144,1344x1344,448x448,336x336,3,3,8,2,2,shared_budget_conditioned,2752,1706.24,310,96,14112.24,13.781,True,2783.76,2,0,0,88.27,allow_initial_plan
costsim-02634,B7-lite,mid_7b_vlm,Mid 7B VLM proxy,12000,6144,1344x1344,448x448,336x336,3,3,8,4,4,shared_budget_conditioned,2752,1706.24,400,180,14286.24,13.951,True,2609.76,4,0,0,104.27,allow_initial_plan
costsim-02635,B7-lite,mid_7b_vlm,Mid 7B VLM proxy,12000,6144,1344x1344,448x448,336x336,3,3,16,1,1,shared_budget_conditioned,2752,1706.24,265,96,14067.24,13.738,True,2828.76,1,0,0,80.27,allow_initial_plan
costsim-02636,B7-lite,mid_7b_vlm,Mid 7B VLM proxy,12000,6144,1344x1344,448x448,336x336,3,3,16,2,2,shared_budget_conditioned,2752,1706.24,310,96,14112.24,13.781,True,2783.76,2,0,0,88.27,allow_initial_plan
costsim-02637,B7-lite,mid_7b_vlm,Mid 7B VLM proxy,12000,6144,1344x1344,448x448,336x336,3,3,16,4,4,shared_budget_conditioned,2752,1706.24,400,180,14286.24,13.951,True,2609.76,4,0,0,104.27,allow_initial_plan
costsim-02638,B7-lite,mid_7b_vlm,Mid 7B VLM proxy,12000,6144,1344x1344,448x448,336x336,3,3,32,1,1,shared_budget_conditioned,2752,1706.24,265,96,14067.24,13.738,True,2828.76,1,0,0,80.27,allow_initial_plan
costsim-02639,B7-lite,mid_7b_vlm,Mid 7B VLM proxy,12000,6144,1344x1344,448x448,336x336,3,3,32,2,2,shared_budget_conditioned,2752,1706.24,310,96,14112.24,13.781,True,2783.76,2,0,0,88.27,allow_initial_plan
costsim-02640,B7-lite,mid_7b_vlm,Mid 7B VLM proxy,12000,6144,1344x1344,448x448,336x336,3,3,32,4,4,shared_budget_conditioned,2752,1706.24,400,180,14286.24,13.951,True,2609.76,4,0,0,104.27,allow_initial_plan
costsim-02641,B7-lite,mid_7b_vlm,Mid 7B VLM proxy,12000,6144,1344x1344,448x448,336x336,5,5,4,1,1,shared_budget_conditioned,3904,2420.48,265,96,14781.48,14.435,True,2114.52,1,0,0,92.94,allow_initial_plan
costsim-02642,B7-lite,mid_7b_vlm,Mid 7B VLM proxy,12000,6144,1344x1344,448x448,336x336,5,5,4,2,2,shared_budget_conditioned,3904,2420.48,310,96,14826.48,14.479,True,2069.52,2,0,0,100.94,allow_initial_plan
costsim-02643,B7-lite,mid_7b_vlm,Mid 7B VLM proxy,12000,6144,1344x1344,448x448,336x336,5,5,4,4,4,shared_budget_conditioned,3904,2420.48,400,180,15000.48,14.649,True,1895.52,4,0,0,116.94,allow_initial_plan
costsim-02644,B7-lite,mid_7b_vlm,Mid 7B VLM proxy,12000,6144,1344x1344,448x448,336x336,5,5,8,1,1,shared_budget_conditioned,3904,2420.48,265,96,14781.48,14.435,True,2114.52,1,0,0,92.94,allow_initial_plan
costsim-02645,B7-lite,mid_7b_vlm,Mid 7B VLM proxy,12000,6144,1344x1344,448x448,336x336,5,5,8,2,2,shared_budget_conditioned,3904,2420.48,310,96,14826.48,14.479,True,2069.52,2,0,0,100.94,allow_initial_plan
costsim-02646,B7-lite,mid_7b_vlm,Mid 7B VLM proxy,12000,6144,1344x1344,448x448,336x336,5,5,8,4,4,shared_budget_conditioned,3904,2420.48,400,180,15000.48,14.649,True,1895.52,4,0,0,116.94,allow_initial_plan
costsim-02647,B7-lite,mid_7b_vlm,Mid 7B VLM proxy,12000,6144,1344x1344,448x448,336x336,5,5,16,1,1,shared_budget_conditioned,3904,2420.48,265,96,14781.48,14.435,True,2114.52,1,0,0,92.94,allow_initial_plan
costsim-02648,B7-lite,mid_7b_vlm,Mid 7B VLM proxy,12000,6144,1344x1344,448x448,336x336,5,5,16,2,2,shared_budget_conditioned,3904,2420.48,310,96,14826.48,14.479,True,2069.52,2,0,0,100.94,allow_initial_plan
costsim-02649,B7-lite,mid_7b_vlm,Mid 7B VLM proxy,12000,6144,1344x1344,448x448,336x336,5,5,16,4,4,shared_budget_conditioned,3904,2420.48,400,180,15000.48,14.649,True,1895.52,4,0,0,116.94,allow_initial_plan
costsim-02650,B7-lite,mid_7b_vlm,Mid 7B VLM proxy,12000,6144,1344x1344,448x448,336x336,5,5,32,1,1,shared_budget_conditioned,3904,2420.48,265,96,14781.48,14.435,True,2114.52,1,0,0,92.94,allow_initial_plan
costsim-02651,B7-lite,mid_7b_vlm,Mid 7B VLM proxy,12000,6144,1344x1344,448x448,336x336,5,5,32,2,2,shared_budget_conditioned,3904,2420.48,310,96,14826.48,14.479,True,2069.52,2,0,0,100.94,allow_initial_plan
costsim-02652,B7-lite,mid_7b_vlm,Mid 7B VLM proxy,12000,6144,1344x1344,448x448,336x336,5,5,32,4,4,shared_budget_conditioned,3904,2420.48,400,180,15000.48,14.649,True,1895.52,4,0,0,116.94,allow_initial_plan
costsim-02653,B7-lite,mid_7b_vlm,Mid 7B VLM proxy,12000,6144,1344x1344,448x448,448x448,1,1,4,1,1,shared_budget_conditioned,2048,1269.76,265,96,13630.76,13.311,True,3265.24,1,0,0,72.53,allow_initial_plan
costsim-02654,B7-lite,mid_7b_vlm,Mid 7B VLM proxy,12000,6144,1344x1344,448x448,448x448,1,1,4,2,2,shared_budget_conditioned,2048,1269.76,310,96,13675.76,13.355,True,3220.24,2,0,0,80.53,allow_initial_plan
costsim-02655,B7-lite,mid_7b_vlm,Mid 7B VLM proxy,12000,6144,1344x1344,448x448,448x448,1,1,4,4,4,shared_budget_conditioned,2048,1269.76,400,180,13849.76,13.525,True,3046.24,4,0,0,96.53,allow_initial_plan
costsim-02656,B7-lite,mid_7b_vlm,Mid 7B VLM proxy,12000,6144,1344x1344,448x448,448x448,1,1,8,1,1,shared_budget_conditioned,2048,1269.76,265,96,13630.76,13.311,True,3265.24,1,0,0,72.53,allow_initial_plan
costsim-02657,B7-lite,mid_7b_vlm,Mid 7B VLM proxy,12000,6144,1344x1344,448x448,448x448,1,1,8,2,2,shared_budget_conditioned,2048,1269.76,310,96,13675.76,13.355,True,3220.24,2,0,0,80.53,allow_initial_plan
costsim-02658,B7-lite,mid_7b_vlm,Mid 7B VLM proxy,12000,6144,1344x1344,448x448,448x448,1,1,8,4,4,shared_budget_conditioned,2048,1269.76,400,180,13849.76,13.525,True,3046.24,4,0,0,96.53,allow_initial_plan
costsim-02659,B7-lite,mid_7b_vlm,Mid 7B VLM proxy,12000,6144,1344x1344,448x448,448x448,1,1,16,1,1,shared_budget_conditioned,2048,1269.76,265,96,13630.76,13.311,True,3265.24,1,0,0,72.53,allow_initial_plan
costsim-02660,B7-lite,mid_7b_vlm,Mid 7B VLM proxy,12000,6144,1344x1344,448x448,448x448,1,1,16,2,2,shared_budget_conditioned,2048,1269.76,310,96,13675.76,13.355,True,3220.24,2,0,0,80.53,allow_initial_plan
costsim-02661,B7-lite,mid_7b_vlm,Mid 7B VLM proxy,12000,6144,1344x1344,448x448,448x448,1,1,16,4,4,shared_budget_conditioned,2048,1269.76,400,180,13849.76,13.525,True,3046.24,4,0,0,96.53,allow_initial_plan
costsim-02662,B7-lite,mid_7b_vlm,Mid 7B VLM proxy,12000,6144,1344x1344,448x448,448x448,1,1,32,1,1,shared_budget_conditioned,2048,1269.76,265,96,13630.76,13.311,True,3265.24,1,0,0,72.53,allow_initial_plan
costsim-02663,B7-lite,mid_7b_vlm,Mid 7B VLM proxy,12000,6144,1344x1344,448x448,448x448,1,1,32,2,2,shared_budget_conditioned,2048,1269.76,310,96,13675.76,13.355,True,3220.24,2,0,0,80.53,allow_initial_plan
costsim-02664,B7-lite,mid_7b_vlm,Mid 7B VLM proxy,12000,6144,1344x1344,448x448,448x448,1,1,32,4,4,shared_budget_conditioned,2048,1269.76,400,180,13849.76,13.525,True,3046.24,4,0,0,96.53,allow_initial_plan
costsim-02665,B7-lite,mid_7b_vlm,Mid 7B VLM proxy,12000,6144,1344x1344,448x448,448x448,3,3,4,1,1,shared_budget_conditioned,4096,2539.52,265,96,14900.52,14.551,True,1995.48,1,0,0,95.06,allow_initial_plan
costsim-02666,B7-lite,mid_7b_vlm,Mid 7B VLM proxy,12000,6144,1344x1344,448x448,448x448,3,3,4,2,2,shared_budget_conditioned,4096,2539.52,310,96,14945.52,14.595,True,1950.48,2,0,0,103.06,allow_initial_plan
costsim-02667,B7-lite,mid_7b_vlm,Mid 7B VLM proxy,12000,6144,1344x1344,448x448,448x448,3,3,4,4,4,shared_budget_conditioned,4096,2539.52,400,180,15119.52,14.765,True,1776.48,4,0,0,119.06,allow_initial_plan
costsim-02668,B7-lite,mid_7b_vlm,Mid 7B VLM proxy,12000,6144,1344x1344,448x448,448x448,3,3,8,1,1,shared_budget_conditioned,4096,2539.52,265,96,14900.52,14.551,True,1995.48,1,0,0,95.06,allow_initial_plan
costsim-02669,B7-lite,mid_7b_vlm,Mid 7B VLM proxy,12000,6144,1344x1344,448x448,448x448,3,3,8,2,2,shared_budget_conditioned,4096,2539.52,310,96,14945.52,14.595,True,1950.48,2,0,0,103.06,allow_initial_plan
costsim-02670,B7-lite,mid_7b_vlm,Mid 7B VLM proxy,12000,6144,1344x1344,448x448,448x448,3,3,8,4,4,shared_budget_conditioned,4096,2539.52,400,180,15119.52,14.765,True,1776.48,4,0,0,119.06,allow_initial_plan
costsim-02671,B7-lite,mid_7b_vlm,Mid 7B VLM proxy,12000,6144,1344x1344,448x448,448x448,3,3,16,1,1,shared_budget_conditioned,4096,2539.52,265,96,14900.52,14.551,True,1995.48,1,0,0,95.06,allow_initial_plan
costsim-02672,B7-lite,mid_7b_vlm,Mid 7B VLM proxy,12000,6144,1344x1344,448x448,448x448,3,3,16,2,2,shared_budget_conditioned,4096,2539.52,310,96,14945.52,14.595,True,1950.48,2,0,0,103.06,allow_initial_plan
costsim-02673,B7-lite,mid_7b_vlm,Mid 7B VLM proxy,12000,6144,1344x1344,448x448,448x448,3,3,16,4,4,shared_budget_conditioned,4096,2539.52,400,180,15119.52,14.765,True,1776.48,4,0,0,119.06,allow_initial_plan
costsim-02674,B7-lite,mid_7b_vlm,Mid 7B VLM proxy,12000,6144,1344x1344,448x448,448x448,3,3,32,1,1,shared_budget_conditioned,4096,2539.52,265,96,14900.52,14.551,True,1995.48,1,0,0,95.06,allow_initial_plan
costsim-02675,B7-lite,mid_7b_vlm,Mid 7B VLM proxy,12000,6144,1344x1344,448x448,448x448,3,3,32,2,2,shared_budget_conditioned,4096,2539.52,310,96,14945.52,14.595,True,1950.48,2,0,0,103.06,allow_initial_plan
costsim-02676,B7-lite,mid_7b_vlm,Mid 7B VLM proxy,12000,6144,1344x1344,448x448,448x448,3,3,32,4,4,shared_budget_conditioned,4096,2539.52,400,180,15119.52,14.765,True,1776.48,4,0,0,119.06,allow_initial_plan
costsim-02677,B7-lite,mid_7b_vlm,Mid 7B VLM proxy,12000,6144,1344x1344,448x448,448x448,5,5,4,1,1,shared_budget_conditioned,6144,3809.28,265,96,16170.28,15.791,True,725.72,1,0,0,117.58,allow_initial_plan
costsim-02678,B7-lite,mid_7b_vlm,Mid 7B VLM proxy,12000,6144,1344x1344,448x448,448x448,5,5,4,2,2,shared_budget_conditioned,6144,3809.28,310,96,16215.28,15.835,True,680.72,2,0,0,125.58,allow_initial_plan
costsim-02679,B7-lite,mid_7b_vlm,Mid 7B VLM proxy,12000,6144,1344x1344,448x448,448x448,5,5,4,4,4,shared_budget_conditioned,6144,3809.28,400,180,16389.28,16.005,True,506.72,4,0,0,141.58,allow_initial_plan
costsim-02680,B7-lite,mid_7b_vlm,Mid 7B VLM proxy,12000,6144,1344x1344,448x448,448x448,5,5,8,1,1,shared_budget_conditioned,6144,3809.28,265,96,16170.28,15.791,True,725.72,1,0,0,117.58,allow_initial_plan
costsim-02681,B7-lite,mid_7b_vlm,Mid 7B VLM proxy,12000,6144,1344x1344,448x448,448x448,5,5,8,2,2,shared_budget_conditioned,6144,3809.28,310,96,16215.28,15.835,True,680.72,2,0,0,125.58,allow_initial_plan
costsim-02682,B7-lite,mid_7b_vlm,Mid 7B VLM proxy,12000,6144,1344x1344,448x448,448x448,5,5,8,4,4,shared_budget_conditioned,6144,3809.28,400,180,16389.28,16.005,True,506.72,4,0,0,141.58,allow_initial_plan
costsim-02683,B7-lite,mid_7b_vlm,Mid 7B VLM proxy,12000,6144,1344x1344,448x448,448x448,5,5,16,1,1,shared_budget_conditioned,6144,3809.28,265,96,16170.28,15.791,True,725.72,1,0,0,117.58,allow_initial_plan
costsim-02684,B7-lite,mid_7b_vlm,Mid 7B VLM proxy,12000,6144,1344x1344,448x448,448x448,5,5,16,2,2,shared_budget_conditioned,6144,3809.28,310,96,16215.28,15.835,True,680.72,2,0,0,125.58,allow_initial_plan
costsim-02685,B7-lite,mid_7b_vlm,Mid 7B VLM proxy,12000,6144,1344x1344,448x448,448x448,5,5,16,4,4,shared_budget_conditioned,6144,3809.28,400,180,16389.28,16.005,True,506.72,4,0,0,141.58,allow_initial_plan
costsim-02686,B7-lite,mid_7b_vlm,Mid 7B VLM proxy,12000,6144,1344x1344,448x448,448x448,5,5,32,1,1,shared_budget_conditioned,6144,3809.28,265,96,16170.28,15.791,True,725.72,1,0,0,117.58,allow_initial_plan
costsim-02687,B7-lite,mid_7b_vlm,Mid 7B VLM proxy,12000,6144,1344x1344,448x448,448x448,5,5,32,2,2,shared_budget_conditioned,6144,3809.28,310,96,16215.28,15.835,True,680.72,2,0,0,125.58,allow_initial_plan
costsim-02688,B7-lite,mid_7b_vlm,Mid 7B VLM proxy,12000,6144,1344x1344,448x448,448x448,5,5,32,4,4,shared_budget_conditioned,6144,3809.28,400,180,16389.28,16.005,True,506.72,4,0,0,141.58,allow_initial_plan
costsim-02689,B0,heavy_13b_4bit,Heavy 13B 4-bit VLM proxy,15500,2048,1344x1344,336x336,336x336,0,0,0,0,0,none,576,357.12,0.0,0.0,15857.12,15.485,True,5134.88,0,0,0,48.34,n/a
costsim-02690,B0,heavy_13b_4bit,Heavy 13B 4-bit VLM proxy,15500,2048,1344x1344,448x448,336x336,0,0,0,0,0,none,1024,634.88,0.0,0.0,16134.88,15.757,True,4857.12,0,0,0,53.26,n/a
costsim-02691,B1,heavy_13b_4bit,Heavy 13B 4-bit VLM proxy,15500,2048,1024x1024,336x336,336x336,0,0,0,0,0,none,5476,3395.12,0.0,0.0,18895.12,18.452,True,2096.88,0,0,0,102.24,n/a
costsim-02692,B1,heavy_13b_4bit,Heavy 13B 4-bit VLM proxy,15500,2048,1344x1344,336x336,336x336,0,0,0,0,0,none,9216,5713.92,0.0,0.0,21213.92,20.717,False,-221.92,0,0,0,143.38,n/a
costsim-02693,B2,heavy_13b_4bit,Heavy 13B 4-bit VLM proxy,15500,2048,1344x1344,336x336,336x336,1,1,0,0,0,none,1152,714.24,0.0,0.0,16214.24,15.834,True,4777.76,0,0,0,54.67,n/a
costsim-02694,B2,heavy_13b_4bit,Heavy 13B 4-bit VLM proxy,15500,2048,1344x1344,336x336,336x336,3,3,0,0,0,none,2304,1428.48,0.0,0.0,16928.48,16.532,True,4063.52,0,0,0,67.34,n/a
costsim-02695,B2,heavy_13b_4bit,Heavy 13B 4-bit VLM proxy,15500,2048,1344x1344,336x336,336x336,5,5,0,0,0,none,3456,2142.72,0.0,0.0,17642.72,17.229,True,3349.28,0,0,0,80.02,n/a
costsim-02696,B2,heavy_13b_4bit,Heavy 13B 4-bit VLM proxy,15500,2048,1344x1344,336x336,448x448,1,1,0,0,0,none,1600,992.0,0.0,0.0,16492.0,16.105,True,4500.0,0,0,0,59.6,n/a
costsim-02697,B2,heavy_13b_4bit,Heavy 13B 4-bit VLM proxy,15500,2048,1344x1344,336x336,448x448,3,3,0,0,0,none,3648,2261.76,0.0,0.0,17761.76,17.345,True,3230.24,0,0,0,82.13,n/a
costsim-02698,B2,heavy_13b_4bit,Heavy 13B 4-bit VLM proxy,15500,2048,1344x1344,336x336,448x448,5,5,0,0,0,none,5696,3531.52,0.0,0.0,19031.52,18.585,True,1960.48,0,0,0,104.66,n/a
costsim-02699,B2,heavy_13b_4bit,Heavy 13B 4-bit VLM proxy,15500,2048,1344x1344,448x448,336x336,1,1,0,0,0,none,1600,992.0,0.0,0.0,16492.0,16.105,True,4500.0,0,0,0,59.6,n/a
costsim-02700,B2,heavy_13b_4bit,Heavy 13B 4-bit VLM proxy,15500,2048,1344x1344,448x448,336x336,3,3,0,0,0,none,2752,1706.24,0.0,0.0,17206.24,16.803,True,3785.76,0,0,0,72.27,n/a
costsim-02701,B2,heavy_13b_4bit,Heavy 13B 4-bit VLM proxy,15500,2048,1344x1344,448x448,336x336,5,5,0,0,0,none,3904,2420.48,0.0,0.0,17920.48,17.5,True,3071.52,0,0,0,84.94,n/a
costsim-02702,B2,heavy_13b_4bit,Heavy 13B 4-bit VLM proxy,15500,2048,1344x1344,448x448,448x448,1,1,0,0,0,none,2048,1269.76,0.0,0.0,16769.76,16.377,True,4222.24,0,0,0,64.53,n/a
costsim-02703,B2,heavy_13b_4bit,Heavy 13B 4-bit VLM proxy,15500,2048,1344x1344,448x448,448x448,3,3,0,0,0,none,4096,2539.52,0.0,0.0,18039.52,17.617,True,2952.48,0,0,0,87.06,n/a
costsim-02704,B2,heavy_13b_4bit,Heavy 13B 4-bit VLM proxy,15500,2048,1344x1344,448x448,448x448,5,5,0,0,0,none,6144,3809.28,0.0,0.0,19309.28,18.857,True,1682.72,0,0,0,109.58,n/a
costsim-02705,B4-lite,heavy_13b_4bit,Heavy 13B 4-bit VLM proxy,15500,2048,1344x1344,336x336,336x336,1,1,4,1,1,independent_all_resident,1152,714.24,720,96,17030.24,16.631,True,3961.76,1,0,0,72.67,n/a
costsim-02706,B4-lite,heavy_13b_4bit,Heavy 13B 4-bit VLM proxy,15500,2048,1344x1344,336x336,336x336,1,1,4,2,2,independent_all_resident,1152,714.24,720,96,17030.24,16.631,True,3961.76,2,0,0,90.67,n/a
costsim-02707,B4-lite,heavy_13b_4bit,Heavy 13B 4-bit VLM proxy,15500,2048,1344x1344,336x336,336x336,1,1,4,4,4,independent_all_resident,1152,714.24,720,96,17030.24,16.631,True,3961.76,4,0,0,126.67,n/a
costsim-02708,B4-lite,heavy_13b_4bit,Heavy 13B 4-bit VLM proxy,15500,2048,1344x1344,336x336,336x336,1,1,8,1,1,independent_all_resident,1152,714.24,1440,96,17750.24,17.334,True,3241.76,1,0,0,72.67,n/a
costsim-02709,B4-lite,heavy_13b_4bit,Heavy 13B 4-bit VLM proxy,15500,2048,1344x1344,336x336,336x336,1,1,8,2,2,independent_all_resident,1152,714.24,1440,96,17750.24,17.334,True,3241.76,2,0,0,90.67,n/a
costsim-02710,B4-lite,heavy_13b_4bit,Heavy 13B 4-bit VLM proxy,15500,2048,1344x1344,336x336,336x336,1,1,8,4,4,independent_all_resident,1152,714.24,1440,96,17750.24,17.334,True,3241.76,4,0,0,126.67,n/a
costsim-02711,B4-lite,heavy_13b_4bit,Heavy 13B 4-bit VLM proxy,15500,2048,1344x1344,336x336,336x336,1,1,16,1,1,independent_all_resident,1152,714.24,2880,96,19190.24,18.74,True,1801.76,1,0,0,72.67,n/a
costsim-02712,B4-lite,heavy_13b_4bit,Heavy 13B 4-bit VLM proxy,15500,2048,1344x1344,336x336,336x336,1,1,16,2,2,independent_all_resident,1152,714.24,2880,96,19190.24,18.74,True,1801.76,2,0,0,90.67,n/a
costsim-02713,B4-lite,heavy_13b_4bit,Heavy 13B 4-bit VLM proxy,15500,2048,1344x1344,336x336,336x336,1,1,16,4,4,independent_all_resident,1152,714.24,2880,96,19190.24,18.74,True,1801.76,4,0,0,126.67,n/a
costsim-02714,B4-lite,heavy_13b_4bit,Heavy 13B 4-bit VLM proxy,15500,2048,1344x1344,336x336,336x336,1,1,32,1,1,independent_all_resident,1152,714.24,5760,96,22070.24,21.553,False,-1078.24,1,0,0,72.67,n/a
costsim-02715,B4-lite,heavy_13b_4bit,Heavy 13B 4-bit VLM proxy,15500,2048,1344x1344,336x336,336x336,1,1,32,2,2,independent_all_resident,1152,714.24,5760,96,22070.24,21.553,False,-1078.24,2,0,0,90.67,n/a
costsim-02716,B4-lite,heavy_13b_4bit,Heavy 13B 4-bit VLM proxy,15500,2048,1344x1344,336x336,336x336,1,1,32,4,4,independent_all_resident,1152,714.24,5760,96,22070.24,21.553,False,-1078.24,4,0,0,126.67,n/a
costsim-02717,B4-lite,heavy_13b_4bit,Heavy 13B 4-bit VLM proxy,15500,2048,1344x1344,336x336,336x336,3,3,4,1,1,independent_all_resident,2304,1428.48,720,96,17744.48,17.329,True,3247.52,1,0,0,85.34,n/a
costsim-02718,B4-lite,heavy_13b_4bit,Heavy 13B 4-bit VLM proxy,15500,2048,1344x1344,336x336,336x336,3,3,4,2,2,independent_all_resident,2304,1428.48,720,96,17744.48,17.329,True,3247.52,2,0,0,103.34,n/a
costsim-02719,B4-lite,heavy_13b_4bit,Heavy 13B 4-bit VLM proxy,15500,2048,1344x1344,336x336,336x336,3,3,4,4,4,independent_all_resident,2304,1428.48,720,96,17744.48,17.329,True,3247.52,4,0,0,139.34,n/a
costsim-02720,B4-lite,heavy_13b_4bit,Heavy 13B 4-bit VLM proxy,15500,2048,1344x1344,336x336,336x336,3,3,8,1,1,independent_all_resident,2304,1428.48,1440,96,18464.48,18.032,True,2527.52,1,0,0,85.34,n/a
costsim-02721,B4-lite,heavy_13b_4bit,Heavy 13B 4-bit VLM proxy,15500,2048,1344x1344,336x336,336x336,3,3,8,2,2,independent_all_resident,2304,1428.48,1440,96,18464.48,18.032,True,2527.52,2,0,0,103.34,n/a
costsim-02722,B4-lite,heavy_13b_4bit,Heavy 13B 4-bit VLM proxy,15500,2048,1344x1344,336x336,336x336,3,3,8,4,4,independent_all_resident,2304,1428.48,1440,96,18464.48,18.032,True,2527.52,4,0,0,139.34,n/a
costsim-02723,B4-lite,heavy_13b_4bit,Heavy 13B 4-bit VLM proxy,15500,2048,1344x1344,336x336,336x336,3,3,16,1,1,independent_all_resident,2304,1428.48,2880,96,19904.48,19.438,True,1087.52,1,0,0,85.34,n/a
costsim-02724,B4-lite,heavy_13b_4bit,Heavy 13B 4-bit VLM proxy,15500,2048,1344x1344,336x336,336x336,3,3,16,2,2,independent_all_resident,2304,1428.48,2880,96,19904.48,19.438,True,1087.52,2,0,0,103.34,n/a
costsim-02725,B4-lite,heavy_13b_4bit,Heavy 13B 4-bit VLM proxy,15500,2048,1344x1344,336x336,336x336,3,3,16,4,4,independent_all_resident,2304,1428.48,2880,96,19904.48,19.438,True,1087.52,4,0,0,139.34,n/a
costsim-02726,B4-lite,heavy_13b_4bit,Heavy 13B 4-bit VLM proxy,15500,2048,1344x1344,336x336,336x336,3,3,32,1,1,independent_all_resident,2304,1428.48,5760,96,22784.48,22.25,False,-1792.48,1,0,0,85.34,n/a
costsim-02727,B4-lite,heavy_13b_4bit,Heavy 13B 4-bit VLM proxy,15500,2048,1344x1344,336x336,336x336,3,3,32,2,2,independent_all_resident,2304,1428.48,5760,96,22784.48,22.25,False,-1792.48,2,0,0,103.34,n/a
costsim-02728,B4-lite,heavy_13b_4bit,Heavy 13B 4-bit VLM proxy,15500,2048,1344x1344,336x336,336x336,3,3,32,4,4,independent_all_resident,2304,1428.48,5760,96,22784.48,22.25,False,-1792.48,4,0,0,139.34,n/a
costsim-02729,B4-lite,heavy_13b_4bit,Heavy 13B 4-bit VLM proxy,15500,2048,1344x1344,336x336,336x336,5,5,4,1,1,independent_all_resident,3456,2142.72,720,96,18458.72,18.026,True,2533.28,1,0,0,98.02,n/a
costsim-02730,B4-lite,heavy_13b_4bit,Heavy 13B 4-bit VLM proxy,15500,2048,1344x1344,336x336,336x336,5,5,4,2,2,independent_all_resident,3456,2142.72,720,96,18458.72,18.026,True,2533.28,2,0,0,116.02,n/a
costsim-02731,B4-lite,heavy_13b_4bit,Heavy 13B 4-bit VLM proxy,15500,2048,1344x1344,336x336,336x336,5,5,4,4,4,independent_all_resident,3456,2142.72,720,96,18458.72,18.026,True,2533.28,4,0,0,152.02,n/a
costsim-02732,B4-lite,heavy_13b_4bit,Heavy 13B 4-bit VLM proxy,15500,2048,1344x1344,336x336,336x336,5,5,8,1,1,independent_all_resident,3456,2142.72,1440,96,19178.72,18.729,True,1813.28,1,0,0,98.02,n/a
costsim-02733,B4-lite,heavy_13b_4bit,Heavy 13B 4-bit VLM proxy,15500,2048,1344x1344,336x336,336x336,5,5,8,2,2,independent_all_resident,3456,2142.72,1440,96,19178.72,18.729,True,1813.28,2,0,0,116.02,n/a
costsim-02734,B4-lite,heavy_13b_4bit,Heavy 13B 4-bit VLM proxy,15500,2048,1344x1344,336x336,336x336,5,5,8,4,4,independent_all_resident,3456,2142.72,1440,96,19178.72,18.729,True,1813.28,4,0,0,152.02,n/a
costsim-02735,B4-lite,heavy_13b_4bit,Heavy 13B 4-bit VLM proxy,15500,2048,1344x1344,336x336,336x336,5,5,16,1,1,independent_all_resident,3456,2142.72,2880,96,20618.72,20.135,True,373.28,1,0,0,98.02,n/a
costsim-02736,B4-lite,heavy_13b_4bit,Heavy 13B 4-bit VLM proxy,15500,2048,1344x1344,336x336,336x336,5,5,16,2,2,independent_all_resident,3456,2142.72,2880,96,20618.72,20.135,True,373.28,2,0,0,116.02,n/a
costsim-02737,B4-lite,heavy_13b_4bit,Heavy 13B 4-bit VLM proxy,15500,2048,1344x1344,336x336,336x336,5,5,16,4,4,independent_all_resident,3456,2142.72,2880,96,20618.72,20.135,True,373.28,4,0,0,152.02,n/a
costsim-02738,B4-lite,heavy_13b_4bit,Heavy 13B 4-bit VLM proxy,15500,2048,1344x1344,336x336,336x336,5,5,32,1,1,independent_all_resident,3456,2142.72,5760,96,23498.72,22.948,False,-2506.72,1,0,0,98.02,n/a
costsim-02739,B4-lite,heavy_13b_4bit,Heavy 13B 4-bit VLM proxy,15500,2048,1344x1344,336x336,336x336,5,5,32,2,2,independent_all_resident,3456,2142.72,5760,96,23498.72,22.948,False,-2506.72,2,0,0,116.02,n/a
costsim-02740,B4-lite,heavy_13b_4bit,Heavy 13B 4-bit VLM proxy,15500,2048,1344x1344,336x336,336x336,5,5,32,4,4,independent_all_resident,3456,2142.72,5760,96,23498.72,22.948,False,-2506.72,4,0,0,152.02,n/a
costsim-02741,B4-lite,heavy_13b_4bit,Heavy 13B 4-bit VLM proxy,15500,2048,1344x1344,336x336,448x448,1,1,4,1,1,independent_all_resident,1600,992.0,720,96,17308.0,16.902,True,3684.0,1,0,0,77.6,n/a
costsim-02742,B4-lite,heavy_13b_4bit,Heavy 13B 4-bit VLM proxy,15500,2048,1344x1344,336x336,448x448,1,1,4,2,2,independent_all_resident,1600,992.0,720,96,17308.0,16.902,True,3684.0,2,0,0,95.6,n/a
costsim-02743,B4-lite,heavy_13b_4bit,Heavy 13B 4-bit VLM proxy,15500,2048,1344x1344,336x336,448x448,1,1,4,4,4,independent_all_resident,1600,992.0,720,96,17308.0,16.902,True,3684.0,4,0,0,131.6,n/a
costsim-02744,B4-lite,heavy_13b_4bit,Heavy 13B 4-bit VLM proxy,15500,2048,1344x1344,336x336,448x448,1,1,8,1,1,independent_all_resident,1600,992.0,1440,96,18028.0,17.605,True,2964.0,1,0,0,77.6,n/a
costsim-02745,B4-lite,heavy_13b_4bit,Heavy 13B 4-bit VLM proxy,15500,2048,1344x1344,336x336,448x448,1,1,8,2,2,independent_all_resident,1600,992.0,1440,96,18028.0,17.605,True,2964.0,2,0,0,95.6,n/a
costsim-02746,B4-lite,heavy_13b_4bit,Heavy 13B 4-bit VLM proxy,15500,2048,1344x1344,336x336,448x448,1,1,8,4,4,independent_all_resident,1600,992.0,1440,96,18028.0,17.605,True,2964.0,4,0,0,131.6,n/a
costsim-02747,B4-lite,heavy_13b_4bit,Heavy 13B 4-bit VLM proxy,15500,2048,1344x1344,336x336,448x448,1,1,16,1,1,independent_all_resident,1600,992.0,2880,96,19468.0,19.012,True,1524.0,1,0,0,77.6,n/a
costsim-02748,B4-lite,heavy_13b_4bit,Heavy 13B 4-bit VLM proxy,15500,2048,1344x1344,336x336,448x448,1,1,16,2,2,independent_all_resident,1600,992.0,2880,96,19468.0,19.012,True,1524.0,2,0,0,95.6,n/a
costsim-02749,B4-lite,heavy_13b_4bit,Heavy 13B 4-bit VLM proxy,15500,2048,1344x1344,336x336,448x448,1,1,16,4,4,independent_all_resident,1600,992.0,2880,96,19468.0,19.012,True,1524.0,4,0,0,131.6,n/a
costsim-02750,B4-lite,heavy_13b_4bit,Heavy 13B 4-bit VLM proxy,15500,2048,1344x1344,336x336,448x448,1,1,32,1,1,independent_all_resident,1600,992.0,5760,96,22348.0,21.824,False,-1356.0,1,0,0,77.6,n/a
costsim-02751,B4-lite,heavy_13b_4bit,Heavy 13B 4-bit VLM proxy,15500,2048,1344x1344,336x336,448x448,1,1,32,2,2,independent_all_resident,1600,992.0,5760,96,22348.0,21.824,False,-1356.0,2,0,0,95.6,n/a
costsim-02752,B4-lite,heavy_13b_4bit,Heavy 13B 4-bit VLM proxy,15500,2048,1344x1344,336x336,448x448,1,1,32,4,4,independent_all_resident,1600,992.0,5760,96,22348.0,21.824,False,-1356.0,4,0,0,131.6,n/a
costsim-02753,B4-lite,heavy_13b_4bit,Heavy 13B 4-bit VLM proxy,15500,2048,1344x1344,336x336,448x448,3,3,4,1,1,independent_all_resident,3648,2261.76,720,96,18577.76,18.142,True,2414.24,1,0,0,100.13,n/a
costsim-02754,B4-lite,heavy_13b_4bit,Heavy 13B 4-bit VLM proxy,15500,2048,1344x1344,336x336,448x448,3,3,4,2,2,independent_all_resident,3648,2261.76,720,96,18577.76,18.142,True,2414.24,2,0,0,118.13,n/a
costsim-02755,B4-lite,heavy_13b_4bit,Heavy 13B 4-bit VLM proxy,15500,2048,1344x1344,336x336,448x448,3,3,4,4,4,independent_all_resident,3648,2261.76,720,96,18577.76,18.142,True,2414.24,4,0,0,154.13,n/a
costsim-02756,B4-lite,heavy_13b_4bit,Heavy 13B 4-bit VLM proxy,15500,2048,1344x1344,336x336,448x448,3,3,8,1,1,independent_all_resident,3648,2261.76,1440,96,19297.76,18.845,True,1694.24,1,0,0,100.13,n/a
costsim-02757,B4-lite,heavy_13b_4bit,Heavy 13B 4-bit VLM proxy,15500,2048,1344x1344,336x336,448x448,3,3,8,2,2,independent_all_resident,3648,2261.76,1440,96,19297.76,18.845,True,1694.24,2,0,0,118.13,n/a
costsim-02758,B4-lite,heavy_13b_4bit,Heavy 13B 4-bit VLM proxy,15500,2048,1344x1344,336x336,448x448,3,3,8,4,4,independent_all_resident,3648,2261.76,1440,96,19297.76,18.845,True,1694.24,4,0,0,154.13,n/a
costsim-02759,B4-lite,heavy_13b_4bit,Heavy 13B 4-bit VLM proxy,15500,2048,1344x1344,336x336,448x448,3,3,16,1,1,independent_all_resident,3648,2261.76,2880,96,20737.76,20.252,True,254.24,1,0,0,100.13,n/a
costsim-02760,B4-lite,heavy_13b_4bit,Heavy 13B 4-bit VLM proxy,15500,2048,1344x1344,336x336,448x448,3,3,16,2,2,independent_all_resident,3648,2261.76,2880,96,20737.76,20.252,True,254.24,2,0,0,118.13,n/a
costsim-02761,B4-lite,heavy_13b_4bit,Heavy 13B 4-bit VLM proxy,15500,2048,1344x1344,336x336,448x448,3,3,16,4,4,independent_all_resident,3648,2261.76,2880,96,20737.76,20.252,True,254.24,4,0,0,154.13,n/a
costsim-02762,B4-lite,heavy_13b_4bit,Heavy 13B 4-bit VLM proxy,15500,2048,1344x1344,336x336,448x448,3,3,32,1,1,independent_all_resident,3648,2261.76,5760,96,23617.76,23.064,False,-2625.76,1,0,0,100.13,n/a
costsim-02763,B4-lite,heavy_13b_4bit,Heavy 13B 4-bit VLM proxy,15500,2048,1344x1344,336x336,448x448,3,3,32,2,2,independent_all_resident,3648,2261.76,5760,96,23617.76,23.064,False,-2625.76,2,0,0,118.13,n/a
costsim-02764,B4-lite,heavy_13b_4bit,Heavy 13B 4-bit VLM proxy,15500,2048,1344x1344,336x336,448x448,3,3,32,4,4,independent_all_resident,3648,2261.76,5760,96,23617.76,23.064,False,-2625.76,4,0,0,154.13,n/a
costsim-02765,B4-lite,heavy_13b_4bit,Heavy 13B 4-bit VLM proxy,15500,2048,1344x1344,336x336,448x448,5,5,4,1,1,independent_all_resident,5696,3531.52,720,96,19847.52,19.382,True,1144.48,1,0,0,122.66,n/a
costsim-02766,B4-lite,heavy_13b_4bit,Heavy 13B 4-bit VLM proxy,15500,2048,1344x1344,336x336,448x448,5,5,4,2,2,independent_all_resident,5696,3531.52,720,96,19847.52,19.382,True,1144.48,2,0,0,140.66,n/a
costsim-02767,B4-lite,heavy_13b_4bit,Heavy 13B 4-bit VLM proxy,15500,2048,1344x1344,336x336,448x448,5,5,4,4,4,independent_all_resident,5696,3531.52,720,96,19847.52,19.382,True,1144.48,4,0,0,176.66,n/a
costsim-02768,B4-lite,heavy_13b_4bit,Heavy 13B 4-bit VLM proxy,15500,2048,1344x1344,336x336,448x448,5,5,8,1,1,independent_all_resident,5696,3531.52,1440,96,20567.52,20.085,True,424.48,1,0,0,122.66,n/a
costsim-02769,B4-lite,heavy_13b_4bit,Heavy 13B 4-bit VLM proxy,15500,2048,1344x1344,336x336,448x448,5,5,8,2,2,independent_all_resident,5696,3531.52,1440,96,20567.52,20.085,True,424.48,2,0,0,140.66,n/a
costsim-02770,B4-lite,heavy_13b_4bit,Heavy 13B 4-bit VLM proxy,15500,2048,1344x1344,336x336,448x448,5,5,8,4,4,independent_all_resident,5696,3531.52,1440,96,20567.52,20.085,True,424.48,4,0,0,176.66,n/a
costsim-02771,B4-lite,heavy_13b_4bit,Heavy 13B 4-bit VLM proxy,15500,2048,1344x1344,336x336,448x448,5,5,16,1,1,independent_all_resident,5696,3531.52,2880,96,22007.52,21.492,False,-1015.52,1,0,0,122.66,n/a
costsim-02772,B4-lite,heavy_13b_4bit,Heavy 13B 4-bit VLM proxy,15500,2048,1344x1344,336x336,448x448,5,5,16,2,2,independent_all_resident,5696,3531.52,2880,96,22007.52,21.492,False,-1015.52,2,0,0,140.66,n/a
costsim-02773,B4-lite,heavy_13b_4bit,Heavy 13B 4-bit VLM proxy,15500,2048,1344x1344,336x336,448x448,5,5,16,4,4,independent_all_resident,5696,3531.52,2880,96,22007.52,21.492,False,-1015.52,4,0,0,176.66,n/a
costsim-02774,B4-lite,heavy_13b_4bit,Heavy 13B 4-bit VLM proxy,15500,2048,1344x1344,336x336,448x448,5,5,32,1,1,independent_all_resident,5696,3531.52,5760,96,24887.52,24.304,False,-3895.52,1,0,0,122.66,n/a
costsim-02775,B4-lite,heavy_13b_4bit,Heavy 13B 4-bit VLM proxy,15500,2048,1344x1344,336x336,448x448,5,5,32,2,2,independent_all_resident,5696,3531.52,5760,96,24887.52,24.304,False,-3895.52,2,0,0,140.66,n/a
costsim-02776,B4-lite,heavy_13b_4bit,Heavy 13B 4-bit VLM proxy,15500,2048,1344x1344,336x336,448x448,5,5,32,4,4,independent_all_resident,5696,3531.52,5760,96,24887.52,24.304,False,-3895.52,4,0,0,176.66,n/a
costsim-02777,B4-lite,heavy_13b_4bit,Heavy 13B 4-bit VLM proxy,15500,2048,1344x1344,448x448,336x336,1,1,4,1,1,independent_all_resident,1600,992.0,720,96,17308.0,16.902,True,3684.0,1,0,0,77.6,n/a
costsim-02778,B4-lite,heavy_13b_4bit,Heavy 13B 4-bit VLM proxy,15500,2048,1344x1344,448x448,336x336,1,1,4,2,2,independent_all_resident,1600,992.0,720,96,17308.0,16.902,True,3684.0,2,0,0,95.6,n/a
costsim-02779,B4-lite,heavy_13b_4bit,Heavy 13B 4-bit VLM proxy,15500,2048,1344x1344,448x448,336x336,1,1,4,4,4,independent_all_resident,1600,992.0,720,96,17308.0,16.902,True,3684.0,4,0,0,131.6,n/a
costsim-02780,B4-lite,heavy_13b_4bit,Heavy 13B 4-bit VLM proxy,15500,2048,1344x1344,448x448,336x336,1,1,8,1,1,independent_all_resident,1600,992.0,1440,96,18028.0,17.605,True,2964.0,1,0,0,77.6,n/a
costsim-02781,B4-lite,heavy_13b_4bit,Heavy 13B 4-bit VLM proxy,15500,2048,1344x1344,448x448,336x336,1,1,8,2,2,independent_all_resident,1600,992.0,1440,96,18028.0,17.605,True,2964.0,2,0,0,95.6,n/a
costsim-02782,B4-lite,heavy_13b_4bit,Heavy 13B 4-bit VLM proxy,15500,2048,1344x1344,448x448,336x336,1,1,8,4,4,independent_all_resident,1600,992.0,1440,96,18028.0,17.605,True,2964.0,4,0,0,131.6,n/a
costsim-02783,B4-lite,heavy_13b_4bit,Heavy 13B 4-bit VLM proxy,15500,2048,1344x1344,448x448,336x336,1,1,16,1,1,independent_all_resident,1600,992.0,2880,96,19468.0,19.012,True,1524.0,1,0,0,77.6,n/a
costsim-02784,B4-lite,heavy_13b_4bit,Heavy 13B 4-bit VLM proxy,15500,2048,1344x1344,448x448,336x336,1,1,16,2,2,independent_all_resident,1600,992.0,2880,96,19468.0,19.012,True,1524.0,2,0,0,95.6,n/a
costsim-02785,B4-lite,heavy_13b_4bit,Heavy 13B 4-bit VLM proxy,15500,2048,1344x1344,448x448,336x336,1,1,16,4,4,independent_all_resident,1600,992.0,2880,96,19468.0,19.012,True,1524.0,4,0,0,131.6,n/a
costsim-02786,B4-lite,heavy_13b_4bit,Heavy 13B 4-bit VLM proxy,15500,2048,1344x1344,448x448,336x336,1,1,32,1,1,independent_all_resident,1600,992.0,5760,96,22348.0,21.824,False,-1356.0,1,0,0,77.6,n/a
costsim-02787,B4-lite,heavy_13b_4bit,Heavy 13B 4-bit VLM proxy,15500,2048,1344x1344,448x448,336x336,1,1,32,2,2,independent_all_resident,1600,992.0,5760,96,22348.0,21.824,False,-1356.0,2,0,0,95.6,n/a
costsim-02788,B4-lite,heavy_13b_4bit,Heavy 13B 4-bit VLM proxy,15500,2048,1344x1344,448x448,336x336,1,1,32,4,4,independent_all_resident,1600,992.0,5760,96,22348.0,21.824,False,-1356.0,4,0,0,131.6,n/a
costsim-02789,B4-lite,heavy_13b_4bit,Heavy 13B 4-bit VLM proxy,15500,2048,1344x1344,448x448,336x336,3,3,4,1,1,independent_all_resident,2752,1706.24,720,96,18022.24,17.6,True,2969.76,1,0,0,90.27,n/a
costsim-02790,B4-lite,heavy_13b_4bit,Heavy 13B 4-bit VLM proxy,15500,2048,1344x1344,448x448,336x336,3,3,4,2,2,independent_all_resident,2752,1706.24,720,96,18022.24,17.6,True,2969.76,2,0,0,108.27,n/a
costsim-02791,B4-lite,heavy_13b_4bit,Heavy 13B 4-bit VLM proxy,15500,2048,1344x1344,448x448,336x336,3,3,4,4,4,independent_all_resident,2752,1706.24,720,96,18022.24,17.6,True,2969.76,4,0,0,144.27,n/a
costsim-02792,B4-lite,heavy_13b_4bit,Heavy 13B 4-bit VLM proxy,15500,2048,1344x1344,448x448,336x336,3,3,8,1,1,independent_all_resident,2752,1706.24,1440,96,18742.24,18.303,True,2249.76,1,0,0,90.27,n/a
costsim-02793,B4-lite,heavy_13b_4bit,Heavy 13B 4-bit VLM proxy,15500,2048,1344x1344,448x448,336x336,3,3,8,2,2,independent_all_resident,2752,1706.24,1440,96,18742.24,18.303,True,2249.76,2,0,0,108.27,n/a
costsim-02794,B4-lite,heavy_13b_4bit,Heavy 13B 4-bit VLM proxy,15500,2048,1344x1344,448x448,336x336,3,3,8,4,4,independent_all_resident,2752,1706.24,1440,96,18742.24,18.303,True,2249.76,4,0,0,144.27,n/a
costsim-02795,B4-lite,heavy_13b_4bit,Heavy 13B 4-bit VLM proxy,15500,2048,1344x1344,448x448,336x336,3,3,16,1,1,independent_all_resident,2752,1706.24,2880,96,20182.24,19.709,True,809.76,1,0,0,90.27,n/a
costsim-02796,B4-lite,heavy_13b_4bit,Heavy 13B 4-bit VLM proxy,15500,2048,1344x1344,448x448,336x336,3,3,16,2,2,independent_all_resident,2752,1706.24,2880,96,20182.24,19.709,True,809.76,2,0,0,108.27,n/a
costsim-02797,B4-lite,heavy_13b_4bit,Heavy 13B 4-bit VLM proxy,15500,2048,1344x1344,448x448,336x336,3,3,16,4,4,independent_all_resident,2752,1706.24,2880,96,20182.24,19.709,True,809.76,4,0,0,144.27,n/a
costsim-02798,B4-lite,heavy_13b_4bit,Heavy 13B 4-bit VLM proxy,15500,2048,1344x1344,448x448,336x336,3,3,32,1,1,independent_all_resident,2752,1706.24,5760,96,23062.24,22.522,False,-2070.24,1,0,0,90.27,n/a
costsim-02799,B4-lite,heavy_13b_4bit,Heavy 13B 4-bit VLM proxy,15500,2048,1344x1344,448x448,336x336,3,3,32,2,2,independent_all_resident,2752,1706.24,5760,96,23062.24,22.522,False,-2070.24,2,0,0,108.27,n/a
costsim-02800,B4-lite,heavy_13b_4bit,Heavy 13B 4-bit VLM proxy,15500,2048,1344x1344,448x448,336x336,3,3,32,4,4,independent_all_resident,2752,1706.24,5760,96,23062.24,22.522,False,-2070.24,4,0,0,144.27,n/a
costsim-02801,B4-lite,heavy_13b_4bit,Heavy 13B 4-bit VLM proxy,15500,2048,1344x1344,448x448,336x336,5,5,4,1,1,independent_all_resident,3904,2420.48,720,96,18736.48,18.297,True,2255.52,1,0,0,102.94,n/a
costsim-02802,B4-lite,heavy_13b_4bit,Heavy 13B 4-bit VLM proxy,15500,2048,1344x1344,448x448,336x336,5,5,4,2,2,independent_all_resident,3904,2420.48,720,96,18736.48,18.297,True,2255.52,2,0,0,120.94,n/a
costsim-02803,B4-lite,heavy_13b_4bit,Heavy 13B 4-bit VLM proxy,15500,2048,1344x1344,448x448,336x336,5,5,4,4,4,independent_all_resident,3904,2420.48,720,96,18736.48,18.297,True,2255.52,4,0,0,156.94,n/a
costsim-02804,B4-lite,heavy_13b_4bit,Heavy 13B 4-bit VLM proxy,15500,2048,1344x1344,448x448,336x336,5,5,8,1,1,independent_all_resident,3904,2420.48,1440,96,19456.48,19.0,True,1535.52,1,0,0,102.94,n/a
costsim-02805,B4-lite,heavy_13b_4bit,Heavy 13B 4-bit VLM proxy,15500,2048,1344x1344,448x448,336x336,5,5,8,2,2,independent_all_resident,3904,2420.48,1440,96,19456.48,19.0,True,1535.52,2,0,0,120.94,n/a
costsim-02806,B4-lite,heavy_13b_4bit,Heavy 13B 4-bit VLM proxy,15500,2048,1344x1344,448x448,336x336,5,5,8,4,4,independent_all_resident,3904,2420.48,1440,96,19456.48,19.0,True,1535.52,4,0,0,156.94,n/a
costsim-02807,B4-lite,heavy_13b_4bit,Heavy 13B 4-bit VLM proxy,15500,2048,1344x1344,448x448,336x336,5,5,16,1,1,independent_all_resident,3904,2420.48,2880,96,20896.48,20.407,True,95.52,1,0,0,102.94,n/a
costsim-02808,B4-lite,heavy_13b_4bit,Heavy 13B 4-bit VLM proxy,15500,2048,1344x1344,448x448,336x336,5,5,16,2,2,independent_all_resident,3904,2420.48,2880,96,20896.48,20.407,True,95.52,2,0,0,120.94,n/a
costsim-02809,B4-lite,heavy_13b_4bit,Heavy 13B 4-bit VLM proxy,15500,2048,1344x1344,448x448,336x336,5,5,16,4,4,independent_all_resident,3904,2420.48,2880,96,20896.48,20.407,True,95.52,4,0,0,156.94,n/a
costsim-02810,B4-lite,heavy_13b_4bit,Heavy 13B 4-bit VLM proxy,15500,2048,1344x1344,448x448,336x336,5,5,32,1,1,independent_all_resident,3904,2420.48,5760,96,23776.48,23.219,False,-2784.48,1,0,0,102.94,n/a
costsim-02811,B4-lite,heavy_13b_4bit,Heavy 13B 4-bit VLM proxy,15500,2048,1344x1344,448x448,336x336,5,5,32,2,2,independent_all_resident,3904,2420.48,5760,96,23776.48,23.219,False,-2784.48,2,0,0,120.94,n/a
costsim-02812,B4-lite,heavy_13b_4bit,Heavy 13B 4-bit VLM proxy,15500,2048,1344x1344,448x448,336x336,5,5,32,4,4,independent_all_resident,3904,2420.48,5760,96,23776.48,23.219,False,-2784.48,4,0,0,156.94,n/a
costsim-02813,B4-lite,heavy_13b_4bit,Heavy 13B 4-bit VLM proxy,15500,2048,1344x1344,448x448,448x448,1,1,4,1,1,independent_all_resident,2048,1269.76,720,96,17585.76,17.174,True,3406.24,1,0,0,82.53,n/a
costsim-02814,B4-lite,heavy_13b_4bit,Heavy 13B 4-bit VLM proxy,15500,2048,1344x1344,448x448,448x448,1,1,4,2,2,independent_all_resident,2048,1269.76,720,96,17585.76,17.174,True,3406.24,2,0,0,100.53,n/a
costsim-02815,B4-lite,heavy_13b_4bit,Heavy 13B 4-bit VLM proxy,15500,2048,1344x1344,448x448,448x448,1,1,4,4,4,independent_all_resident,2048,1269.76,720,96,17585.76,17.174,True,3406.24,4,0,0,136.53,n/a
costsim-02816,B4-lite,heavy_13b_4bit,Heavy 13B 4-bit VLM proxy,15500,2048,1344x1344,448x448,448x448,1,1,8,1,1,independent_all_resident,2048,1269.76,1440,96,18305.76,17.877,True,2686.24,1,0,0,82.53,n/a
costsim-02817,B4-lite,heavy_13b_4bit,Heavy 13B 4-bit VLM proxy,15500,2048,1344x1344,448x448,448x448,1,1,8,2,2,independent_all_resident,2048,1269.76,1440,96,18305.76,17.877,True,2686.24,2,0,0,100.53,n/a
costsim-02818,B4-lite,heavy_13b_4bit,Heavy 13B 4-bit VLM proxy,15500,2048,1344x1344,448x448,448x448,1,1,8,4,4,independent_all_resident,2048,1269.76,1440,96,18305.76,17.877,True,2686.24,4,0,0,136.53,n/a
costsim-02819,B4-lite,heavy_13b_4bit,Heavy 13B 4-bit VLM proxy,15500,2048,1344x1344,448x448,448x448,1,1,16,1,1,independent_all_resident,2048,1269.76,2880,96,19745.76,19.283,True,1246.24,1,0,0,82.53,n/a
costsim-02820,B4-lite,heavy_13b_4bit,Heavy 13B 4-bit VLM proxy,15500,2048,1344x1344,448x448,448x448,1,1,16,2,2,independent_all_resident,2048,1269.76,2880,96,19745.76,19.283,True,1246.24,2,0,0,100.53,n/a
costsim-02821,B4-lite,heavy_13b_4bit,Heavy 13B 4-bit VLM proxy,15500,2048,1344x1344,448x448,448x448,1,1,16,4,4,independent_all_resident,2048,1269.76,2880,96,19745.76,19.283,True,1246.24,4,0,0,136.53,n/a
costsim-02822,B4-lite,heavy_13b_4bit,Heavy 13B 4-bit VLM proxy,15500,2048,1344x1344,448x448,448x448,1,1,32,1,1,independent_all_resident,2048,1269.76,5760,96,22625.76,22.095,False,-1633.76,1,0,0,82.53,n/a
costsim-02823,B4-lite,heavy_13b_4bit,Heavy 13B 4-bit VLM proxy,15500,2048,1344x1344,448x448,448x448,1,1,32,2,2,independent_all_resident,2048,1269.76,5760,96,22625.76,22.095,False,-1633.76,2,0,0,100.53,n/a
costsim-02824,B4-lite,heavy_13b_4bit,Heavy 13B 4-bit VLM proxy,15500,2048,1344x1344,448x448,448x448,1,1,32,4,4,independent_all_resident,2048,1269.76,5760,96,22625.76,22.095,False,-1633.76,4,0,0,136.53,n/a
costsim-02825,B4-lite,heavy_13b_4bit,Heavy 13B 4-bit VLM proxy,15500,2048,1344x1344,448x448,448x448,3,3,4,1,1,independent_all_resident,4096,2539.52,720,96,18855.52,18.414,True,2136.48,1,0,0,105.06,n/a
costsim-02826,B4-lite,heavy_13b_4bit,Heavy 13B 4-bit VLM proxy,15500,2048,1344x1344,448x448,448x448,3,3,4,2,2,independent_all_resident,4096,2539.52,720,96,18855.52,18.414,True,2136.48,2,0,0,123.06,n/a
costsim-02827,B4-lite,heavy_13b_4bit,Heavy 13B 4-bit VLM proxy,15500,2048,1344x1344,448x448,448x448,3,3,4,4,4,independent_all_resident,4096,2539.52,720,96,18855.52,18.414,True,2136.48,4,0,0,159.06,n/a
costsim-02828,B4-lite,heavy_13b_4bit,Heavy 13B 4-bit VLM proxy,15500,2048,1344x1344,448x448,448x448,3,3,8,1,1,independent_all_resident,4096,2539.52,1440,96,19575.52,19.117,True,1416.48,1,0,0,105.06,n/a
costsim-02829,B4-lite,heavy_13b_4bit,Heavy 13B 4-bit VLM proxy,15500,2048,1344x1344,448x448,448x448,3,3,8,2,2,independent_all_resident,4096,2539.52,1440,96,19575.52,19.117,True,1416.48,2,0,0,123.06,n/a
costsim-02830,B4-lite,heavy_13b_4bit,Heavy 13B 4-bit VLM proxy,15500,2048,1344x1344,448x448,448x448,3,3,8,4,4,independent_all_resident,4096,2539.52,1440,96,19575.52,19.117,True,1416.48,4,0,0,159.06,n/a
costsim-02831,B4-lite,heavy_13b_4bit,Heavy 13B 4-bit VLM proxy,15500,2048,1344x1344,448x448,448x448,3,3,16,1,1,independent_all_resident,4096,2539.52,2880,96,21015.52,20.523,False,-23.52,1,0,0,105.06,n/a
costsim-02832,B4-lite,heavy_13b_4bit,Heavy 13B 4-bit VLM proxy,15500,2048,1344x1344,448x448,448x448,3,3,16,2,2,independent_all_resident,4096,2539.52,2880,96,21015.52,20.523,False,-23.52,2,0,0,123.06,n/a
costsim-02833,B4-lite,heavy_13b_4bit,Heavy 13B 4-bit VLM proxy,15500,2048,1344x1344,448x448,448x448,3,3,16,4,4,independent_all_resident,4096,2539.52,2880,96,21015.52,20.523,False,-23.52,4,0,0,159.06,n/a
costsim-02834,B4-lite,heavy_13b_4bit,Heavy 13B 4-bit VLM proxy,15500,2048,1344x1344,448x448,448x448,3,3,32,1,1,independent_all_resident,4096,2539.52,5760,96,23895.52,23.335,False,-2903.52,1,0,0,105.06,n/a
costsim-02835,B4-lite,heavy_13b_4bit,Heavy 13B 4-bit VLM proxy,15500,2048,1344x1344,448x448,448x448,3,3,32,2,2,independent_all_resident,4096,2539.52,5760,96,23895.52,23.335,False,-2903.52,2,0,0,123.06,n/a
costsim-02836,B4-lite,heavy_13b_4bit,Heavy 13B 4-bit VLM proxy,15500,2048,1344x1344,448x448,448x448,3,3,32,4,4,independent_all_resident,4096,2539.52,5760,96,23895.52,23.335,False,-2903.52,4,0,0,159.06,n/a
costsim-02837,B4-lite,heavy_13b_4bit,Heavy 13B 4-bit VLM proxy,15500,2048,1344x1344,448x448,448x448,5,5,4,1,1,independent_all_resident,6144,3809.28,720,96,20125.28,19.654,True,866.72,1,0,0,127.58,n/a
costsim-02838,B4-lite,heavy_13b_4bit,Heavy 13B 4-bit VLM proxy,15500,2048,1344x1344,448x448,448x448,5,5,4,2,2,independent_all_resident,6144,3809.28,720,96,20125.28,19.654,True,866.72,2,0,0,145.58,n/a
costsim-02839,B4-lite,heavy_13b_4bit,Heavy 13B 4-bit VLM proxy,15500,2048,1344x1344,448x448,448x448,5,5,4,4,4,independent_all_resident,6144,3809.28,720,96,20125.28,19.654,True,866.72,4,0,0,181.58,n/a
costsim-02840,B4-lite,heavy_13b_4bit,Heavy 13B 4-bit VLM proxy,15500,2048,1344x1344,448x448,448x448,5,5,8,1,1,independent_all_resident,6144,3809.28,1440,96,20845.28,20.357,True,146.72,1,0,0,127.58,n/a
costsim-02841,B4-lite,heavy_13b_4bit,Heavy 13B 4-bit VLM proxy,15500,2048,1344x1344,448x448,448x448,5,5,8,2,2,independent_all_resident,6144,3809.28,1440,96,20845.28,20.357,True,146.72,2,0,0,145.58,n/a
costsim-02842,B4-lite,heavy_13b_4bit,Heavy 13B 4-bit VLM proxy,15500,2048,1344x1344,448x448,448x448,5,5,8,4,4,independent_all_resident,6144,3809.28,1440,96,20845.28,20.357,True,146.72,4,0,0,181.58,n/a
costsim-02843,B4-lite,heavy_13b_4bit,Heavy 13B 4-bit VLM proxy,15500,2048,1344x1344,448x448,448x448,5,5,16,1,1,independent_all_resident,6144,3809.28,2880,96,22285.28,21.763,False,-1293.28,1,0,0,127.58,n/a
costsim-02844,B4-lite,heavy_13b_4bit,Heavy 13B 4-bit VLM proxy,15500,2048,1344x1344,448x448,448x448,5,5,16,2,2,independent_all_resident,6144,3809.28,2880,96,22285.28,21.763,False,-1293.28,2,0,0,145.58,n/a
costsim-02845,B4-lite,heavy_13b_4bit,Heavy 13B 4-bit VLM proxy,15500,2048,1344x1344,448x448,448x448,5,5,16,4,4,independent_all_resident,6144,3809.28,2880,96,22285.28,21.763,False,-1293.28,4,0,0,181.58,n/a
costsim-02846,B4-lite,heavy_13b_4bit,Heavy 13B 4-bit VLM proxy,15500,2048,1344x1344,448x448,448x448,5,5,32,1,1,independent_all_resident,6144,3809.28,5760,96,25165.28,24.575,False,-4173.28,1,0,0,127.58,n/a
costsim-02847,B4-lite,heavy_13b_4bit,Heavy 13B 4-bit VLM proxy,15500,2048,1344x1344,448x448,448x448,5,5,32,2,2,independent_all_resident,6144,3809.28,5760,96,25165.28,24.575,False,-4173.28,2,0,0,145.58,n/a
costsim-02848,B4-lite,heavy_13b_4bit,Heavy 13B 4-bit VLM proxy,15500,2048,1344x1344,448x448,448x448,5,5,32,4,4,independent_all_resident,6144,3809.28,5760,96,25165.28,24.575,False,-4173.28,4,0,0,181.58,n/a
costsim-02849,B5-lite,heavy_13b_4bit,Heavy 13B 4-bit VLM proxy,15500,2048,1344x1344,336x336,336x336,1,1,4,1,1,shared_all_resident,1152,714.24,400,96,16710.24,16.319,True,4281.76,1,0,0,62.67,n/a
costsim-02850,B5-lite,heavy_13b_4bit,Heavy 13B 4-bit VLM proxy,15500,2048,1344x1344,336x336,336x336,1,1,4,2,2,shared_all_resident,1152,714.24,400,96,16710.24,16.319,True,4281.76,2,0,0,70.67,n/a
costsim-02851,B5-lite,heavy_13b_4bit,Heavy 13B 4-bit VLM proxy,15500,2048,1344x1344,336x336,336x336,1,1,4,4,4,shared_all_resident,1152,714.24,400,96,16710.24,16.319,True,4281.76,4,0,0,86.67,n/a
costsim-02852,B5-lite,heavy_13b_4bit,Heavy 13B 4-bit VLM proxy,15500,2048,1344x1344,336x336,336x336,1,1,8,1,1,shared_all_resident,1152,714.24,580,96,16890.24,16.494,True,4101.76,1,0,0,62.67,n/a
costsim-02853,B5-lite,heavy_13b_4bit,Heavy 13B 4-bit VLM proxy,15500,2048,1344x1344,336x336,336x336,1,1,8,2,2,shared_all_resident,1152,714.24,580,96,16890.24,16.494,True,4101.76,2,0,0,70.67,n/a
costsim-02854,B5-lite,heavy_13b_4bit,Heavy 13B 4-bit VLM proxy,15500,2048,1344x1344,336x336,336x336,1,1,8,4,4,shared_all_resident,1152,714.24,580,96,16890.24,16.494,True,4101.76,4,0,0,86.67,n/a
costsim-02855,B5-lite,heavy_13b_4bit,Heavy 13B 4-bit VLM proxy,15500,2048,1344x1344,336x336,336x336,1,1,16,1,1,shared_all_resident,1152,714.24,940,96,17250.24,16.846,True,3741.76,1,0,0,62.67,n/a
costsim-02856,B5-lite,heavy_13b_4bit,Heavy 13B 4-bit VLM proxy,15500,2048,1344x1344,336x336,336x336,1,1,16,2,2,shared_all_resident,1152,714.24,940,96,17250.24,16.846,True,3741.76,2,0,0,70.67,n/a
costsim-02857,B5-lite,heavy_13b_4bit,Heavy 13B 4-bit VLM proxy,15500,2048,1344x1344,336x336,336x336,1,1,16,4,4,shared_all_resident,1152,714.24,940,96,17250.24,16.846,True,3741.76,4,0,0,86.67,n/a
costsim-02858,B5-lite,heavy_13b_4bit,Heavy 13B 4-bit VLM proxy,15500,2048,1344x1344,336x336,336x336,1,1,32,1,1,shared_all_resident,1152,714.24,1660,96,17970.24,17.549,True,3021.76,1,0,0,62.67,n/a
costsim-02859,B5-lite,heavy_13b_4bit,Heavy 13B 4-bit VLM proxy,15500,2048,1344x1344,336x336,336x336,1,1,32,2,2,shared_all_resident,1152,714.24,1660,96,17970.24,17.549,True,3021.76,2,0,0,70.67,n/a
costsim-02860,B5-lite,heavy_13b_4bit,Heavy 13B 4-bit VLM proxy,15500,2048,1344x1344,336x336,336x336,1,1,32,4,4,shared_all_resident,1152,714.24,1660,96,17970.24,17.549,True,3021.76,4,0,0,86.67,n/a
costsim-02861,B5-lite,heavy_13b_4bit,Heavy 13B 4-bit VLM proxy,15500,2048,1344x1344,336x336,336x336,3,3,4,1,1,shared_all_resident,2304,1428.48,400,96,17424.48,17.016,True,3567.52,1,0,0,75.34,n/a
costsim-02862,B5-lite,heavy_13b_4bit,Heavy 13B 4-bit VLM proxy,15500,2048,1344x1344,336x336,336x336,3,3,4,2,2,shared_all_resident,2304,1428.48,400,96,17424.48,17.016,True,3567.52,2,0,0,83.34,n/a
costsim-02863,B5-lite,heavy_13b_4bit,Heavy 13B 4-bit VLM proxy,15500,2048,1344x1344,336x336,336x336,3,3,4,4,4,shared_all_resident,2304,1428.48,400,96,17424.48,17.016,True,3567.52,4,0,0,99.34,n/a
costsim-02864,B5-lite,heavy_13b_4bit,Heavy 13B 4-bit VLM proxy,15500,2048,1344x1344,336x336,336x336,3,3,8,1,1,shared_all_resident,2304,1428.48,580,96,17604.48,17.192,True,3387.52,1,0,0,75.34,n/a
costsim-02865,B5-lite,heavy_13b_4bit,Heavy 13B 4-bit VLM proxy,15500,2048,1344x1344,336x336,336x336,3,3,8,2,2,shared_all_resident,2304,1428.48,580,96,17604.48,17.192,True,3387.52,2,0,0,83.34,n/a
costsim-02866,B5-lite,heavy_13b_4bit,Heavy 13B 4-bit VLM proxy,15500,2048,1344x1344,336x336,336x336,3,3,8,4,4,shared_all_resident,2304,1428.48,580,96,17604.48,17.192,True,3387.52,4,0,0,99.34,n/a
costsim-02867,B5-lite,heavy_13b_4bit,Heavy 13B 4-bit VLM proxy,15500,2048,1344x1344,336x336,336x336,3,3,16,1,1,shared_all_resident,2304,1428.48,940,96,17964.48,17.543,True,3027.52,1,0,0,75.34,n/a
costsim-02868,B5-lite,heavy_13b_4bit,Heavy 13B 4-bit VLM proxy,15500,2048,1344x1344,336x336,336x336,3,3,16,2,2,shared_all_resident,2304,1428.48,940,96,17964.48,17.543,True,3027.52,2,0,0,83.34,n/a
costsim-02869,B5-lite,heavy_13b_4bit,Heavy 13B 4-bit VLM proxy,15500,2048,1344x1344,336x336,336x336,3,3,16,4,4,shared_all_resident,2304,1428.48,940,96,17964.48,17.543,True,3027.52,4,0,0,99.34,n/a
costsim-02870,B5-lite,heavy_13b_4bit,Heavy 13B 4-bit VLM proxy,15500,2048,1344x1344,336x336,336x336,3,3,32,1,1,shared_all_resident,2304,1428.48,1660,96,18684.48,18.247,True,2307.52,1,0,0,75.34,n/a
costsim-02871,B5-lite,heavy_13b_4bit,Heavy 13B 4-bit VLM proxy,15500,2048,1344x1344,336x336,336x336,3,3,32,2,2,shared_all_resident,2304,1428.48,1660,96,18684.48,18.247,True,2307.52,2,0,0,83.34,n/a
costsim-02872,B5-lite,heavy_13b_4bit,Heavy 13B 4-bit VLM proxy,15500,2048,1344x1344,336x336,336x336,3,3,32,4,4,shared_all_resident,2304,1428.48,1660,96,18684.48,18.247,True,2307.52,4,0,0,99.34,n/a
costsim-02873,B5-lite,heavy_13b_4bit,Heavy 13B 4-bit VLM proxy,15500,2048,1344x1344,336x336,336x336,5,5,4,1,1,shared_all_resident,3456,2142.72,400,96,18138.72,17.714,True,2853.28,1,0,0,88.02,n/a
costsim-02874,B5-lite,heavy_13b_4bit,Heavy 13B 4-bit VLM proxy,15500,2048,1344x1344,336x336,336x336,5,5,4,2,2,shared_all_resident,3456,2142.72,400,96,18138.72,17.714,True,2853.28,2,0,0,96.02,n/a
costsim-02875,B5-lite,heavy_13b_4bit,Heavy 13B 4-bit VLM proxy,15500,2048,1344x1344,336x336,336x336,5,5,4,4,4,shared_all_resident,3456,2142.72,400,96,18138.72,17.714,True,2853.28,4,0,0,112.02,n/a
costsim-02876,B5-lite,heavy_13b_4bit,Heavy 13B 4-bit VLM proxy,15500,2048,1344x1344,336x336,336x336,5,5,8,1,1,shared_all_resident,3456,2142.72,580,96,18318.72,17.889,True,2673.28,1,0,0,88.02,n/a
costsim-02877,B5-lite,heavy_13b_4bit,Heavy 13B 4-bit VLM proxy,15500,2048,1344x1344,336x336,336x336,5,5,8,2,2,shared_all_resident,3456,2142.72,580,96,18318.72,17.889,True,2673.28,2,0,0,96.02,n/a
costsim-02878,B5-lite,heavy_13b_4bit,Heavy 13B 4-bit VLM proxy,15500,2048,1344x1344,336x336,336x336,5,5,8,4,4,shared_all_resident,3456,2142.72,580,96,18318.72,17.889,True,2673.28,4,0,0,112.02,n/a
costsim-02879,B5-lite,heavy_13b_4bit,Heavy 13B 4-bit VLM proxy,15500,2048,1344x1344,336x336,336x336,5,5,16,1,1,shared_all_resident,3456,2142.72,940,96,18678.72,18.241,True,2313.28,1,0,0,88.02,n/a
costsim-02880,B5-lite,heavy_13b_4bit,Heavy 13B 4-bit VLM proxy,15500,2048,1344x1344,336x336,336x336,5,5,16,2,2,shared_all_resident,3456,2142.72,940,96,18678.72,18.241,True,2313.28,2,0,0,96.02,n/a
costsim-02881,B5-lite,heavy_13b_4bit,Heavy 13B 4-bit VLM proxy,15500,2048,1344x1344,336x336,336x336,5,5,16,4,4,shared_all_resident,3456,2142.72,940,96,18678.72,18.241,True,2313.28,4,0,0,112.02,n/a
costsim-02882,B5-lite,heavy_13b_4bit,Heavy 13B 4-bit VLM proxy,15500,2048,1344x1344,336x336,336x336,5,5,32,1,1,shared_all_resident,3456,2142.72,1660,96,19398.72,18.944,True,1593.28,1,0,0,88.02,n/a
costsim-02883,B5-lite,heavy_13b_4bit,Heavy 13B 4-bit VLM proxy,15500,2048,1344x1344,336x336,336x336,5,5,32,2,2,shared_all_resident,3456,2142.72,1660,96,19398.72,18.944,True,1593.28,2,0,0,96.02,n/a
costsim-02884,B5-lite,heavy_13b_4bit,Heavy 13B 4-bit VLM proxy,15500,2048,1344x1344,336x336,336x336,5,5,32,4,4,shared_all_resident,3456,2142.72,1660,96,19398.72,18.944,True,1593.28,4,0,0,112.02,n/a
costsim-02885,B5-lite,heavy_13b_4bit,Heavy 13B 4-bit VLM proxy,15500,2048,1344x1344,336x336,448x448,1,1,4,1,1,shared_all_resident,1600,992.0,400,96,16988.0,16.59,True,4004.0,1,0,0,67.6,n/a
costsim-02886,B5-lite,heavy_13b_4bit,Heavy 13B 4-bit VLM proxy,15500,2048,1344x1344,336x336,448x448,1,1,4,2,2,shared_all_resident,1600,992.0,400,96,16988.0,16.59,True,4004.0,2,0,0,75.6,n/a
costsim-02887,B5-lite,heavy_13b_4bit,Heavy 13B 4-bit VLM proxy,15500,2048,1344x1344,336x336,448x448,1,1,4,4,4,shared_all_resident,1600,992.0,400,96,16988.0,16.59,True,4004.0,4,0,0,91.6,n/a
costsim-02888,B5-lite,heavy_13b_4bit,Heavy 13B 4-bit VLM proxy,15500,2048,1344x1344,336x336,448x448,1,1,8,1,1,shared_all_resident,1600,992.0,580,96,17168.0,16.766,True,3824.0,1,0,0,67.6,n/a
costsim-02889,B5-lite,heavy_13b_4bit,Heavy 13B 4-bit VLM proxy,15500,2048,1344x1344,336x336,448x448,1,1,8,2,2,shared_all_resident,1600,992.0,580,96,17168.0,16.766,True,3824.0,2,0,0,75.6,n/a
costsim-02890,B5-lite,heavy_13b_4bit,Heavy 13B 4-bit VLM proxy,15500,2048,1344x1344,336x336,448x448,1,1,8,4,4,shared_all_resident,1600,992.0,580,96,17168.0,16.766,True,3824.0,4,0,0,91.6,n/a
costsim-02891,B5-lite,heavy_13b_4bit,Heavy 13B 4-bit VLM proxy,15500,2048,1344x1344,336x336,448x448,1,1,16,1,1,shared_all_resident,1600,992.0,940,96,17528.0,17.117,True,3464.0,1,0,0,67.6,n/a
costsim-02892,B5-lite,heavy_13b_4bit,Heavy 13B 4-bit VLM proxy,15500,2048,1344x1344,336x336,448x448,1,1,16,2,2,shared_all_resident,1600,992.0,940,96,17528.0,17.117,True,3464.0,2,0,0,75.6,n/a
costsim-02893,B5-lite,heavy_13b_4bit,Heavy 13B 4-bit VLM proxy,15500,2048,1344x1344,336x336,448x448,1,1,16,4,4,shared_all_resident,1600,992.0,940,96,17528.0,17.117,True,3464.0,4,0,0,91.6,n/a
costsim-02894,B5-lite,heavy_13b_4bit,Heavy 13B 4-bit VLM proxy,15500,2048,1344x1344,336x336,448x448,1,1,32,1,1,shared_all_resident,1600,992.0,1660,96,18248.0,17.82,True,2744.0,1,0,0,67.6,n/a
costsim-02895,B5-lite,heavy_13b_4bit,Heavy 13B 4-bit VLM proxy,15500,2048,1344x1344,336x336,448x448,1,1,32,2,2,shared_all_resident,1600,992.0,1660,96,18248.0,17.82,True,2744.0,2,0,0,75.6,n/a
costsim-02896,B5-lite,heavy_13b_4bit,Heavy 13B 4-bit VLM proxy,15500,2048,1344x1344,336x336,448x448,1,1,32,4,4,shared_all_resident,1600,992.0,1660,96,18248.0,17.82,True,2744.0,4,0,0,91.6,n/a
costsim-02897,B5-lite,heavy_13b_4bit,Heavy 13B 4-bit VLM proxy,15500,2048,1344x1344,336x336,448x448,3,3,4,1,1,shared_all_resident,3648,2261.76,400,96,18257.76,17.83,True,2734.24,1,0,0,90.13,n/a
costsim-02898,B5-lite,heavy_13b_4bit,Heavy 13B 4-bit VLM proxy,15500,2048,1344x1344,336x336,448x448,3,3,4,2,2,shared_all_resident,3648,2261.76,400,96,18257.76,17.83,True,2734.24,2,0,0,98.13,n/a
costsim-02899,B5-lite,heavy_13b_4bit,Heavy 13B 4-bit VLM proxy,15500,2048,1344x1344,336x336,448x448,3,3,4,4,4,shared_all_resident,3648,2261.76,400,96,18257.76,17.83,True,2734.24,4,0,0,114.13,n/a
costsim-02900,B5-lite,heavy_13b_4bit,Heavy 13B 4-bit VLM proxy,15500,2048,1344x1344,336x336,448x448,3,3,8,1,1,shared_all_resident,3648,2261.76,580,96,18437.76,18.006,True,2554.24,1,0,0,90.13,n/a
costsim-02901,B5-lite,heavy_13b_4bit,Heavy 13B 4-bit VLM proxy,15500,2048,1344x1344,336x336,448x448,3,3,8,2,2,shared_all_resident,3648,2261.76,580,96,18437.76,18.006,True,2554.24,2,0,0,98.13,n/a
costsim-02902,B5-lite,heavy_13b_4bit,Heavy 13B 4-bit VLM proxy,15500,2048,1344x1344,336x336,448x448,3,3,8,4,4,shared_all_resident,3648,2261.76,580,96,18437.76,18.006,True,2554.24,4,0,0,114.13,n/a
costsim-02903,B5-lite,heavy_13b_4bit,Heavy 13B 4-bit VLM proxy,15500,2048,1344x1344,336x336,448x448,3,3,16,1,1,shared_all_resident,3648,2261.76,940,96,18797.76,18.357,True,2194.24,1,0,0,90.13,n/a
costsim-02904,B5-lite,heavy_13b_4bit,Heavy 13B 4-bit VLM proxy,15500,2048,1344x1344,336x336,448x448,3,3,16,2,2,shared_all_resident,3648,2261.76,940,96,18797.76,18.357,True,2194.24,2,0,0,98.13,n/a
costsim-02905,B5-lite,heavy_13b_4bit,Heavy 13B 4-bit VLM proxy,15500,2048,1344x1344,336x336,448x448,3,3,16,4,4,shared_all_resident,3648,2261.76,940,96,18797.76,18.357,True,2194.24,4,0,0,114.13,n/a
costsim-02906,B5-lite,heavy_13b_4bit,Heavy 13B 4-bit VLM proxy,15500,2048,1344x1344,336x336,448x448,3,3,32,1,1,shared_all_resident,3648,2261.76,1660,96,19517.76,19.06,True,1474.24,1,0,0,90.13,n/a
costsim-02907,B5-lite,heavy_13b_4bit,Heavy 13B 4-bit VLM proxy,15500,2048,1344x1344,336x336,448x448,3,3,32,2,2,shared_all_resident,3648,2261.76,1660,96,19517.76,19.06,True,1474.24,2,0,0,98.13,n/a
costsim-02908,B5-lite,heavy_13b_4bit,Heavy 13B 4-bit VLM proxy,15500,2048,1344x1344,336x336,448x448,3,3,32,4,4,shared_all_resident,3648,2261.76,1660,96,19517.76,19.06,True,1474.24,4,0,0,114.13,n/a
costsim-02909,B5-lite,heavy_13b_4bit,Heavy 13B 4-bit VLM proxy,15500,2048,1344x1344,336x336,448x448,5,5,4,1,1,shared_all_resident,5696,3531.52,400,96,19527.52,19.07,True,1464.48,1,0,0,112.66,n/a
costsim-02910,B5-lite,heavy_13b_4bit,Heavy 13B 4-bit VLM proxy,15500,2048,1344x1344,336x336,448x448,5,5,4,2,2,shared_all_resident,5696,3531.52,400,96,19527.52,19.07,True,1464.48,2,0,0,120.66,n/a
costsim-02911,B5-lite,heavy_13b_4bit,Heavy 13B 4-bit VLM proxy,15500,2048,1344x1344,336x336,448x448,5,5,4,4,4,shared_all_resident,5696,3531.52,400,96,19527.52,19.07,True,1464.48,4,0,0,136.66,n/a
costsim-02912,B5-lite,heavy_13b_4bit,Heavy 13B 4-bit VLM proxy,15500,2048,1344x1344,336x336,448x448,5,5,8,1,1,shared_all_resident,5696,3531.52,580,96,19707.52,19.246,True,1284.48,1,0,0,112.66,n/a
costsim-02913,B5-lite,heavy_13b_4bit,Heavy 13B 4-bit VLM proxy,15500,2048,1344x1344,336x336,448x448,5,5,8,2,2,shared_all_resident,5696,3531.52,580,96,19707.52,19.246,True,1284.48,2,0,0,120.66,n/a
costsim-02914,B5-lite,heavy_13b_4bit,Heavy 13B 4-bit VLM proxy,15500,2048,1344x1344,336x336,448x448,5,5,8,4,4,shared_all_resident,5696,3531.52,580,96,19707.52,19.246,True,1284.48,4,0,0,136.66,n/a
costsim-02915,B5-lite,heavy_13b_4bit,Heavy 13B 4-bit VLM proxy,15500,2048,1344x1344,336x336,448x448,5,5,16,1,1,shared_all_resident,5696,3531.52,940,96,20067.52,19.597,True,924.48,1,0,0,112.66,n/a
costsim-02916,B5-lite,heavy_13b_4bit,Heavy 13B 4-bit VLM proxy,15500,2048,1344x1344,336x336,448x448,5,5,16,2,2,shared_all_resident,5696,3531.52,940,96,20067.52,19.597,True,924.48,2,0,0,120.66,n/a
costsim-02917,B5-lite,heavy_13b_4bit,Heavy 13B 4-bit VLM proxy,15500,2048,1344x1344,336x336,448x448,5,5,16,4,4,shared_all_resident,5696,3531.52,940,96,20067.52,19.597,True,924.48,4,0,0,136.66,n/a
costsim-02918,B5-lite,heavy_13b_4bit,Heavy 13B 4-bit VLM proxy,15500,2048,1344x1344,336x336,448x448,5,5,32,1,1,shared_all_resident,5696,3531.52,1660,96,20787.52,20.3,True,204.48,1,0,0,112.66,n/a
costsim-02919,B5-lite,heavy_13b_4bit,Heavy 13B 4-bit VLM proxy,15500,2048,1344x1344,336x336,448x448,5,5,32,2,2,shared_all_resident,5696,3531.52,1660,96,20787.52,20.3,True,204.48,2,0,0,120.66,n/a
costsim-02920,B5-lite,heavy_13b_4bit,Heavy 13B 4-bit VLM proxy,15500,2048,1344x1344,336x336,448x448,5,5,32,4,4,shared_all_resident,5696,3531.52,1660,96,20787.52,20.3,True,204.48,4,0,0,136.66,n/a
costsim-02921,B5-lite,heavy_13b_4bit,Heavy 13B 4-bit VLM proxy,15500,2048,1344x1344,448x448,336x336,1,1,4,1,1,shared_all_resident,1600,992.0,400,96,16988.0,16.59,True,4004.0,1,0,0,67.6,n/a
costsim-02922,B5-lite,heavy_13b_4bit,Heavy 13B 4-bit VLM proxy,15500,2048,1344x1344,448x448,336x336,1,1,4,2,2,shared_all_resident,1600,992.0,400,96,16988.0,16.59,True,4004.0,2,0,0,75.6,n/a
costsim-02923,B5-lite,heavy_13b_4bit,Heavy 13B 4-bit VLM proxy,15500,2048,1344x1344,448x448,336x336,1,1,4,4,4,shared_all_resident,1600,992.0,400,96,16988.0,16.59,True,4004.0,4,0,0,91.6,n/a
costsim-02924,B5-lite,heavy_13b_4bit,Heavy 13B 4-bit VLM proxy,15500,2048,1344x1344,448x448,336x336,1,1,8,1,1,shared_all_resident,1600,992.0,580,96,17168.0,16.766,True,3824.0,1,0,0,67.6,n/a
costsim-02925,B5-lite,heavy_13b_4bit,Heavy 13B 4-bit VLM proxy,15500,2048,1344x1344,448x448,336x336,1,1,8,2,2,shared_all_resident,1600,992.0,580,96,17168.0,16.766,True,3824.0,2,0,0,75.6,n/a
costsim-02926,B5-lite,heavy_13b_4bit,Heavy 13B 4-bit VLM proxy,15500,2048,1344x1344,448x448,336x336,1,1,8,4,4,shared_all_resident,1600,992.0,580,96,17168.0,16.766,True,3824.0,4,0,0,91.6,n/a
costsim-02927,B5-lite,heavy_13b_4bit,Heavy 13B 4-bit VLM proxy,15500,2048,1344x1344,448x448,336x336,1,1,16,1,1,shared_all_resident,1600,992.0,940,96,17528.0,17.117,True,3464.0,1,0,0,67.6,n/a
costsim-02928,B5-lite,heavy_13b_4bit,Heavy 13B 4-bit VLM proxy,15500,2048,1344x1344,448x448,336x336,1,1,16,2,2,shared_all_resident,1600,992.0,940,96,17528.0,17.117,True,3464.0,2,0,0,75.6,n/a
costsim-02929,B5-lite,heavy_13b_4bit,Heavy 13B 4-bit VLM proxy,15500,2048,1344x1344,448x448,336x336,1,1,16,4,4,shared_all_resident,1600,992.0,940,96,17528.0,17.117,True,3464.0,4,0,0,91.6,n/a
costsim-02930,B5-lite,heavy_13b_4bit,Heavy 13B 4-bit VLM proxy,15500,2048,1344x1344,448x448,336x336,1,1,32,1,1,shared_all_resident,1600,992.0,1660,96,18248.0,17.82,True,2744.0,1,0,0,67.6,n/a
costsim-02931,B5-lite,heavy_13b_4bit,Heavy 13B 4-bit VLM proxy,15500,2048,1344x1344,448x448,336x336,1,1,32,2,2,shared_all_resident,1600,992.0,1660,96,18248.0,17.82,True,2744.0,2,0,0,75.6,n/a
costsim-02932,B5-lite,heavy_13b_4bit,Heavy 13B 4-bit VLM proxy,15500,2048,1344x1344,448x448,336x336,1,1,32,4,4,shared_all_resident,1600,992.0,1660,96,18248.0,17.82,True,2744.0,4,0,0,91.6,n/a
costsim-02933,B5-lite,heavy_13b_4bit,Heavy 13B 4-bit VLM proxy,15500,2048,1344x1344,448x448,336x336,3,3,4,1,1,shared_all_resident,2752,1706.24,400,96,17702.24,17.287,True,3289.76,1,0,0,80.27,n/a
costsim-02934,B5-lite,heavy_13b_4bit,Heavy 13B 4-bit VLM proxy,15500,2048,1344x1344,448x448,336x336,3,3,4,2,2,shared_all_resident,2752,1706.24,400,96,17702.24,17.287,True,3289.76,2,0,0,88.27,n/a
costsim-02935,B5-lite,heavy_13b_4bit,Heavy 13B 4-bit VLM proxy,15500,2048,1344x1344,448x448,336x336,3,3,4,4,4,shared_all_resident,2752,1706.24,400,96,17702.24,17.287,True,3289.76,4,0,0,104.27,n/a
costsim-02936,B5-lite,heavy_13b_4bit,Heavy 13B 4-bit VLM proxy,15500,2048,1344x1344,448x448,336x336,3,3,8,1,1,shared_all_resident,2752,1706.24,580,96,17882.24,17.463,True,3109.76,1,0,0,80.27,n/a
costsim-02937,B5-lite,heavy_13b_4bit,Heavy 13B 4-bit VLM proxy,15500,2048,1344x1344,448x448,336x336,3,3,8,2,2,shared_all_resident,2752,1706.24,580,96,17882.24,17.463,True,3109.76,2,0,0,88.27,n/a
costsim-02938,B5-lite,heavy_13b_4bit,Heavy 13B 4-bit VLM proxy,15500,2048,1344x1344,448x448,336x336,3,3,8,4,4,shared_all_resident,2752,1706.24,580,96,17882.24,17.463,True,3109.76,4,0,0,104.27,n/a
costsim-02939,B5-lite,heavy_13b_4bit,Heavy 13B 4-bit VLM proxy,15500,2048,1344x1344,448x448,336x336,3,3,16,1,1,shared_all_resident,2752,1706.24,940,96,18242.24,17.815,True,2749.76,1,0,0,80.27,n/a
costsim-02940,B5-lite,heavy_13b_4bit,Heavy 13B 4-bit VLM proxy,15500,2048,1344x1344,448x448,336x336,3,3,16,2,2,shared_all_resident,2752,1706.24,940,96,18242.24,17.815,True,2749.76,2,0,0,88.27,n/a
costsim-02941,B5-lite,heavy_13b_4bit,Heavy 13B 4-bit VLM proxy,15500,2048,1344x1344,448x448,336x336,3,3,16,4,4,shared_all_resident,2752,1706.24,940,96,18242.24,17.815,True,2749.76,4,0,0,104.27,n/a
costsim-02942,B5-lite,heavy_13b_4bit,Heavy 13B 4-bit VLM proxy,15500,2048,1344x1344,448x448,336x336,3,3,32,1,1,shared_all_resident,2752,1706.24,1660,96,18962.24,18.518,True,2029.76,1,0,0,80.27,n/a
costsim-02943,B5-lite,heavy_13b_4bit,Heavy 13B 4-bit VLM proxy,15500,2048,1344x1344,448x448,336x336,3,3,32,2,2,shared_all_resident,2752,1706.24,1660,96,18962.24,18.518,True,2029.76,2,0,0,88.27,n/a
costsim-02944,B5-lite,heavy_13b_4bit,Heavy 13B 4-bit VLM proxy,15500,2048,1344x1344,448x448,336x336,3,3,32,4,4,shared_all_resident,2752,1706.24,1660,96,18962.24,18.518,True,2029.76,4,0,0,104.27,n/a
costsim-02945,B5-lite,heavy_13b_4bit,Heavy 13B 4-bit VLM proxy,15500,2048,1344x1344,448x448,336x336,5,5,4,1,1,shared_all_resident,3904,2420.48,400,96,18416.48,17.985,True,2575.52,1,0,0,92.94,n/a
costsim-02946,B5-lite,heavy_13b_4bit,Heavy 13B 4-bit VLM proxy,15500,2048,1344x1344,448x448,336x336,5,5,4,2,2,shared_all_resident,3904,2420.48,400,96,18416.48,17.985,True,2575.52,2,0,0,100.94,n/a
costsim-02947,B5-lite,heavy_13b_4bit,Heavy 13B 4-bit VLM proxy,15500,2048,1344x1344,448x448,336x336,5,5,4,4,4,shared_all_resident,3904,2420.48,400,96,18416.48,17.985,True,2575.52,4,0,0,116.94,n/a
costsim-02948,B5-lite,heavy_13b_4bit,Heavy 13B 4-bit VLM proxy,15500,2048,1344x1344,448x448,336x336,5,5,8,1,1,shared_all_resident,3904,2420.48,580,96,18596.48,18.161,True,2395.52,1,0,0,92.94,n/a
costsim-02949,B5-lite,heavy_13b_4bit,Heavy 13B 4-bit VLM proxy,15500,2048,1344x1344,448x448,336x336,5,5,8,2,2,shared_all_resident,3904,2420.48,580,96,18596.48,18.161,True,2395.52,2,0,0,100.94,n/a
costsim-02950,B5-lite,heavy_13b_4bit,Heavy 13B 4-bit VLM proxy,15500,2048,1344x1344,448x448,336x336,5,5,8,4,4,shared_all_resident,3904,2420.48,580,96,18596.48,18.161,True,2395.52,4,0,0,116.94,n/a
costsim-02951,B5-lite,heavy_13b_4bit,Heavy 13B 4-bit VLM proxy,15500,2048,1344x1344,448x448,336x336,5,5,16,1,1,shared_all_resident,3904,2420.48,940,96,18956.48,18.512,True,2035.52,1,0,0,92.94,n/a
costsim-02952,B5-lite,heavy_13b_4bit,Heavy 13B 4-bit VLM proxy,15500,2048,1344x1344,448x448,336x336,5,5,16,2,2,shared_all_resident,3904,2420.48,940,96,18956.48,18.512,True,2035.52,2,0,0,100.94,n/a
costsim-02953,B5-lite,heavy_13b_4bit,Heavy 13B 4-bit VLM proxy,15500,2048,1344x1344,448x448,336x336,5,5,16,4,4,shared_all_resident,3904,2420.48,940,96,18956.48,18.512,True,2035.52,4,0,0,116.94,n/a
costsim-02954,B5-lite,heavy_13b_4bit,Heavy 13B 4-bit VLM proxy,15500,2048,1344x1344,448x448,336x336,5,5,32,1,1,shared_all_resident,3904,2420.48,1660,96,19676.48,19.215,True,1315.52,1,0,0,92.94,n/a
costsim-02955,B5-lite,heavy_13b_4bit,Heavy 13B 4-bit VLM proxy,15500,2048,1344x1344,448x448,336x336,5,5,32,2,2,shared_all_resident,3904,2420.48,1660,96,19676.48,19.215,True,1315.52,2,0,0,100.94,n/a
costsim-02956,B5-lite,heavy_13b_4bit,Heavy 13B 4-bit VLM proxy,15500,2048,1344x1344,448x448,336x336,5,5,32,4,4,shared_all_resident,3904,2420.48,1660,96,19676.48,19.215,True,1315.52,4,0,0,116.94,n/a
costsim-02957,B5-lite,heavy_13b_4bit,Heavy 13B 4-bit VLM proxy,15500,2048,1344x1344,448x448,448x448,1,1,4,1,1,shared_all_resident,2048,1269.76,400,96,17265.76,16.861,True,3726.24,1,0,0,72.53,n/a
costsim-02958,B5-lite,heavy_13b_4bit,Heavy 13B 4-bit VLM proxy,15500,2048,1344x1344,448x448,448x448,1,1,4,2,2,shared_all_resident,2048,1269.76,400,96,17265.76,16.861,True,3726.24,2,0,0,80.53,n/a
costsim-02959,B5-lite,heavy_13b_4bit,Heavy 13B 4-bit VLM proxy,15500,2048,1344x1344,448x448,448x448,1,1,4,4,4,shared_all_resident,2048,1269.76,400,96,17265.76,16.861,True,3726.24,4,0,0,96.53,n/a
costsim-02960,B5-lite,heavy_13b_4bit,Heavy 13B 4-bit VLM proxy,15500,2048,1344x1344,448x448,448x448,1,1,8,1,1,shared_all_resident,2048,1269.76,580,96,17445.76,17.037,True,3546.24,1,0,0,72.53,n/a
costsim-02961,B5-lite,heavy_13b_4bit,Heavy 13B 4-bit VLM proxy,15500,2048,1344x1344,448x448,448x448,1,1,8,2,2,shared_all_resident,2048,1269.76,580,96,17445.76,17.037,True,3546.24,2,0,0,80.53,n/a
costsim-02962,B5-lite,heavy_13b_4bit,Heavy 13B 4-bit VLM proxy,15500,2048,1344x1344,448x448,448x448,1,1,8,4,4,shared_all_resident,2048,1269.76,580,96,17445.76,17.037,True,3546.24,4,0,0,96.53,n/a
costsim-02963,B5-lite,heavy_13b_4bit,Heavy 13B 4-bit VLM proxy,15500,2048,1344x1344,448x448,448x448,1,1,16,1,1,shared_all_resident,2048,1269.76,940,96,17805.76,17.388,True,3186.24,1,0,0,72.53,n/a
costsim-02964,B5-lite,heavy_13b_4bit,Heavy 13B 4-bit VLM proxy,15500,2048,1344x1344,448x448,448x448,1,1,16,2,2,shared_all_resident,2048,1269.76,940,96,17805.76,17.388,True,3186.24,2,0,0,80.53,n/a
costsim-02965,B5-lite,heavy_13b_4bit,Heavy 13B 4-bit VLM proxy,15500,2048,1344x1344,448x448,448x448,1,1,16,4,4,shared_all_resident,2048,1269.76,940,96,17805.76,17.388,True,3186.24,4,0,0,96.53,n/a
costsim-02966,B5-lite,heavy_13b_4bit,Heavy 13B 4-bit VLM proxy,15500,2048,1344x1344,448x448,448x448,1,1,32,1,1,shared_all_resident,2048,1269.76,1660,96,18525.76,18.092,True,2466.24,1,0,0,72.53,n/a
costsim-02967,B5-lite,heavy_13b_4bit,Heavy 13B 4-bit VLM proxy,15500,2048,1344x1344,448x448,448x448,1,1,32,2,2,shared_all_resident,2048,1269.76,1660,96,18525.76,18.092,True,2466.24,2,0,0,80.53,n/a
costsim-02968,B5-lite,heavy_13b_4bit,Heavy 13B 4-bit VLM proxy,15500,2048,1344x1344,448x448,448x448,1,1,32,4,4,shared_all_resident,2048,1269.76,1660,96,18525.76,18.092,True,2466.24,4,0,0,96.53,n/a
costsim-02969,B5-lite,heavy_13b_4bit,Heavy 13B 4-bit VLM proxy,15500,2048,1344x1344,448x448,448x448,3,3,4,1,1,shared_all_resident,4096,2539.52,400,96,18535.52,18.101,True,2456.48,1,0,0,95.06,n/a
costsim-02970,B5-lite,heavy_13b_4bit,Heavy 13B 4-bit VLM proxy,15500,2048,1344x1344,448x448,448x448,3,3,4,2,2,shared_all_resident,4096,2539.52,400,96,18535.52,18.101,True,2456.48,2,0,0,103.06,n/a
costsim-02971,B5-lite,heavy_13b_4bit,Heavy 13B 4-bit VLM proxy,15500,2048,1344x1344,448x448,448x448,3,3,4,4,4,shared_all_resident,4096,2539.52,400,96,18535.52,18.101,True,2456.48,4,0,0,119.06,n/a
costsim-02972,B5-lite,heavy_13b_4bit,Heavy 13B 4-bit VLM proxy,15500,2048,1344x1344,448x448,448x448,3,3,8,1,1,shared_all_resident,4096,2539.52,580,96,18715.52,18.277,True,2276.48,1,0,0,95.06,n/a
costsim-02973,B5-lite,heavy_13b_4bit,Heavy 13B 4-bit VLM proxy,15500,2048,1344x1344,448x448,448x448,3,3,8,2,2,shared_all_resident,4096,2539.52,580,96,18715.52,18.277,True,2276.48,2,0,0,103.06,n/a
costsim-02974,B5-lite,heavy_13b_4bit,Heavy 13B 4-bit VLM proxy,15500,2048,1344x1344,448x448,448x448,3,3,8,4,4,shared_all_resident,4096,2539.52,580,96,18715.52,18.277,True,2276.48,4,0,0,119.06,n/a
costsim-02975,B5-lite,heavy_13b_4bit,Heavy 13B 4-bit VLM proxy,15500,2048,1344x1344,448x448,448x448,3,3,16,1,1,shared_all_resident,4096,2539.52,940,96,19075.52,18.628,True,1916.48,1,0,0,95.06,n/a
costsim-02976,B5-lite,heavy_13b_4bit,Heavy 13B 4-bit VLM proxy,15500,2048,1344x1344,448x448,448x448,3,3,16,2,2,shared_all_resident,4096,2539.52,940,96,19075.52,18.628,True,1916.48,2,0,0,103.06,n/a
costsim-02977,B5-lite,heavy_13b_4bit,Heavy 13B 4-bit VLM proxy,15500,2048,1344x1344,448x448,448x448,3,3,16,4,4,shared_all_resident,4096,2539.52,940,96,19075.52,18.628,True,1916.48,4,0,0,119.06,n/a
costsim-02978,B5-lite,heavy_13b_4bit,Heavy 13B 4-bit VLM proxy,15500,2048,1344x1344,448x448,448x448,3,3,32,1,1,shared_all_resident,4096,2539.52,1660,96,19795.52,19.332,True,1196.48,1,0,0,95.06,n/a
costsim-02979,B5-lite,heavy_13b_4bit,Heavy 13B 4-bit VLM proxy,15500,2048,1344x1344,448x448,448x448,3,3,32,2,2,shared_all_resident,4096,2539.52,1660,96,19795.52,19.332,True,1196.48,2,0,0,103.06,n/a
costsim-02980,B5-lite,heavy_13b_4bit,Heavy 13B 4-bit VLM proxy,15500,2048,1344x1344,448x448,448x448,3,3,32,4,4,shared_all_resident,4096,2539.52,1660,96,19795.52,19.332,True,1196.48,4,0,0,119.06,n/a
costsim-02981,B5-lite,heavy_13b_4bit,Heavy 13B 4-bit VLM proxy,15500,2048,1344x1344,448x448,448x448,5,5,4,1,1,shared_all_resident,6144,3809.28,400,96,19805.28,19.341,True,1186.72,1,0,0,117.58,n/a
costsim-02982,B5-lite,heavy_13b_4bit,Heavy 13B 4-bit VLM proxy,15500,2048,1344x1344,448x448,448x448,5,5,4,2,2,shared_all_resident,6144,3809.28,400,96,19805.28,19.341,True,1186.72,2,0,0,125.58,n/a
costsim-02983,B5-lite,heavy_13b_4bit,Heavy 13B 4-bit VLM proxy,15500,2048,1344x1344,448x448,448x448,5,5,4,4,4,shared_all_resident,6144,3809.28,400,96,19805.28,19.341,True,1186.72,4,0,0,141.58,n/a
costsim-02984,B5-lite,heavy_13b_4bit,Heavy 13B 4-bit VLM proxy,15500,2048,1344x1344,448x448,448x448,5,5,8,1,1,shared_all_resident,6144,3809.28,580,96,19985.28,19.517,True,1006.72,1,0,0,117.58,n/a
costsim-02985,B5-lite,heavy_13b_4bit,Heavy 13B 4-bit VLM proxy,15500,2048,1344x1344,448x448,448x448,5,5,8,2,2,shared_all_resident,6144,3809.28,580,96,19985.28,19.517,True,1006.72,2,0,0,125.58,n/a
costsim-02986,B5-lite,heavy_13b_4bit,Heavy 13B 4-bit VLM proxy,15500,2048,1344x1344,448x448,448x448,5,5,8,4,4,shared_all_resident,6144,3809.28,580,96,19985.28,19.517,True,1006.72,4,0,0,141.58,n/a
costsim-02987,B5-lite,heavy_13b_4bit,Heavy 13B 4-bit VLM proxy,15500,2048,1344x1344,448x448,448x448,5,5,16,1,1,shared_all_resident,6144,3809.28,940,96,20345.28,19.868,True,646.72,1,0,0,117.58,n/a
costsim-02988,B5-lite,heavy_13b_4bit,Heavy 13B 4-bit VLM proxy,15500,2048,1344x1344,448x448,448x448,5,5,16,2,2,shared_all_resident,6144,3809.28,940,96,20345.28,19.868,True,646.72,2,0,0,125.58,n/a
costsim-02989,B5-lite,heavy_13b_4bit,Heavy 13B 4-bit VLM proxy,15500,2048,1344x1344,448x448,448x448,5,5,16,4,4,shared_all_resident,6144,3809.28,940,96,20345.28,19.868,True,646.72,4,0,0,141.58,n/a
costsim-02990,B5-lite,heavy_13b_4bit,Heavy 13B 4-bit VLM proxy,15500,2048,1344x1344,448x448,448x448,5,5,32,1,1,shared_all_resident,6144,3809.28,1660,96,21065.28,20.572,False,-73.28,1,0,0,117.58,n/a
costsim-02991,B5-lite,heavy_13b_4bit,Heavy 13B 4-bit VLM proxy,15500,2048,1344x1344,448x448,448x448,5,5,32,2,2,shared_all_resident,6144,3809.28,1660,96,21065.28,20.572,False,-73.28,2,0,0,125.58,n/a
costsim-02992,B5-lite,heavy_13b_4bit,Heavy 13B 4-bit VLM proxy,15500,2048,1344x1344,448x448,448x448,5,5,32,4,4,shared_all_resident,6144,3809.28,1660,96,21065.28,20.572,False,-73.28,4,0,0,141.58,n/a
costsim-02993,B7-lite,heavy_13b_4bit,Heavy 13B 4-bit VLM proxy,15500,2048,1344x1344,336x336,336x336,1,1,4,1,1,shared_budget_conditioned,1152,714.24,265,96,16575.24,16.187,True,4416.76,1,0,0,62.67,allow_initial_plan
costsim-02994,B7-lite,heavy_13b_4bit,Heavy 13B 4-bit VLM proxy,15500,2048,1344x1344,336x336,336x336,1,1,4,2,2,shared_budget_conditioned,1152,714.24,310,96,16620.24,16.231,True,4371.76,2,0,0,70.67,allow_initial_plan
costsim-02995,B7-lite,heavy_13b_4bit,Heavy 13B 4-bit VLM proxy,15500,2048,1344x1344,336x336,336x336,1,1,4,4,4,shared_budget_conditioned,1152,714.24,400,180,16794.24,16.401,True,4197.76,4,0,0,86.67,allow_initial_plan
costsim-02996,B7-lite,heavy_13b_4bit,Heavy 13B 4-bit VLM proxy,15500,2048,1344x1344,336x336,336x336,1,1,8,1,1,shared_budget_conditioned,1152,714.24,265,96,16575.24,16.187,True,4416.76,1,0,0,62.67,allow_initial_plan
costsim-02997,B7-lite,heavy_13b_4bit,Heavy 13B 4-bit VLM proxy,15500,2048,1344x1344,336x336,336x336,1,1,8,2,2,shared_budget_conditioned,1152,714.24,310,96,16620.24,16.231,True,4371.76,2,0,0,70.67,allow_initial_plan
costsim-02998,B7-lite,heavy_13b_4bit,Heavy 13B 4-bit VLM proxy,15500,2048,1344x1344,336x336,336x336,1,1,8,4,4,shared_budget_conditioned,1152,714.24,400,180,16794.24,16.401,True,4197.76,4,0,0,86.67,allow_initial_plan
costsim-02999,B7-lite,heavy_13b_4bit,Heavy 13B 4-bit VLM proxy,15500,2048,1344x1344,336x336,336x336,1,1,16,1,1,shared_budget_conditioned,1152,714.24,265,96,16575.24,16.187,True,4416.76,1,0,0,62.67,allow_initial_plan
costsim-03000,B7-lite,heavy_13b_4bit,Heavy 13B 4-bit VLM proxy,15500,2048,1344x1344,336x336,336x336,1,1,16,2,2,shared_budget_conditioned,1152,714.24,310,96,16620.24,16.231,True,4371.76,2,0,0,70.67,allow_initial_plan
costsim-03001,B7-lite,heavy_13b_4bit,Heavy 13B 4-bit VLM proxy,15500,2048,1344x1344,336x336,336x336,1,1,16,4,4,shared_budget_conditioned,1152,714.24,400,180,16794.24,16.401,True,4197.76,4,0,0,86.67,allow_initial_plan
costsim-03002,B7-lite,heavy_13b_4bit,Heavy 13B 4-bit VLM proxy,15500,2048,1344x1344,336x336,336x336,1,1,32,1,1,shared_budget_conditioned,1152,714.24,265,96,16575.24,16.187,True,4416.76,1,0,0,62.67,allow_initial_plan
costsim-03003,B7-lite,heavy_13b_4bit,Heavy 13B 4-bit VLM proxy,15500,2048,1344x1344,336x336,336x336,1,1,32,2,2,shared_budget_conditioned,1152,714.24,310,96,16620.24,16.231,True,4371.76,2,0,0,70.67,allow_initial_plan
costsim-03004,B7-lite,heavy_13b_4bit,Heavy 13B 4-bit VLM proxy,15500,2048,1344x1344,336x336,336x336,1,1,32,4,4,shared_budget_conditioned,1152,714.24,400,180,16794.24,16.401,True,4197.76,4,0,0,86.67,allow_initial_plan
costsim-03005,B7-lite,heavy_13b_4bit,Heavy 13B 4-bit VLM proxy,15500,2048,1344x1344,336x336,336x336,3,3,4,1,1,shared_budget_conditioned,2304,1428.48,265,96,17289.48,16.884,True,3702.52,1,0,0,75.34,allow_initial_plan
costsim-03006,B7-lite,heavy_13b_4bit,Heavy 13B 4-bit VLM proxy,15500,2048,1344x1344,336x336,336x336,3,3,4,2,2,shared_budget_conditioned,2304,1428.48,310,96,17334.48,16.928,True,3657.52,2,0,0,83.34,allow_initial_plan
costsim-03007,B7-lite,heavy_13b_4bit,Heavy 13B 4-bit VLM proxy,15500,2048,1344x1344,336x336,336x336,3,3,4,4,4,shared_budget_conditioned,2304,1428.48,400,180,17508.48,17.098,True,3483.52,4,0,0,99.34,allow_initial_plan
costsim-03008,B7-lite,heavy_13b_4bit,Heavy 13B 4-bit VLM proxy,15500,2048,1344x1344,336x336,336x336,3,3,8,1,1,shared_budget_conditioned,2304,1428.48,265,96,17289.48,16.884,True,3702.52,1,0,0,75.34,allow_initial_plan
costsim-03009,B7-lite,heavy_13b_4bit,Heavy 13B 4-bit VLM proxy,15500,2048,1344x1344,336x336,336x336,3,3,8,2,2,shared_budget_conditioned,2304,1428.48,310,96,17334.48,16.928,True,3657.52,2,0,0,83.34,allow_initial_plan
costsim-03010,B7-lite,heavy_13b_4bit,Heavy 13B 4-bit VLM proxy,15500,2048,1344x1344,336x336,336x336,3,3,8,4,4,shared_budget_conditioned,2304,1428.48,400,180,17508.48,17.098,True,3483.52,4,0,0,99.34,allow_initial_plan
costsim-03011,B7-lite,heavy_13b_4bit,Heavy 13B 4-bit VLM proxy,15500,2048,1344x1344,336x336,336x336,3,3,16,1,1,shared_budget_conditioned,2304,1428.48,265,96,17289.48,16.884,True,3702.52,1,0,0,75.34,allow_initial_plan
costsim-03012,B7-lite,heavy_13b_4bit,Heavy 13B 4-bit VLM proxy,15500,2048,1344x1344,336x336,336x336,3,3,16,2,2,shared_budget_conditioned,2304,1428.48,310,96,17334.48,16.928,True,3657.52,2,0,0,83.34,allow_initial_plan
costsim-03013,B7-lite,heavy_13b_4bit,Heavy 13B 4-bit VLM proxy,15500,2048,1344x1344,336x336,336x336,3,3,16,4,4,shared_budget_conditioned,2304,1428.48,400,180,17508.48,17.098,True,3483.52,4,0,0,99.34,allow_initial_plan
costsim-03014,B7-lite,heavy_13b_4bit,Heavy 13B 4-bit VLM proxy,15500,2048,1344x1344,336x336,336x336,3,3,32,1,1,shared_budget_conditioned,2304,1428.48,265,96,17289.48,16.884,True,3702.52,1,0,0,75.34,allow_initial_plan
costsim-03015,B7-lite,heavy_13b_4bit,Heavy 13B 4-bit VLM proxy,15500,2048,1344x1344,336x336,336x336,3,3,32,2,2,shared_budget_conditioned,2304,1428.48,310,96,17334.48,16.928,True,3657.52,2,0,0,83.34,allow_initial_plan
costsim-03016,B7-lite,heavy_13b_4bit,Heavy 13B 4-bit VLM proxy,15500,2048,1344x1344,336x336,336x336,3,3,32,4,4,shared_budget_conditioned,2304,1428.48,400,180,17508.48,17.098,True,3483.52,4,0,0,99.34,allow_initial_plan
costsim-03017,B7-lite,heavy_13b_4bit,Heavy 13B 4-bit VLM proxy,15500,2048,1344x1344,336x336,336x336,5,5,4,1,1,shared_budget_conditioned,3456,2142.72,265,96,18003.72,17.582,True,2988.28,1,0,0,88.02,allow_initial_plan
costsim-03018,B7-lite,heavy_13b_4bit,Heavy 13B 4-bit VLM proxy,15500,2048,1344x1344,336x336,336x336,5,5,4,2,2,shared_budget_conditioned,3456,2142.72,310,96,18048.72,17.626,True,2943.28,2,0,0,96.02,allow_initial_plan
costsim-03019,B7-lite,heavy_13b_4bit,Heavy 13B 4-bit VLM proxy,15500,2048,1344x1344,336x336,336x336,5,5,4,4,4,shared_budget_conditioned,3456,2142.72,400,180,18222.72,17.796,True,2769.28,4,0,0,112.02,allow_initial_plan
costsim-03020,B7-lite,heavy_13b_4bit,Heavy 13B 4-bit VLM proxy,15500,2048,1344x1344,336x336,336x336,5,5,8,1,1,shared_budget_conditioned,3456,2142.72,265,96,18003.72,17.582,True,2988.28,1,0,0,88.02,allow_initial_plan
costsim-03021,B7-lite,heavy_13b_4bit,Heavy 13B 4-bit VLM proxy,15500,2048,1344x1344,336x336,336x336,5,5,8,2,2,shared_budget_conditioned,3456,2142.72,310,96,18048.72,17.626,True,2943.28,2,0,0,96.02,allow_initial_plan
costsim-03022,B7-lite,heavy_13b_4bit,Heavy 13B 4-bit VLM proxy,15500,2048,1344x1344,336x336,336x336,5,5,8,4,4,shared_budget_conditioned,3456,2142.72,400,180,18222.72,17.796,True,2769.28,4,0,0,112.02,allow_initial_plan
costsim-03023,B7-lite,heavy_13b_4bit,Heavy 13B 4-bit VLM proxy,15500,2048,1344x1344,336x336,336x336,5,5,16,1,1,shared_budget_conditioned,3456,2142.72,265,96,18003.72,17.582,True,2988.28,1,0,0,88.02,allow_initial_plan
costsim-03024,B7-lite,heavy_13b_4bit,Heavy 13B 4-bit VLM proxy,15500,2048,1344x1344,336x336,336x336,5,5,16,2,2,shared_budget_conditioned,3456,2142.72,310,96,18048.72,17.626,True,2943.28,2,0,0,96.02,allow_initial_plan
costsim-03025,B7-lite,heavy_13b_4bit,Heavy 13B 4-bit VLM proxy,15500,2048,1344x1344,336x336,336x336,5,5,16,4,4,shared_budget_conditioned,3456,2142.72,400,180,18222.72,17.796,True,2769.28,4,0,0,112.02,allow_initial_plan
costsim-03026,B7-lite,heavy_13b_4bit,Heavy 13B 4-bit VLM proxy,15500,2048,1344x1344,336x336,336x336,5,5,32,1,1,shared_budget_conditioned,3456,2142.72,265,96,18003.72,17.582,True,2988.28,1,0,0,88.02,allow_initial_plan
costsim-03027,B7-lite,heavy_13b_4bit,Heavy 13B 4-bit VLM proxy,15500,2048,1344x1344,336x336,336x336,5,5,32,2,2,shared_budget_conditioned,3456,2142.72,310,96,18048.72,17.626,True,2943.28,2,0,0,96.02,allow_initial_plan
costsim-03028,B7-lite,heavy_13b_4bit,Heavy 13B 4-bit VLM proxy,15500,2048,1344x1344,336x336,336x336,5,5,32,4,4,shared_budget_conditioned,3456,2142.72,400,180,18222.72,17.796,True,2769.28,4,0,0,112.02,allow_initial_plan
costsim-03029,B7-lite,heavy_13b_4bit,Heavy 13B 4-bit VLM proxy,15500,2048,1344x1344,336x336,448x448,1,1,4,1,1,shared_budget_conditioned,1600,992.0,265,96,16853.0,16.458,True,4139.0,1,0,0,67.6,allow_initial_plan
costsim-03030,B7-lite,heavy_13b_4bit,Heavy 13B 4-bit VLM proxy,15500,2048,1344x1344,336x336,448x448,1,1,4,2,2,shared_budget_conditioned,1600,992.0,310,96,16898.0,16.502,True,4094.0,2,0,0,75.6,allow_initial_plan
costsim-03031,B7-lite,heavy_13b_4bit,Heavy 13B 4-bit VLM proxy,15500,2048,1344x1344,336x336,448x448,1,1,4,4,4,shared_budget_conditioned,1600,992.0,400,180,17072.0,16.672,True,3920.0,4,0,0,91.6,allow_initial_plan
costsim-03032,B7-lite,heavy_13b_4bit,Heavy 13B 4-bit VLM proxy,15500,2048,1344x1344,336x336,448x448,1,1,8,1,1,shared_budget_conditioned,1600,992.0,265,96,16853.0,16.458,True,4139.0,1,0,0,67.6,allow_initial_plan
costsim-03033,B7-lite,heavy_13b_4bit,Heavy 13B 4-bit VLM proxy,15500,2048,1344x1344,336x336,448x448,1,1,8,2,2,shared_budget_conditioned,1600,992.0,310,96,16898.0,16.502,True,4094.0,2,0,0,75.6,allow_initial_plan
costsim-03034,B7-lite,heavy_13b_4bit,Heavy 13B 4-bit VLM proxy,15500,2048,1344x1344,336x336,448x448,1,1,8,4,4,shared_budget_conditioned,1600,992.0,400,180,17072.0,16.672,True,3920.0,4,0,0,91.6,allow_initial_plan
costsim-03035,B7-lite,heavy_13b_4bit,Heavy 13B 4-bit VLM proxy,15500,2048,1344x1344,336x336,448x448,1,1,16,1,1,shared_budget_conditioned,1600,992.0,265,96,16853.0,16.458,True,4139.0,1,0,0,67.6,allow_initial_plan
costsim-03036,B7-lite,heavy_13b_4bit,Heavy 13B 4-bit VLM proxy,15500,2048,1344x1344,336x336,448x448,1,1,16,2,2,shared_budget_conditioned,1600,992.0,310,96,16898.0,16.502,True,4094.0,2,0,0,75.6,allow_initial_plan
costsim-03037,B7-lite,heavy_13b_4bit,Heavy 13B 4-bit VLM proxy,15500,2048,1344x1344,336x336,448x448,1,1,16,4,4,shared_budget_conditioned,1600,992.0,400,180,17072.0,16.672,True,3920.0,4,0,0,91.6,allow_initial_plan
costsim-03038,B7-lite,heavy_13b_4bit,Heavy 13B 4-bit VLM proxy,15500,2048,1344x1344,336x336,448x448,1,1,32,1,1,shared_budget_conditioned,1600,992.0,265,96,16853.0,16.458,True,4139.0,1,0,0,67.6,allow_initial_plan
costsim-03039,B7-lite,heavy_13b_4bit,Heavy 13B 4-bit VLM proxy,15500,2048,1344x1344,336x336,448x448,1,1,32,2,2,shared_budget_conditioned,1600,992.0,310,96,16898.0,16.502,True,4094.0,2,0,0,75.6,allow_initial_plan
costsim-03040,B7-lite,heavy_13b_4bit,Heavy 13B 4-bit VLM proxy,15500,2048,1344x1344,336x336,448x448,1,1,32,4,4,shared_budget_conditioned,1600,992.0,400,180,17072.0,16.672,True,3920.0,4,0,0,91.6,allow_initial_plan
costsim-03041,B7-lite,heavy_13b_4bit,Heavy 13B 4-bit VLM proxy,15500,2048,1344x1344,336x336,448x448,3,3,4,1,1,shared_budget_conditioned,3648,2261.76,265,96,18122.76,17.698,True,2869.24,1,0,0,90.13,allow_initial_plan
costsim-03042,B7-lite,heavy_13b_4bit,Heavy 13B 4-bit VLM proxy,15500,2048,1344x1344,336x336,448x448,3,3,4,2,2,shared_budget_conditioned,3648,2261.76,310,96,18167.76,17.742,True,2824.24,2,0,0,98.13,allow_initial_plan
costsim-03043,B7-lite,heavy_13b_4bit,Heavy 13B 4-bit VLM proxy,15500,2048,1344x1344,336x336,448x448,3,3,4,4,4,shared_budget_conditioned,3648,2261.76,400,180,18341.76,17.912,True,2650.24,4,0,0,114.13,allow_initial_plan
costsim-03044,B7-lite,heavy_13b_4bit,Heavy 13B 4-bit VLM proxy,15500,2048,1344x1344,336x336,448x448,3,3,8,1,1,shared_budget_conditioned,3648,2261.76,265,96,18122.76,17.698,True,2869.24,1,0,0,90.13,allow_initial_plan
costsim-03045,B7-lite,heavy_13b_4bit,Heavy 13B 4-bit VLM proxy,15500,2048,1344x1344,336x336,448x448,3,3,8,2,2,shared_budget_conditioned,3648,2261.76,310,96,18167.76,17.742,True,2824.24,2,0,0,98.13,allow_initial_plan
costsim-03046,B7-lite,heavy_13b_4bit,Heavy 13B 4-bit VLM proxy,15500,2048,1344x1344,336x336,448x448,3,3,8,4,4,shared_budget_conditioned,3648,2261.76,400,180,18341.76,17.912,True,2650.24,4,0,0,114.13,allow_initial_plan
costsim-03047,B7-lite,heavy_13b_4bit,Heavy 13B 4-bit VLM proxy,15500,2048,1344x1344,336x336,448x448,3,3,16,1,1,shared_budget_conditioned,3648,2261.76,265,96,18122.76,17.698,True,2869.24,1,0,0,90.13,allow_initial_plan
costsim-03048,B7-lite,heavy_13b_4bit,Heavy 13B 4-bit VLM proxy,15500,2048,1344x1344,336x336,448x448,3,3,16,2,2,shared_budget_conditioned,3648,2261.76,310,96,18167.76,17.742,True,2824.24,2,0,0,98.13,allow_initial_plan
costsim-03049,B7-lite,heavy_13b_4bit,Heavy 13B 4-bit VLM proxy,15500,2048,1344x1344,336x336,448x448,3,3,16,4,4,shared_budget_conditioned,3648,2261.76,400,180,18341.76,17.912,True,2650.24,4,0,0,114.13,allow_initial_plan
costsim-03050,B7-lite,heavy_13b_4bit,Heavy 13B 4-bit VLM proxy,15500,2048,1344x1344,336x336,448x448,3,3,32,1,1,shared_budget_conditioned,3648,2261.76,265,96,18122.76,17.698,True,2869.24,1,0,0,90.13,allow_initial_plan
costsim-03051,B7-lite,heavy_13b_4bit,Heavy 13B 4-bit VLM proxy,15500,2048,1344x1344,336x336,448x448,3,3,32,2,2,shared_budget_conditioned,3648,2261.76,310,96,18167.76,17.742,True,2824.24,2,0,0,98.13,allow_initial_plan
costsim-03052,B7-lite,heavy_13b_4bit,Heavy 13B 4-bit VLM proxy,15500,2048,1344x1344,336x336,448x448,3,3,32,4,4,shared_budget_conditioned,3648,2261.76,400,180,18341.76,17.912,True,2650.24,4,0,0,114.13,allow_initial_plan
costsim-03053,B7-lite,heavy_13b_4bit,Heavy 13B 4-bit VLM proxy,15500,2048,1344x1344,336x336,448x448,5,5,4,1,1,shared_budget_conditioned,5696,3531.52,265,96,19392.52,18.938,True,1599.48,1,0,0,112.66,allow_initial_plan
costsim-03054,B7-lite,heavy_13b_4bit,Heavy 13B 4-bit VLM proxy,15500,2048,1344x1344,336x336,448x448,5,5,4,2,2,shared_budget_conditioned,5696,3531.52,310,96,19437.52,18.982,True,1554.48,2,0,0,120.66,allow_initial_plan
costsim-03055,B7-lite,heavy_13b_4bit,Heavy 13B 4-bit VLM proxy,15500,2048,1344x1344,336x336,448x448,5,5,4,4,4,shared_budget_conditioned,5696,3531.52,400,180,19611.52,19.152,True,1380.48,4,0,0,136.66,allow_initial_plan
costsim-03056,B7-lite,heavy_13b_4bit,Heavy 13B 4-bit VLM proxy,15500,2048,1344x1344,336x336,448x448,5,5,8,1,1,shared_budget_conditioned,5696,3531.52,265,96,19392.52,18.938,True,1599.48,1,0,0,112.66,allow_initial_plan
costsim-03057,B7-lite,heavy_13b_4bit,Heavy 13B 4-bit VLM proxy,15500,2048,1344x1344,336x336,448x448,5,5,8,2,2,shared_budget_conditioned,5696,3531.52,310,96,19437.52,18.982,True,1554.48,2,0,0,120.66,allow_initial_plan
costsim-03058,B7-lite,heavy_13b_4bit,Heavy 13B 4-bit VLM proxy,15500,2048,1344x1344,336x336,448x448,5,5,8,4,4,shared_budget_conditioned,5696,3531.52,400,180,19611.52,19.152,True,1380.48,4,0,0,136.66,allow_initial_plan
costsim-03059,B7-lite,heavy_13b_4bit,Heavy 13B 4-bit VLM proxy,15500,2048,1344x1344,336x336,448x448,5,5,16,1,1,shared_budget_conditioned,5696,3531.52,265,96,19392.52,18.938,True,1599.48,1,0,0,112.66,allow_initial_plan
costsim-03060,B7-lite,heavy_13b_4bit,Heavy 13B 4-bit VLM proxy,15500,2048,1344x1344,336x336,448x448,5,5,16,2,2,shared_budget_conditioned,5696,3531.52,310,96,19437.52,18.982,True,1554.48,2,0,0,120.66,allow_initial_plan
costsim-03061,B7-lite,heavy_13b_4bit,Heavy 13B 4-bit VLM proxy,15500,2048,1344x1344,336x336,448x448,5,5,16,4,4,shared_budget_conditioned,5696,3531.52,400,180,19611.52,19.152,True,1380.48,4,0,0,136.66,allow_initial_plan
costsim-03062,B7-lite,heavy_13b_4bit,Heavy 13B 4-bit VLM proxy,15500,2048,1344x1344,336x336,448x448,5,5,32,1,1,shared_budget_conditioned,5696,3531.52,265,96,19392.52,18.938,True,1599.48,1,0,0,112.66,allow_initial_plan
costsim-03063,B7-lite,heavy_13b_4bit,Heavy 13B 4-bit VLM proxy,15500,2048,1344x1344,336x336,448x448,5,5,32,2,2,shared_budget_conditioned,5696,3531.52,310,96,19437.52,18.982,True,1554.48,2,0,0,120.66,allow_initial_plan
costsim-03064,B7-lite,heavy_13b_4bit,Heavy 13B 4-bit VLM proxy,15500,2048,1344x1344,336x336,448x448,5,5,32,4,4,shared_budget_conditioned,5696,3531.52,400,180,19611.52,19.152,True,1380.48,4,0,0,136.66,allow_initial_plan
costsim-03065,B7-lite,heavy_13b_4bit,Heavy 13B 4-bit VLM proxy,15500,2048,1344x1344,448x448,336x336,1,1,4,1,1,shared_budget_conditioned,1600,992.0,265,96,16853.0,16.458,True,4139.0,1,0,0,67.6,allow_initial_plan
costsim-03066,B7-lite,heavy_13b_4bit,Heavy 13B 4-bit VLM proxy,15500,2048,1344x1344,448x448,336x336,1,1,4,2,2,shared_budget_conditioned,1600,992.0,310,96,16898.0,16.502,True,4094.0,2,0,0,75.6,allow_initial_plan
costsim-03067,B7-lite,heavy_13b_4bit,Heavy 13B 4-bit VLM proxy,15500,2048,1344x1344,448x448,336x336,1,1,4,4,4,shared_budget_conditioned,1600,992.0,400,180,17072.0,16.672,True,3920.0,4,0,0,91.6,allow_initial_plan
costsim-03068,B7-lite,heavy_13b_4bit,Heavy 13B 4-bit VLM proxy,15500,2048,1344x1344,448x448,336x336,1,1,8,1,1,shared_budget_conditioned,1600,992.0,265,96,16853.0,16.458,True,4139.0,1,0,0,67.6,allow_initial_plan
costsim-03069,B7-lite,heavy_13b_4bit,Heavy 13B 4-bit VLM proxy,15500,2048,1344x1344,448x448,336x336,1,1,8,2,2,shared_budget_conditioned,1600,992.0,310,96,16898.0,16.502,True,4094.0,2,0,0,75.6,allow_initial_plan
costsim-03070,B7-lite,heavy_13b_4bit,Heavy 13B 4-bit VLM proxy,15500,2048,1344x1344,448x448,336x336,1,1,8,4,4,shared_budget_conditioned,1600,992.0,400,180,17072.0,16.672,True,3920.0,4,0,0,91.6,allow_initial_plan
costsim-03071,B7-lite,heavy_13b_4bit,Heavy 13B 4-bit VLM proxy,15500,2048,1344x1344,448x448,336x336,1,1,16,1,1,shared_budget_conditioned,1600,992.0,265,96,16853.0,16.458,True,4139.0,1,0,0,67.6,allow_initial_plan
costsim-03072,B7-lite,heavy_13b_4bit,Heavy 13B 4-bit VLM proxy,15500,2048,1344x1344,448x448,336x336,1,1,16,2,2,shared_budget_conditioned,1600,992.0,310,96,16898.0,16.502,True,4094.0,2,0,0,75.6,allow_initial_plan
costsim-03073,B7-lite,heavy_13b_4bit,Heavy 13B 4-bit VLM proxy,15500,2048,1344x1344,448x448,336x336,1,1,16,4,4,shared_budget_conditioned,1600,992.0,400,180,17072.0,16.672,True,3920.0,4,0,0,91.6,allow_initial_plan
costsim-03074,B7-lite,heavy_13b_4bit,Heavy 13B 4-bit VLM proxy,15500,2048,1344x1344,448x448,336x336,1,1,32,1,1,shared_budget_conditioned,1600,992.0,265,96,16853.0,16.458,True,4139.0,1,0,0,67.6,allow_initial_plan
costsim-03075,B7-lite,heavy_13b_4bit,Heavy 13B 4-bit VLM proxy,15500,2048,1344x1344,448x448,336x336,1,1,32,2,2,shared_budget_conditioned,1600,992.0,310,96,16898.0,16.502,True,4094.0,2,0,0,75.6,allow_initial_plan
costsim-03076,B7-lite,heavy_13b_4bit,Heavy 13B 4-bit VLM proxy,15500,2048,1344x1344,448x448,336x336,1,1,32,4,4,shared_budget_conditioned,1600,992.0,400,180,17072.0,16.672,True,3920.0,4,0,0,91.6,allow_initial_plan
costsim-03077,B7-lite,heavy_13b_4bit,Heavy 13B 4-bit VLM proxy,15500,2048,1344x1344,448x448,336x336,3,3,4,1,1,shared_budget_conditioned,2752,1706.24,265,96,17567.24,17.156,True,3424.76,1,0,0,80.27,allow_initial_plan
costsim-03078,B7-lite,heavy_13b_4bit,Heavy 13B 4-bit VLM proxy,15500,2048,1344x1344,448x448,336x336,3,3,4,2,2,shared_budget_conditioned,2752,1706.24,310,96,17612.24,17.199,True,3379.76,2,0,0,88.27,allow_initial_plan
costsim-03079,B7-lite,heavy_13b_4bit,Heavy 13B 4-bit VLM proxy,15500,2048,1344x1344,448x448,336x336,3,3,4,4,4,shared_budget_conditioned,2752,1706.24,400,180,17786.24,17.369,True,3205.76,4,0,0,104.27,allow_initial_plan
costsim-03080,B7-lite,heavy_13b_4bit,Heavy 13B 4-bit VLM proxy,15500,2048,1344x1344,448x448,336x336,3,3,8,1,1,shared_budget_conditioned,2752,1706.24,265,96,17567.24,17.156,True,3424.76,1,0,0,80.27,allow_initial_plan
costsim-03081,B7-lite,heavy_13b_4bit,Heavy 13B 4-bit VLM proxy,15500,2048,1344x1344,448x448,336x336,3,3,8,2,2,shared_budget_conditioned,2752,1706.24,310,96,17612.24,17.199,True,3379.76,2,0,0,88.27,allow_initial_plan
costsim-03082,B7-lite,heavy_13b_4bit,Heavy 13B 4-bit VLM proxy,15500,2048,1344x1344,448x448,336x336,3,3,8,4,4,shared_budget_conditioned,2752,1706.24,400,180,17786.24,17.369,True,3205.76,4,0,0,104.27,allow_initial_plan
costsim-03083,B7-lite,heavy_13b_4bit,Heavy 13B 4-bit VLM proxy,15500,2048,1344x1344,448x448,336x336,3,3,16,1,1,shared_budget_conditioned,2752,1706.24,265,96,17567.24,17.156,True,3424.76,1,0,0,80.27,allow_initial_plan
costsim-03084,B7-lite,heavy_13b_4bit,Heavy 13B 4-bit VLM proxy,15500,2048,1344x1344,448x448,336x336,3,3,16,2,2,shared_budget_conditioned,2752,1706.24,310,96,17612.24,17.199,True,3379.76,2,0,0,88.27,allow_initial_plan
costsim-03085,B7-lite,heavy_13b_4bit,Heavy 13B 4-bit VLM proxy,15500,2048,1344x1344,448x448,336x336,3,3,16,4,4,shared_budget_conditioned,2752,1706.24,400,180,17786.24,17.369,True,3205.76,4,0,0,104.27,allow_initial_plan
costsim-03086,B7-lite,heavy_13b_4bit,Heavy 13B 4-bit VLM proxy,15500,2048,1344x1344,448x448,336x336,3,3,32,1,1,shared_budget_conditioned,2752,1706.24,265,96,17567.24,17.156,True,3424.76,1,0,0,80.27,allow_initial_plan
costsim-03087,B7-lite,heavy_13b_4bit,Heavy 13B 4-bit VLM proxy,15500,2048,1344x1344,448x448,336x336,3,3,32,2,2,shared_budget_conditioned,2752,1706.24,310,96,17612.24,17.199,True,3379.76,2,0,0,88.27,allow_initial_plan
costsim-03088,B7-lite,heavy_13b_4bit,Heavy 13B 4-bit VLM proxy,15500,2048,1344x1344,448x448,336x336,3,3,32,4,4,shared_budget_conditioned,2752,1706.24,400,180,17786.24,17.369,True,3205.76,4,0,0,104.27,allow_initial_plan
costsim-03089,B7-lite,heavy_13b_4bit,Heavy 13B 4-bit VLM proxy,15500,2048,1344x1344,448x448,336x336,5,5,4,1,1,shared_budget_conditioned,3904,2420.48,265,96,18281.48,17.853,True,2710.52,1,0,0,92.94,allow_initial_plan
costsim-03090,B7-lite,heavy_13b_4bit,Heavy 13B 4-bit VLM proxy,15500,2048,1344x1344,448x448,336x336,5,5,4,2,2,shared_budget_conditioned,3904,2420.48,310,96,18326.48,17.897,True,2665.52,2,0,0,100.94,allow_initial_plan
costsim-03091,B7-lite,heavy_13b_4bit,Heavy 13B 4-bit VLM proxy,15500,2048,1344x1344,448x448,336x336,5,5,4,4,4,shared_budget_conditioned,3904,2420.48,400,180,18500.48,18.067,True,2491.52,4,0,0,116.94,allow_initial_plan
costsim-03092,B7-lite,heavy_13b_4bit,Heavy 13B 4-bit VLM proxy,15500,2048,1344x1344,448x448,336x336,5,5,8,1,1,shared_budget_conditioned,3904,2420.48,265,96,18281.48,17.853,True,2710.52,1,0,0,92.94,allow_initial_plan
costsim-03093,B7-lite,heavy_13b_4bit,Heavy 13B 4-bit VLM proxy,15500,2048,1344x1344,448x448,336x336,5,5,8,2,2,shared_budget_conditioned,3904,2420.48,310,96,18326.48,17.897,True,2665.52,2,0,0,100.94,allow_initial_plan
costsim-03094,B7-lite,heavy_13b_4bit,Heavy 13B 4-bit VLM proxy,15500,2048,1344x1344,448x448,336x336,5,5,8,4,4,shared_budget_conditioned,3904,2420.48,400,180,18500.48,18.067,True,2491.52,4,0,0,116.94,allow_initial_plan
costsim-03095,B7-lite,heavy_13b_4bit,Heavy 13B 4-bit VLM proxy,15500,2048,1344x1344,448x448,336x336,5,5,16,1,1,shared_budget_conditioned,3904,2420.48,265,96,18281.48,17.853,True,2710.52,1,0,0,92.94,allow_initial_plan
costsim-03096,B7-lite,heavy_13b_4bit,Heavy 13B 4-bit VLM proxy,15500,2048,1344x1344,448x448,336x336,5,5,16,2,2,shared_budget_conditioned,3904,2420.48,310,96,18326.48,17.897,True,2665.52,2,0,0,100.94,allow_initial_plan
costsim-03097,B7-lite,heavy_13b_4bit,Heavy 13B 4-bit VLM proxy,15500,2048,1344x1344,448x448,336x336,5,5,16,4,4,shared_budget_conditioned,3904,2420.48,400,180,18500.48,18.067,True,2491.52,4,0,0,116.94,allow_initial_plan
costsim-03098,B7-lite,heavy_13b_4bit,Heavy 13B 4-bit VLM proxy,15500,2048,1344x1344,448x448,336x336,5,5,32,1,1,shared_budget_conditioned,3904,2420.48,265,96,18281.48,17.853,True,2710.52,1,0,0,92.94,allow_initial_plan
costsim-03099,B7-lite,heavy_13b_4bit,Heavy 13B 4-bit VLM proxy,15500,2048,1344x1344,448x448,336x336,5,5,32,2,2,shared_budget_conditioned,3904,2420.48,310,96,18326.48,17.897,True,2665.52,2,0,0,100.94,allow_initial_plan
costsim-03100,B7-lite,heavy_13b_4bit,Heavy 13B 4-bit VLM proxy,15500,2048,1344x1344,448x448,336x336,5,5,32,4,4,shared_budget_conditioned,3904,2420.48,400,180,18500.48,18.067,True,2491.52,4,0,0,116.94,allow_initial_plan
costsim-03101,B7-lite,heavy_13b_4bit,Heavy 13B 4-bit VLM proxy,15500,2048,1344x1344,448x448,448x448,1,1,4,1,1,shared_budget_conditioned,2048,1269.76,265,96,17130.76,16.729,True,3861.24,1,0,0,72.53,allow_initial_plan
costsim-03102,B7-lite,heavy_13b_4bit,Heavy 13B 4-bit VLM proxy,15500,2048,1344x1344,448x448,448x448,1,1,4,2,2,shared_budget_conditioned,2048,1269.76,310,96,17175.76,16.773,True,3816.24,2,0,0,80.53,allow_initial_plan
costsim-03103,B7-lite,heavy_13b_4bit,Heavy 13B 4-bit VLM proxy,15500,2048,1344x1344,448x448,448x448,1,1,4,4,4,shared_budget_conditioned,2048,1269.76,400,180,17349.76,16.943,True,3642.24,4,0,0,96.53,allow_initial_plan
costsim-03104,B7-lite,heavy_13b_4bit,Heavy 13B 4-bit VLM proxy,15500,2048,1344x1344,448x448,448x448,1,1,8,1,1,shared_budget_conditioned,2048,1269.76,265,96,17130.76,16.729,True,3861.24,1,0,0,72.53,allow_initial_plan
costsim-03105,B7-lite,heavy_13b_4bit,Heavy 13B 4-bit VLM proxy,15500,2048,1344x1344,448x448,448x448,1,1,8,2,2,shared_budget_conditioned,2048,1269.76,310,96,17175.76,16.773,True,3816.24,2,0,0,80.53,allow_initial_plan
costsim-03106,B7-lite,heavy_13b_4bit,Heavy 13B 4-bit VLM proxy,15500,2048,1344x1344,448x448,448x448,1,1,8,4,4,shared_budget_conditioned,2048,1269.76,400,180,17349.76,16.943,True,3642.24,4,0,0,96.53,allow_initial_plan
costsim-03107,B7-lite,heavy_13b_4bit,Heavy 13B 4-bit VLM proxy,15500,2048,1344x1344,448x448,448x448,1,1,16,1,1,shared_budget_conditioned,2048,1269.76,265,96,17130.76,16.729,True,3861.24,1,0,0,72.53,allow_initial_plan
costsim-03108,B7-lite,heavy_13b_4bit,Heavy 13B 4-bit VLM proxy,15500,2048,1344x1344,448x448,448x448,1,1,16,2,2,shared_budget_conditioned,2048,1269.76,310,96,17175.76,16.773,True,3816.24,2,0,0,80.53,allow_initial_plan
costsim-03109,B7-lite,heavy_13b_4bit,Heavy 13B 4-bit VLM proxy,15500,2048,1344x1344,448x448,448x448,1,1,16,4,4,shared_budget_conditioned,2048,1269.76,400,180,17349.76,16.943,True,3642.24,4,0,0,96.53,allow_initial_plan
costsim-03110,B7-lite,heavy_13b_4bit,Heavy 13B 4-bit VLM proxy,15500,2048,1344x1344,448x448,448x448,1,1,32,1,1,shared_budget_conditioned,2048,1269.76,265,96,17130.76,16.729,True,3861.24,1,0,0,72.53,allow_initial_plan
costsim-03111,B7-lite,heavy_13b_4bit,Heavy 13B 4-bit VLM proxy,15500,2048,1344x1344,448x448,448x448,1,1,32,2,2,shared_budget_conditioned,2048,1269.76,310,96,17175.76,16.773,True,3816.24,2,0,0,80.53,allow_initial_plan
costsim-03112,B7-lite,heavy_13b_4bit,Heavy 13B 4-bit VLM proxy,15500,2048,1344x1344,448x448,448x448,1,1,32,4,4,shared_budget_conditioned,2048,1269.76,400,180,17349.76,16.943,True,3642.24,4,0,0,96.53,allow_initial_plan
costsim-03113,B7-lite,heavy_13b_4bit,Heavy 13B 4-bit VLM proxy,15500,2048,1344x1344,448x448,448x448,3,3,4,1,1,shared_budget_conditioned,4096,2539.52,265,96,18400.52,17.969,True,2591.48,1,0,0,95.06,allow_initial_plan
costsim-03114,B7-lite,heavy_13b_4bit,Heavy 13B 4-bit VLM proxy,15500,2048,1344x1344,448x448,448x448,3,3,4,2,2,shared_budget_conditioned,4096,2539.52,310,96,18445.52,18.013,True,2546.48,2,0,0,103.06,allow_initial_plan
costsim-03115,B7-lite,heavy_13b_4bit,Heavy 13B 4-bit VLM proxy,15500,2048,1344x1344,448x448,448x448,3,3,4,4,4,shared_budget_conditioned,4096,2539.52,400,180,18619.52,18.183,True,2372.48,4,0,0,119.06,allow_initial_plan
costsim-03116,B7-lite,heavy_13b_4bit,Heavy 13B 4-bit VLM proxy,15500,2048,1344x1344,448x448,448x448,3,3,8,1,1,shared_budget_conditioned,4096,2539.52,265,96,18400.52,17.969,True,2591.48,1,0,0,95.06,allow_initial_plan
costsim-03117,B7-lite,heavy_13b_4bit,Heavy 13B 4-bit VLM proxy,15500,2048,1344x1344,448x448,448x448,3,3,8,2,2,shared_budget_conditioned,4096,2539.52,310,96,18445.52,18.013,True,2546.48,2,0,0,103.06,allow_initial_plan
costsim-03118,B7-lite,heavy_13b_4bit,Heavy 13B 4-bit VLM proxy,15500,2048,1344x1344,448x448,448x448,3,3,8,4,4,shared_budget_conditioned,4096,2539.52,400,180,18619.52,18.183,True,2372.48,4,0,0,119.06,allow_initial_plan
costsim-03119,B7-lite,heavy_13b_4bit,Heavy 13B 4-bit VLM proxy,15500,2048,1344x1344,448x448,448x448,3,3,16,1,1,shared_budget_conditioned,4096,2539.52,265,96,18400.52,17.969,True,2591.48,1,0,0,95.06,allow_initial_plan
costsim-03120,B7-lite,heavy_13b_4bit,Heavy 13B 4-bit VLM proxy,15500,2048,1344x1344,448x448,448x448,3,3,16,2,2,shared_budget_conditioned,4096,2539.52,310,96,18445.52,18.013,True,2546.48,2,0,0,103.06,allow_initial_plan
costsim-03121,B7-lite,heavy_13b_4bit,Heavy 13B 4-bit VLM proxy,15500,2048,1344x1344,448x448,448x448,3,3,16,4,4,shared_budget_conditioned,4096,2539.52,400,180,18619.52,18.183,True,2372.48,4,0,0,119.06,allow_initial_plan
costsim-03122,B7-lite,heavy_13b_4bit,Heavy 13B 4-bit VLM proxy,15500,2048,1344x1344,448x448,448x448,3,3,32,1,1,shared_budget_conditioned,4096,2539.52,265,96,18400.52,17.969,True,2591.48,1,0,0,95.06,allow_initial_plan
costsim-03123,B7-lite,heavy_13b_4bit,Heavy 13B 4-bit VLM proxy,15500,2048,1344x1344,448x448,448x448,3,3,32,2,2,shared_budget_conditioned,4096,2539.52,310,96,18445.52,18.013,True,2546.48,2,0,0,103.06,allow_initial_plan
costsim-03124,B7-lite,heavy_13b_4bit,Heavy 13B 4-bit VLM proxy,15500,2048,1344x1344,448x448,448x448,3,3,32,4,4,shared_budget_conditioned,4096,2539.52,400,180,18619.52,18.183,True,2372.48,4,0,0,119.06,allow_initial_plan
costsim-03125,B7-lite,heavy_13b_4bit,Heavy 13B 4-bit VLM proxy,15500,2048,1344x1344,448x448,448x448,5,5,4,1,1,shared_budget_conditioned,6144,3809.28,265,96,19670.28,19.209,True,1321.72,1,0,0,117.58,allow_initial_plan
costsim-03126,B7-lite,heavy_13b_4bit,Heavy 13B 4-bit VLM proxy,15500,2048,1344x1344,448x448,448x448,5,5,4,2,2,shared_budget_conditioned,6144,3809.28,310,96,19715.28,19.253,True,1276.72,2,0,0,125.58,allow_initial_plan
costsim-03127,B7-lite,heavy_13b_4bit,Heavy 13B 4-bit VLM proxy,15500,2048,1344x1344,448x448,448x448,5,5,4,4,4,shared_budget_conditioned,6144,3809.28,400,180,19889.28,19.423,True,1102.72,4,0,0,141.58,allow_initial_plan
costsim-03128,B7-lite,heavy_13b_4bit,Heavy 13B 4-bit VLM proxy,15500,2048,1344x1344,448x448,448x448,5,5,8,1,1,shared_budget_conditioned,6144,3809.28,265,96,19670.28,19.209,True,1321.72,1,0,0,117.58,allow_initial_plan
costsim-03129,B7-lite,heavy_13b_4bit,Heavy 13B 4-bit VLM proxy,15500,2048,1344x1344,448x448,448x448,5,5,8,2,2,shared_budget_conditioned,6144,3809.28,310,96,19715.28,19.253,True,1276.72,2,0,0,125.58,allow_initial_plan
costsim-03130,B7-lite,heavy_13b_4bit,Heavy 13B 4-bit VLM proxy,15500,2048,1344x1344,448x448,448x448,5,5,8,4,4,shared_budget_conditioned,6144,3809.28,400,180,19889.28,19.423,True,1102.72,4,0,0,141.58,allow_initial_plan
costsim-03131,B7-lite,heavy_13b_4bit,Heavy 13B 4-bit VLM proxy,15500,2048,1344x1344,448x448,448x448,5,5,16,1,1,shared_budget_conditioned,6144,3809.28,265,96,19670.28,19.209,True,1321.72,1,0,0,117.58,allow_initial_plan
costsim-03132,B7-lite,heavy_13b_4bit,Heavy 13B 4-bit VLM proxy,15500,2048,1344x1344,448x448,448x448,5,5,16,2,2,shared_budget_conditioned,6144,3809.28,310,96,19715.28,19.253,True,1276.72,2,0,0,125.58,allow_initial_plan
costsim-03133,B7-lite,heavy_13b_4bit,Heavy 13B 4-bit VLM proxy,15500,2048,1344x1344,448x448,448x448,5,5,16,4,4,shared_budget_conditioned,6144,3809.28,400,180,19889.28,19.423,True,1102.72,4,0,0,141.58,allow_initial_plan
costsim-03134,B7-lite,heavy_13b_4bit,Heavy 13B 4-bit VLM proxy,15500,2048,1344x1344,448x448,448x448,5,5,32,1,1,shared_budget_conditioned,6144,3809.28,265,96,19670.28,19.209,True,1321.72,1,0,0,117.58,allow_initial_plan
costsim-03135,B7-lite,heavy_13b_4bit,Heavy 13B 4-bit VLM proxy,15500,2048,1344x1344,448x448,448x448,5,5,32,2,2,shared_budget_conditioned,6144,3809.28,310,96,19715.28,19.253,True,1276.72,2,0,0,125.58,allow_initial_plan
costsim-03136,B7-lite,heavy_13b_4bit,Heavy 13B 4-bit VLM proxy,15500,2048,1344x1344,448x448,448x448,5,5,32,4,4,shared_budget_conditioned,6144,3809.28,400,180,19889.28,19.423,True,1102.72,4,0,0,141.58,allow_initial_plan
costsim-03137,B0,heavy_13b_4bit,Heavy 13B 4-bit VLM proxy,15500,4096,1344x1344,336x336,336x336,0,0,0,0,0,none,576,357.12,0.0,0.0,15857.12,15.485,True,3086.88,0,0,0,48.34,n/a
costsim-03138,B0,heavy_13b_4bit,Heavy 13B 4-bit VLM proxy,15500,4096,1344x1344,448x448,336x336,0,0,0,0,0,none,1024,634.88,0.0,0.0,16134.88,15.757,True,2809.12,0,0,0,53.26,n/a
costsim-03139,B1,heavy_13b_4bit,Heavy 13B 4-bit VLM proxy,15500,4096,1024x1024,336x336,336x336,0,0,0,0,0,none,5476,3395.12,0.0,0.0,18895.12,18.452,True,48.88,0,0,0,102.24,n/a
costsim-03140,B1,heavy_13b_4bit,Heavy 13B 4-bit VLM proxy,15500,4096,1344x1344,336x336,336x336,0,0,0,0,0,none,9216,5713.92,0.0,0.0,21213.92,20.717,False,-2269.92,0,0,0,143.38,n/a
costsim-03141,B2,heavy_13b_4bit,Heavy 13B 4-bit VLM proxy,15500,4096,1344x1344,336x336,336x336,1,1,0,0,0,none,1152,714.24,0.0,0.0,16214.24,15.834,True,2729.76,0,0,0,54.67,n/a
costsim-03142,B2,heavy_13b_4bit,Heavy 13B 4-bit VLM proxy,15500,4096,1344x1344,336x336,336x336,3,3,0,0,0,none,2304,1428.48,0.0,0.0,16928.48,16.532,True,2015.52,0,0,0,67.34,n/a
costsim-03143,B2,heavy_13b_4bit,Heavy 13B 4-bit VLM proxy,15500,4096,1344x1344,336x336,336x336,5,5,0,0,0,none,3456,2142.72,0.0,0.0,17642.72,17.229,True,1301.28,0,0,0,80.02,n/a
costsim-03144,B2,heavy_13b_4bit,Heavy 13B 4-bit VLM proxy,15500,4096,1344x1344,336x336,448x448,1,1,0,0,0,none,1600,992.0,0.0,0.0,16492.0,16.105,True,2452.0,0,0,0,59.6,n/a
costsim-03145,B2,heavy_13b_4bit,Heavy 13B 4-bit VLM proxy,15500,4096,1344x1344,336x336,448x448,3,3,0,0,0,none,3648,2261.76,0.0,0.0,17761.76,17.345,True,1182.24,0,0,0,82.13,n/a
costsim-03146,B2,heavy_13b_4bit,Heavy 13B 4-bit VLM proxy,15500,4096,1344x1344,336x336,448x448,5,5,0,0,0,none,5696,3531.52,0.0,0.0,19031.52,18.585,False,-87.52,0,0,0,104.66,n/a
costsim-03147,B2,heavy_13b_4bit,Heavy 13B 4-bit VLM proxy,15500,4096,1344x1344,448x448,336x336,1,1,0,0,0,none,1600,992.0,0.0,0.0,16492.0,16.105,True,2452.0,0,0,0,59.6,n/a
costsim-03148,B2,heavy_13b_4bit,Heavy 13B 4-bit VLM proxy,15500,4096,1344x1344,448x448,336x336,3,3,0,0,0,none,2752,1706.24,0.0,0.0,17206.24,16.803,True,1737.76,0,0,0,72.27,n/a
costsim-03149,B2,heavy_13b_4bit,Heavy 13B 4-bit VLM proxy,15500,4096,1344x1344,448x448,336x336,5,5,0,0,0,none,3904,2420.48,0.0,0.0,17920.48,17.5,True,1023.52,0,0,0,84.94,n/a
costsim-03150,B2,heavy_13b_4bit,Heavy 13B 4-bit VLM proxy,15500,4096,1344x1344,448x448,448x448,1,1,0,0,0,none,2048,1269.76,0.0,0.0,16769.76,16.377,True,2174.24,0,0,0,64.53,n/a
costsim-03151,B2,heavy_13b_4bit,Heavy 13B 4-bit VLM proxy,15500,4096,1344x1344,448x448,448x448,3,3,0,0,0,none,4096,2539.52,0.0,0.0,18039.52,17.617,True,904.48,0,0,0,87.06,n/a
costsim-03152,B2,heavy_13b_4bit,Heavy 13B 4-bit VLM proxy,15500,4096,1344x1344,448x448,448x448,5,5,0,0,0,none,6144,3809.28,0.0,0.0,19309.28,18.857,False,-365.28,0,0,0,109.58,n/a
costsim-03153,B4-lite,heavy_13b_4bit,Heavy 13B 4-bit VLM proxy,15500,4096,1344x1344,336x336,336x336,1,1,4,1,1,independent_all_resident,1152,714.24,720,96,17030.24,16.631,True,1913.76,1,0,0,72.67,n/a
costsim-03154,B4-lite,heavy_13b_4bit,Heavy 13B 4-bit VLM proxy,15500,4096,1344x1344,336x336,336x336,1,1,4,2,2,independent_all_resident,1152,714.24,720,96,17030.24,16.631,True,1913.76,2,0,0,90.67,n/a
costsim-03155,B4-lite,heavy_13b_4bit,Heavy 13B 4-bit VLM proxy,15500,4096,1344x1344,336x336,336x336,1,1,4,4,4,independent_all_resident,1152,714.24,720,96,17030.24,16.631,True,1913.76,4,0,0,126.67,n/a
costsim-03156,B4-lite,heavy_13b_4bit,Heavy 13B 4-bit VLM proxy,15500,4096,1344x1344,336x336,336x336,1,1,8,1,1,independent_all_resident,1152,714.24,1440,96,17750.24,17.334,True,1193.76,1,0,0,72.67,n/a
costsim-03157,B4-lite,heavy_13b_4bit,Heavy 13B 4-bit VLM proxy,15500,4096,1344x1344,336x336,336x336,1,1,8,2,2,independent_all_resident,1152,714.24,1440,96,17750.24,17.334,True,1193.76,2,0,0,90.67,n/a
costsim-03158,B4-lite,heavy_13b_4bit,Heavy 13B 4-bit VLM proxy,15500,4096,1344x1344,336x336,336x336,1,1,8,4,4,independent_all_resident,1152,714.24,1440,96,17750.24,17.334,True,1193.76,4,0,0,126.67,n/a
costsim-03159,B4-lite,heavy_13b_4bit,Heavy 13B 4-bit VLM proxy,15500,4096,1344x1344,336x336,336x336,1,1,16,1,1,independent_all_resident,1152,714.24,2880,96,19190.24,18.74,False,-246.24,1,0,0,72.67,n/a
costsim-03160,B4-lite,heavy_13b_4bit,Heavy 13B 4-bit VLM proxy,15500,4096,1344x1344,336x336,336x336,1,1,16,2,2,independent_all_resident,1152,714.24,2880,96,19190.24,18.74,False,-246.24,2,0,0,90.67,n/a
costsim-03161,B4-lite,heavy_13b_4bit,Heavy 13B 4-bit VLM proxy,15500,4096,1344x1344,336x336,336x336,1,1,16,4,4,independent_all_resident,1152,714.24,2880,96,19190.24,18.74,False,-246.24,4,0,0,126.67,n/a
costsim-03162,B4-lite,heavy_13b_4bit,Heavy 13B 4-bit VLM proxy,15500,4096,1344x1344,336x336,336x336,1,1,32,1,1,independent_all_resident,1152,714.24,5760,96,22070.24,21.553,False,-3126.24,1,0,0,72.67,n/a
costsim-03163,B4-lite,heavy_13b_4bit,Heavy 13B 4-bit VLM proxy,15500,4096,1344x1344,336x336,336x336,1,1,32,2,2,independent_all_resident,1152,714.24,5760,96,22070.24,21.553,False,-3126.24,2,0,0,90.67,n/a
costsim-03164,B4-lite,heavy_13b_4bit,Heavy 13B 4-bit VLM proxy,15500,4096,1344x1344,336x336,336x336,1,1,32,4,4,independent_all_resident,1152,714.24,5760,96,22070.24,21.553,False,-3126.24,4,0,0,126.67,n/a
costsim-03165,B4-lite,heavy_13b_4bit,Heavy 13B 4-bit VLM proxy,15500,4096,1344x1344,336x336,336x336,3,3,4,1,1,independent_all_resident,2304,1428.48,720,96,17744.48,17.329,True,1199.52,1,0,0,85.34,n/a
costsim-03166,B4-lite,heavy_13b_4bit,Heavy 13B 4-bit VLM proxy,15500,4096,1344x1344,336x336,336x336,3,3,4,2,2,independent_all_resident,2304,1428.48,720,96,17744.48,17.329,True,1199.52,2,0,0,103.34,n/a
costsim-03167,B4-lite,heavy_13b_4bit,Heavy 13B 4-bit VLM proxy,15500,4096,1344x1344,336x336,336x336,3,3,4,4,4,independent_all_resident,2304,1428.48,720,96,17744.48,17.329,True,1199.52,4,0,0,139.34,n/a
costsim-03168,B4-lite,heavy_13b_4bit,Heavy 13B 4-bit VLM proxy,15500,4096,1344x1344,336x336,336x336,3,3,8,1,1,independent_all_resident,2304,1428.48,1440,96,18464.48,18.032,True,479.52,1,0,0,85.34,n/a
costsim-03169,B4-lite,heavy_13b_4bit,Heavy 13B 4-bit VLM proxy,15500,4096,1344x1344,336x336,336x336,3,3,8,2,2,independent_all_resident,2304,1428.48,1440,96,18464.48,18.032,True,479.52,2,0,0,103.34,n/a
costsim-03170,B4-lite,heavy_13b_4bit,Heavy 13B 4-bit VLM proxy,15500,4096,1344x1344,336x336,336x336,3,3,8,4,4,independent_all_resident,2304,1428.48,1440,96,18464.48,18.032,True,479.52,4,0,0,139.34,n/a
costsim-03171,B4-lite,heavy_13b_4bit,Heavy 13B 4-bit VLM proxy,15500,4096,1344x1344,336x336,336x336,3,3,16,1,1,independent_all_resident,2304,1428.48,2880,96,19904.48,19.438,False,-960.48,1,0,0,85.34,n/a
costsim-03172,B4-lite,heavy_13b_4bit,Heavy 13B 4-bit VLM proxy,15500,4096,1344x1344,336x336,336x336,3,3,16,2,2,independent_all_resident,2304,1428.48,2880,96,19904.48,19.438,False,-960.48,2,0,0,103.34,n/a
costsim-03173,B4-lite,heavy_13b_4bit,Heavy 13B 4-bit VLM proxy,15500,4096,1344x1344,336x336,336x336,3,3,16,4,4,independent_all_resident,2304,1428.48,2880,96,19904.48,19.438,False,-960.48,4,0,0,139.34,n/a
costsim-03174,B4-lite,heavy_13b_4bit,Heavy 13B 4-bit VLM proxy,15500,4096,1344x1344,336x336,336x336,3,3,32,1,1,independent_all_resident,2304,1428.48,5760,96,22784.48,22.25,False,-3840.48,1,0,0,85.34,n/a
costsim-03175,B4-lite,heavy_13b_4bit,Heavy 13B 4-bit VLM proxy,15500,4096,1344x1344,336x336,336x336,3,3,32,2,2,independent_all_resident,2304,1428.48,5760,96,22784.48,22.25,False,-3840.48,2,0,0,103.34,n/a
costsim-03176,B4-lite,heavy_13b_4bit,Heavy 13B 4-bit VLM proxy,15500,4096,1344x1344,336x336,336x336,3,3,32,4,4,independent_all_resident,2304,1428.48,5760,96,22784.48,22.25,False,-3840.48,4,0,0,139.34,n/a
costsim-03177,B4-lite,heavy_13b_4bit,Heavy 13B 4-bit VLM proxy,15500,4096,1344x1344,336x336,336x336,5,5,4,1,1,independent_all_resident,3456,2142.72,720,96,18458.72,18.026,True,485.28,1,0,0,98.02,n/a
costsim-03178,B4-lite,heavy_13b_4bit,Heavy 13B 4-bit VLM proxy,15500,4096,1344x1344,336x336,336x336,5,5,4,2,2,independent_all_resident,3456,2142.72,720,96,18458.72,18.026,True,485.28,2,0,0,116.02,n/a
costsim-03179,B4-lite,heavy_13b_4bit,Heavy 13B 4-bit VLM proxy,15500,4096,1344x1344,336x336,336x336,5,5,4,4,4,independent_all_resident,3456,2142.72,720,96,18458.72,18.026,True,485.28,4,0,0,152.02,n/a
costsim-03180,B4-lite,heavy_13b_4bit,Heavy 13B 4-bit VLM proxy,15500,4096,1344x1344,336x336,336x336,5,5,8,1,1,independent_all_resident,3456,2142.72,1440,96,19178.72,18.729,False,-234.72,1,0,0,98.02,n/a
costsim-03181,B4-lite,heavy_13b_4bit,Heavy 13B 4-bit VLM proxy,15500,4096,1344x1344,336x336,336x336,5,5,8,2,2,independent_all_resident,3456,2142.72,1440,96,19178.72,18.729,False,-234.72,2,0,0,116.02,n/a
costsim-03182,B4-lite,heavy_13b_4bit,Heavy 13B 4-bit VLM proxy,15500,4096,1344x1344,336x336,336x336,5,5,8,4,4,independent_all_resident,3456,2142.72,1440,96,19178.72,18.729,False,-234.72,4,0,0,152.02,n/a
costsim-03183,B4-lite,heavy_13b_4bit,Heavy 13B 4-bit VLM proxy,15500,4096,1344x1344,336x336,336x336,5,5,16,1,1,independent_all_resident,3456,2142.72,2880,96,20618.72,20.135,False,-1674.72,1,0,0,98.02,n/a
costsim-03184,B4-lite,heavy_13b_4bit,Heavy 13B 4-bit VLM proxy,15500,4096,1344x1344,336x336,336x336,5,5,16,2,2,independent_all_resident,3456,2142.72,2880,96,20618.72,20.135,False,-1674.72,2,0,0,116.02,n/a
costsim-03185,B4-lite,heavy_13b_4bit,Heavy 13B 4-bit VLM proxy,15500,4096,1344x1344,336x336,336x336,5,5,16,4,4,independent_all_resident,3456,2142.72,2880,96,20618.72,20.135,False,-1674.72,4,0,0,152.02,n/a
costsim-03186,B4-lite,heavy_13b_4bit,Heavy 13B 4-bit VLM proxy,15500,4096,1344x1344,336x336,336x336,5,5,32,1,1,independent_all_resident,3456,2142.72,5760,96,23498.72,22.948,False,-4554.72,1,0,0,98.02,n/a
costsim-03187,B4-lite,heavy_13b_4bit,Heavy 13B 4-bit VLM proxy,15500,4096,1344x1344,336x336,336x336,5,5,32,2,2,independent_all_resident,3456,2142.72,5760,96,23498.72,22.948,False,-4554.72,2,0,0,116.02,n/a
costsim-03188,B4-lite,heavy_13b_4bit,Heavy 13B 4-bit VLM proxy,15500,4096,1344x1344,336x336,336x336,5,5,32,4,4,independent_all_resident,3456,2142.72,5760,96,23498.72,22.948,False,-4554.72,4,0,0,152.02,n/a
costsim-03189,B4-lite,heavy_13b_4bit,Heavy 13B 4-bit VLM proxy,15500,4096,1344x1344,336x336,448x448,1,1,4,1,1,independent_all_resident,1600,992.0,720,96,17308.0,16.902,True,1636.0,1,0,0,77.6,n/a
costsim-03190,B4-lite,heavy_13b_4bit,Heavy 13B 4-bit VLM proxy,15500,4096,1344x1344,336x336,448x448,1,1,4,2,2,independent_all_resident,1600,992.0,720,96,17308.0,16.902,True,1636.0,2,0,0,95.6,n/a
costsim-03191,B4-lite,heavy_13b_4bit,Heavy 13B 4-bit VLM proxy,15500,4096,1344x1344,336x336,448x448,1,1,4,4,4,independent_all_resident,1600,992.0,720,96,17308.0,16.902,True,1636.0,4,0,0,131.6,n/a
costsim-03192,B4-lite,heavy_13b_4bit,Heavy 13B 4-bit VLM proxy,15500,4096,1344x1344,336x336,448x448,1,1,8,1,1,independent_all_resident,1600,992.0,1440,96,18028.0,17.605,True,916.0,1,0,0,77.6,n/a
costsim-03193,B4-lite,heavy_13b_4bit,Heavy 13B 4-bit VLM proxy,15500,4096,1344x1344,336x336,448x448,1,1,8,2,2,independent_all_resident,1600,992.0,1440,96,18028.0,17.605,True,916.0,2,0,0,95.6,n/a
costsim-03194,B4-lite,heavy_13b_4bit,Heavy 13B 4-bit VLM proxy,15500,4096,1344x1344,336x336,448x448,1,1,8,4,4,independent_all_resident,1600,992.0,1440,96,18028.0,17.605,True,916.0,4,0,0,131.6,n/a
costsim-03195,B4-lite,heavy_13b_4bit,Heavy 13B 4-bit VLM proxy,15500,4096,1344x1344,336x336,448x448,1,1,16,1,1,independent_all_resident,1600,992.0,2880,96,19468.0,19.012,False,-524.0,1,0,0,77.6,n/a
costsim-03196,B4-lite,heavy_13b_4bit,Heavy 13B 4-bit VLM proxy,15500,4096,1344x1344,336x336,448x448,1,1,16,2,2,independent_all_resident,1600,992.0,2880,96,19468.0,19.012,False,-524.0,2,0,0,95.6,n/a
costsim-03197,B4-lite,heavy_13b_4bit,Heavy 13B 4-bit VLM proxy,15500,4096,1344x1344,336x336,448x448,1,1,16,4,4,independent_all_resident,1600,992.0,2880,96,19468.0,19.012,False,-524.0,4,0,0,131.6,n/a
costsim-03198,B4-lite,heavy_13b_4bit,Heavy 13B 4-bit VLM proxy,15500,4096,1344x1344,336x336,448x448,1,1,32,1,1,independent_all_resident,1600,992.0,5760,96,22348.0,21.824,False,-3404.0,1,0,0,77.6,n/a
costsim-03199,B4-lite,heavy_13b_4bit,Heavy 13B 4-bit VLM proxy,15500,4096,1344x1344,336x336,448x448,1,1,32,2,2,independent_all_resident,1600,992.0,5760,96,22348.0,21.824,False,-3404.0,2,0,0,95.6,n/a
costsim-03200,B4-lite,heavy_13b_4bit,Heavy 13B 4-bit VLM proxy,15500,4096,1344x1344,336x336,448x448,1,1,32,4,4,independent_all_resident,1600,992.0,5760,96,22348.0,21.824,False,-3404.0,4,0,0,131.6,n/a
costsim-03201,B4-lite,heavy_13b_4bit,Heavy 13B 4-bit VLM proxy,15500,4096,1344x1344,336x336,448x448,3,3,4,1,1,independent_all_resident,3648,2261.76,720,96,18577.76,18.142,True,366.24,1,0,0,100.13,n/a
costsim-03202,B4-lite,heavy_13b_4bit,Heavy 13B 4-bit VLM proxy,15500,4096,1344x1344,336x336,448x448,3,3,4,2,2,independent_all_resident,3648,2261.76,720,96,18577.76,18.142,True,366.24,2,0,0,118.13,n/a
costsim-03203,B4-lite,heavy_13b_4bit,Heavy 13B 4-bit VLM proxy,15500,4096,1344x1344,336x336,448x448,3,3,4,4,4,independent_all_resident,3648,2261.76,720,96,18577.76,18.142,True,366.24,4,0,0,154.13,n/a
costsim-03204,B4-lite,heavy_13b_4bit,Heavy 13B 4-bit VLM proxy,15500,4096,1344x1344,336x336,448x448,3,3,8,1,1,independent_all_resident,3648,2261.76,1440,96,19297.76,18.845,False,-353.76,1,0,0,100.13,n/a
costsim-03205,B4-lite,heavy_13b_4bit,Heavy 13B 4-bit VLM proxy,15500,4096,1344x1344,336x336,448x448,3,3,8,2,2,independent_all_resident,3648,2261.76,1440,96,19297.76,18.845,False,-353.76,2,0,0,118.13,n/a
costsim-03206,B4-lite,heavy_13b_4bit,Heavy 13B 4-bit VLM proxy,15500,4096,1344x1344,336x336,448x448,3,3,8,4,4,independent_all_resident,3648,2261.76,1440,96,19297.76,18.845,False,-353.76,4,0,0,154.13,n/a
costsim-03207,B4-lite,heavy_13b_4bit,Heavy 13B 4-bit VLM proxy,15500,4096,1344x1344,336x336,448x448,3,3,16,1,1,independent_all_resident,3648,2261.76,2880,96,20737.76,20.252,False,-1793.76,1,0,0,100.13,n/a
costsim-03208,B4-lite,heavy_13b_4bit,Heavy 13B 4-bit VLM proxy,15500,4096,1344x1344,336x336,448x448,3,3,16,2,2,independent_all_resident,3648,2261.76,2880,96,20737.76,20.252,False,-1793.76,2,0,0,118.13,n/a
costsim-03209,B4-lite,heavy_13b_4bit,Heavy 13B 4-bit VLM proxy,15500,4096,1344x1344,336x336,448x448,3,3,16,4,4,independent_all_resident,3648,2261.76,2880,96,20737.76,20.252,False,-1793.76,4,0,0,154.13,n/a
costsim-03210,B4-lite,heavy_13b_4bit,Heavy 13B 4-bit VLM proxy,15500,4096,1344x1344,336x336,448x448,3,3,32,1,1,independent_all_resident,3648,2261.76,5760,96,23617.76,23.064,False,-4673.76,1,0,0,100.13,n/a
costsim-03211,B4-lite,heavy_13b_4bit,Heavy 13B 4-bit VLM proxy,15500,4096,1344x1344,336x336,448x448,3,3,32,2,2,independent_all_resident,3648,2261.76,5760,96,23617.76,23.064,False,-4673.76,2,0,0,118.13,n/a
costsim-03212,B4-lite,heavy_13b_4bit,Heavy 13B 4-bit VLM proxy,15500,4096,1344x1344,336x336,448x448,3,3,32,4,4,independent_all_resident,3648,2261.76,5760,96,23617.76,23.064,False,-4673.76,4,0,0,154.13,n/a
costsim-03213,B4-lite,heavy_13b_4bit,Heavy 13B 4-bit VLM proxy,15500,4096,1344x1344,336x336,448x448,5,5,4,1,1,independent_all_resident,5696,3531.52,720,96,19847.52,19.382,False,-903.52,1,0,0,122.66,n/a
costsim-03214,B4-lite,heavy_13b_4bit,Heavy 13B 4-bit VLM proxy,15500,4096,1344x1344,336x336,448x448,5,5,4,2,2,independent_all_resident,5696,3531.52,720,96,19847.52,19.382,False,-903.52,2,0,0,140.66,n/a
costsim-03215,B4-lite,heavy_13b_4bit,Heavy 13B 4-bit VLM proxy,15500,4096,1344x1344,336x336,448x448,5,5,4,4,4,independent_all_resident,5696,3531.52,720,96,19847.52,19.382,False,-903.52,4,0,0,176.66,n/a
costsim-03216,B4-lite,heavy_13b_4bit,Heavy 13B 4-bit VLM proxy,15500,4096,1344x1344,336x336,448x448,5,5,8,1,1,independent_all_resident,5696,3531.52,1440,96,20567.52,20.085,False,-1623.52,1,0,0,122.66,n/a
costsim-03217,B4-lite,heavy_13b_4bit,Heavy 13B 4-bit VLM proxy,15500,4096,1344x1344,336x336,448x448,5,5,8,2,2,independent_all_resident,5696,3531.52,1440,96,20567.52,20.085,False,-1623.52,2,0,0,140.66,n/a
costsim-03218,B4-lite,heavy_13b_4bit,Heavy 13B 4-bit VLM proxy,15500,4096,1344x1344,336x336,448x448,5,5,8,4,4,independent_all_resident,5696,3531.52,1440,96,20567.52,20.085,False,-1623.52,4,0,0,176.66,n/a
costsim-03219,B4-lite,heavy_13b_4bit,Heavy 13B 4-bit VLM proxy,15500,4096,1344x1344,336x336,448x448,5,5,16,1,1,independent_all_resident,5696,3531.52,2880,96,22007.52,21.492,False,-3063.52,1,0,0,122.66,n/a
costsim-03220,B4-lite,heavy_13b_4bit,Heavy 13B 4-bit VLM proxy,15500,4096,1344x1344,336x336,448x448,5,5,16,2,2,independent_all_resident,5696,3531.52,2880,96,22007.52,21.492,False,-3063.52,2,0,0,140.66,n/a
costsim-03221,B4-lite,heavy_13b_4bit,Heavy 13B 4-bit VLM proxy,15500,4096,1344x1344,336x336,448x448,5,5,16,4,4,independent_all_resident,5696,3531.52,2880,96,22007.52,21.492,False,-3063.52,4,0,0,176.66,n/a
costsim-03222,B4-lite,heavy_13b_4bit,Heavy 13B 4-bit VLM proxy,15500,4096,1344x1344,336x336,448x448,5,5,32,1,1,independent_all_resident,5696,3531.52,5760,96,24887.52,24.304,False,-5943.52,1,0,0,122.66,n/a
costsim-03223,B4-lite,heavy_13b_4bit,Heavy 13B 4-bit VLM proxy,15500,4096,1344x1344,336x336,448x448,5,5,32,2,2,independent_all_resident,5696,3531.52,5760,96,24887.52,24.304,False,-5943.52,2,0,0,140.66,n/a
costsim-03224,B4-lite,heavy_13b_4bit,Heavy 13B 4-bit VLM proxy,15500,4096,1344x1344,336x336,448x448,5,5,32,4,4,independent_all_resident,5696,3531.52,5760,96,24887.52,24.304,False,-5943.52,4,0,0,176.66,n/a
costsim-03225,B4-lite,heavy_13b_4bit,Heavy 13B 4-bit VLM proxy,15500,4096,1344x1344,448x448,336x336,1,1,4,1,1,independent_all_resident,1600,992.0,720,96,17308.0,16.902,True,1636.0,1,0,0,77.6,n/a
costsim-03226,B4-lite,heavy_13b_4bit,Heavy 13B 4-bit VLM proxy,15500,4096,1344x1344,448x448,336x336,1,1,4,2,2,independent_all_resident,1600,992.0,720,96,17308.0,16.902,True,1636.0,2,0,0,95.6,n/a
costsim-03227,B4-lite,heavy_13b_4bit,Heavy 13B 4-bit VLM proxy,15500,4096,1344x1344,448x448,336x336,1,1,4,4,4,independent_all_resident,1600,992.0,720,96,17308.0,16.902,True,1636.0,4,0,0,131.6,n/a
costsim-03228,B4-lite,heavy_13b_4bit,Heavy 13B 4-bit VLM proxy,15500,4096,1344x1344,448x448,336x336,1,1,8,1,1,independent_all_resident,1600,992.0,1440,96,18028.0,17.605,True,916.0,1,0,0,77.6,n/a
costsim-03229,B4-lite,heavy_13b_4bit,Heavy 13B 4-bit VLM proxy,15500,4096,1344x1344,448x448,336x336,1,1,8,2,2,independent_all_resident,1600,992.0,1440,96,18028.0,17.605,True,916.0,2,0,0,95.6,n/a
costsim-03230,B4-lite,heavy_13b_4bit,Heavy 13B 4-bit VLM proxy,15500,4096,1344x1344,448x448,336x336,1,1,8,4,4,independent_all_resident,1600,992.0,1440,96,18028.0,17.605,True,916.0,4,0,0,131.6,n/a
costsim-03231,B4-lite,heavy_13b_4bit,Heavy 13B 4-bit VLM proxy,15500,4096,1344x1344,448x448,336x336,1,1,16,1,1,independent_all_resident,1600,992.0,2880,96,19468.0,19.012,False,-524.0,1,0,0,77.6,n/a
costsim-03232,B4-lite,heavy_13b_4bit,Heavy 13B 4-bit VLM proxy,15500,4096,1344x1344,448x448,336x336,1,1,16,2,2,independent_all_resident,1600,992.0,2880,96,19468.0,19.012,False,-524.0,2,0,0,95.6,n/a
costsim-03233,B4-lite,heavy_13b_4bit,Heavy 13B 4-bit VLM proxy,15500,4096,1344x1344,448x448,336x336,1,1,16,4,4,independent_all_resident,1600,992.0,2880,96,19468.0,19.012,False,-524.0,4,0,0,131.6,n/a
costsim-03234,B4-lite,heavy_13b_4bit,Heavy 13B 4-bit VLM proxy,15500,4096,1344x1344,448x448,336x336,1,1,32,1,1,independent_all_resident,1600,992.0,5760,96,22348.0,21.824,False,-3404.0,1,0,0,77.6,n/a
costsim-03235,B4-lite,heavy_13b_4bit,Heavy 13B 4-bit VLM proxy,15500,4096,1344x1344,448x448,336x336,1,1,32,2,2,independent_all_resident,1600,992.0,5760,96,22348.0,21.824,False,-3404.0,2,0,0,95.6,n/a
costsim-03236,B4-lite,heavy_13b_4bit,Heavy 13B 4-bit VLM proxy,15500,4096,1344x1344,448x448,336x336,1,1,32,4,4,independent_all_resident,1600,992.0,5760,96,22348.0,21.824,False,-3404.0,4,0,0,131.6,n/a
costsim-03237,B4-lite,heavy_13b_4bit,Heavy 13B 4-bit VLM proxy,15500,4096,1344x1344,448x448,336x336,3,3,4,1,1,independent_all_resident,2752,1706.24,720,96,18022.24,17.6,True,921.76,1,0,0,90.27,n/a
costsim-03238,B4-lite,heavy_13b_4bit,Heavy 13B 4-bit VLM proxy,15500,4096,1344x1344,448x448,336x336,3,3,4,2,2,independent_all_resident,2752,1706.24,720,96,18022.24,17.6,True,921.76,2,0,0,108.27,n/a
costsim-03239,B4-lite,heavy_13b_4bit,Heavy 13B 4-bit VLM proxy,15500,4096,1344x1344,448x448,336x336,3,3,4,4,4,independent_all_resident,2752,1706.24,720,96,18022.24,17.6,True,921.76,4,0,0,144.27,n/a
costsim-03240,B4-lite,heavy_13b_4bit,Heavy 13B 4-bit VLM proxy,15500,4096,1344x1344,448x448,336x336,3,3,8,1,1,independent_all_resident,2752,1706.24,1440,96,18742.24,18.303,True,201.76,1,0,0,90.27,n/a
costsim-03241,B4-lite,heavy_13b_4bit,Heavy 13B 4-bit VLM proxy,15500,4096,1344x1344,448x448,336x336,3,3,8,2,2,independent_all_resident,2752,1706.24,1440,96,18742.24,18.303,True,201.76,2,0,0,108.27,n/a
costsim-03242,B4-lite,heavy_13b_4bit,Heavy 13B 4-bit VLM proxy,15500,4096,1344x1344,448x448,336x336,3,3,8,4,4,independent_all_resident,2752,1706.24,1440,96,18742.24,18.303,True,201.76,4,0,0,144.27,n/a
costsim-03243,B4-lite,heavy_13b_4bit,Heavy 13B 4-bit VLM proxy,15500,4096,1344x1344,448x448,336x336,3,3,16,1,1,independent_all_resident,2752,1706.24,2880,96,20182.24,19.709,False,-1238.24,1,0,0,90.27,n/a
costsim-03244,B4-lite,heavy_13b_4bit,Heavy 13B 4-bit VLM proxy,15500,4096,1344x1344,448x448,336x336,3,3,16,2,2,independent_all_resident,2752,1706.24,2880,96,20182.24,19.709,False,-1238.24,2,0,0,108.27,n/a
costsim-03245,B4-lite,heavy_13b_4bit,Heavy 13B 4-bit VLM proxy,15500,4096,1344x1344,448x448,336x336,3,3,16,4,4,independent_all_resident,2752,1706.24,2880,96,20182.24,19.709,False,-1238.24,4,0,0,144.27,n/a
costsim-03246,B4-lite,heavy_13b_4bit,Heavy 13B 4-bit VLM proxy,15500,4096,1344x1344,448x448,336x336,3,3,32,1,1,independent_all_resident,2752,1706.24,5760,96,23062.24,22.522,False,-4118.24,1,0,0,90.27,n/a
costsim-03247,B4-lite,heavy_13b_4bit,Heavy 13B 4-bit VLM proxy,15500,4096,1344x1344,448x448,336x336,3,3,32,2,2,independent_all_resident,2752,1706.24,5760,96,23062.24,22.522,False,-4118.24,2,0,0,108.27,n/a
costsim-03248,B4-lite,heavy_13b_4bit,Heavy 13B 4-bit VLM proxy,15500,4096,1344x1344,448x448,336x336,3,3,32,4,4,independent_all_resident,2752,1706.24,5760,96,23062.24,22.522,False,-4118.24,4,0,0,144.27,n/a
costsim-03249,B4-lite,heavy_13b_4bit,Heavy 13B 4-bit VLM proxy,15500,4096,1344x1344,448x448,336x336,5,5,4,1,1,independent_all_resident,3904,2420.48,720,96,18736.48,18.297,True,207.52,1,0,0,102.94,n/a
costsim-03250,B4-lite,heavy_13b_4bit,Heavy 13B 4-bit VLM proxy,15500,4096,1344x1344,448x448,336x336,5,5,4,2,2,independent_all_resident,3904,2420.48,720,96,18736.48,18.297,True,207.52,2,0,0,120.94,n/a
costsim-03251,B4-lite,heavy_13b_4bit,Heavy 13B 4-bit VLM proxy,15500,4096,1344x1344,448x448,336x336,5,5,4,4,4,independent_all_resident,3904,2420.48,720,96,18736.48,18.297,True,207.52,4,0,0,156.94,n/a
costsim-03252,B4-lite,heavy_13b_4bit,Heavy 13B 4-bit VLM proxy,15500,4096,1344x1344,448x448,336x336,5,5,8,1,1,independent_all_resident,3904,2420.48,1440,96,19456.48,19.0,False,-512.48,1,0,0,102.94,n/a
costsim-03253,B4-lite,heavy_13b_4bit,Heavy 13B 4-bit VLM proxy,15500,4096,1344x1344,448x448,336x336,5,5,8,2,2,independent_all_resident,3904,2420.48,1440,96,19456.48,19.0,False,-512.48,2,0,0,120.94,n/a
costsim-03254,B4-lite,heavy_13b_4bit,Heavy 13B 4-bit VLM proxy,15500,4096,1344x1344,448x448,336x336,5,5,8,4,4,independent_all_resident,3904,2420.48,1440,96,19456.48,19.0,False,-512.48,4,0,0,156.94,n/a
costsim-03255,B4-lite,heavy_13b_4bit,Heavy 13B 4-bit VLM proxy,15500,4096,1344x1344,448x448,336x336,5,5,16,1,1,independent_all_resident,3904,2420.48,2880,96,20896.48,20.407,False,-1952.48,1,0,0,102.94,n/a
costsim-03256,B4-lite,heavy_13b_4bit,Heavy 13B 4-bit VLM proxy,15500,4096,1344x1344,448x448,336x336,5,5,16,2,2,independent_all_resident,3904,2420.48,2880,96,20896.48,20.407,False,-1952.48,2,0,0,120.94,n/a
costsim-03257,B4-lite,heavy_13b_4bit,Heavy 13B 4-bit VLM proxy,15500,4096,1344x1344,448x448,336x336,5,5,16,4,4,independent_all_resident,3904,2420.48,2880,96,20896.48,20.407,False,-1952.48,4,0,0,156.94,n/a
costsim-03258,B4-lite,heavy_13b_4bit,Heavy 13B 4-bit VLM proxy,15500,4096,1344x1344,448x448,336x336,5,5,32,1,1,independent_all_resident,3904,2420.48,5760,96,23776.48,23.219,False,-4832.48,1,0,0,102.94,n/a
costsim-03259,B4-lite,heavy_13b_4bit,Heavy 13B 4-bit VLM proxy,15500,4096,1344x1344,448x448,336x336,5,5,32,2,2,independent_all_resident,3904,2420.48,5760,96,23776.48,23.219,False,-4832.48,2,0,0,120.94,n/a
costsim-03260,B4-lite,heavy_13b_4bit,Heavy 13B 4-bit VLM proxy,15500,4096,1344x1344,448x448,336x336,5,5,32,4,4,independent_all_resident,3904,2420.48,5760,96,23776.48,23.219,False,-4832.48,4,0,0,156.94,n/a
costsim-03261,B4-lite,heavy_13b_4bit,Heavy 13B 4-bit VLM proxy,15500,4096,1344x1344,448x448,448x448,1,1,4,1,1,independent_all_resident,2048,1269.76,720,96,17585.76,17.174,True,1358.24,1,0,0,82.53,n/a
costsim-03262,B4-lite,heavy_13b_4bit,Heavy 13B 4-bit VLM proxy,15500,4096,1344x1344,448x448,448x448,1,1,4,2,2,independent_all_resident,2048,1269.76,720,96,17585.76,17.174,True,1358.24,2,0,0,100.53,n/a
costsim-03263,B4-lite,heavy_13b_4bit,Heavy 13B 4-bit VLM proxy,15500,4096,1344x1344,448x448,448x448,1,1,4,4,4,independent_all_resident,2048,1269.76,720,96,17585.76,17.174,True,1358.24,4,0,0,136.53,n/a
costsim-03264,B4-lite,heavy_13b_4bit,Heavy 13B 4-bit VLM proxy,15500,4096,1344x1344,448x448,448x448,1,1,8,1,1,independent_all_resident,2048,1269.76,1440,96,18305.76,17.877,True,638.24,1,0,0,82.53,n/a
costsim-03265,B4-lite,heavy_13b_4bit,Heavy 13B 4-bit VLM proxy,15500,4096,1344x1344,448x448,448x448,1,1,8,2,2,independent_all_resident,2048,1269.76,1440,96,18305.76,17.877,True,638.24,2,0,0,100.53,n/a
costsim-03266,B4-lite,heavy_13b_4bit,Heavy 13B 4-bit VLM proxy,15500,4096,1344x1344,448x448,448x448,1,1,8,4,4,independent_all_resident,2048,1269.76,1440,96,18305.76,17.877,True,638.24,4,0,0,136.53,n/a
costsim-03267,B4-lite,heavy_13b_4bit,Heavy 13B 4-bit VLM proxy,15500,4096,1344x1344,448x448,448x448,1,1,16,1,1,independent_all_resident,2048,1269.76,2880,96,19745.76,19.283,False,-801.76,1,0,0,82.53,n/a
costsim-03268,B4-lite,heavy_13b_4bit,Heavy 13B 4-bit VLM proxy,15500,4096,1344x1344,448x448,448x448,1,1,16,2,2,independent_all_resident,2048,1269.76,2880,96,19745.76,19.283,False,-801.76,2,0,0,100.53,n/a
costsim-03269,B4-lite,heavy_13b_4bit,Heavy 13B 4-bit VLM proxy,15500,4096,1344x1344,448x448,448x448,1,1,16,4,4,independent_all_resident,2048,1269.76,2880,96,19745.76,19.283,False,-801.76,4,0,0,136.53,n/a
costsim-03270,B4-lite,heavy_13b_4bit,Heavy 13B 4-bit VLM proxy,15500,4096,1344x1344,448x448,448x448,1,1,32,1,1,independent_all_resident,2048,1269.76,5760,96,22625.76,22.095,False,-3681.76,1,0,0,82.53,n/a
costsim-03271,B4-lite,heavy_13b_4bit,Heavy 13B 4-bit VLM proxy,15500,4096,1344x1344,448x448,448x448,1,1,32,2,2,independent_all_resident,2048,1269.76,5760,96,22625.76,22.095,False,-3681.76,2,0,0,100.53,n/a
costsim-03272,B4-lite,heavy_13b_4bit,Heavy 13B 4-bit VLM proxy,15500,4096,1344x1344,448x448,448x448,1,1,32,4,4,independent_all_resident,2048,1269.76,5760,96,22625.76,22.095,False,-3681.76,4,0,0,136.53,n/a
costsim-03273,B4-lite,heavy_13b_4bit,Heavy 13B 4-bit VLM proxy,15500,4096,1344x1344,448x448,448x448,3,3,4,1,1,independent_all_resident,4096,2539.52,720,96,18855.52,18.414,True,88.48,1,0,0,105.06,n/a
costsim-03274,B4-lite,heavy_13b_4bit,Heavy 13B 4-bit VLM proxy,15500,4096,1344x1344,448x448,448x448,3,3,4,2,2,independent_all_resident,4096,2539.52,720,96,18855.52,18.414,True,88.48,2,0,0,123.06,n/a
costsim-03275,B4-lite,heavy_13b_4bit,Heavy 13B 4-bit VLM proxy,15500,4096,1344x1344,448x448,448x448,3,3,4,4,4,independent_all_resident,4096,2539.52,720,96,18855.52,18.414,True,88.48,4,0,0,159.06,n/a
costsim-03276,B4-lite,heavy_13b_4bit,Heavy 13B 4-bit VLM proxy,15500,4096,1344x1344,448x448,448x448,3,3,8,1,1,independent_all_resident,4096,2539.52,1440,96,19575.52,19.117,False,-631.52,1,0,0,105.06,n/a
costsim-03277,B4-lite,heavy_13b_4bit,Heavy 13B 4-bit VLM proxy,15500,4096,1344x1344,448x448,448x448,3,3,8,2,2,independent_all_resident,4096,2539.52,1440,96,19575.52,19.117,False,-631.52,2,0,0,123.06,n/a
costsim-03278,B4-lite,heavy_13b_4bit,Heavy 13B 4-bit VLM proxy,15500,4096,1344x1344,448x448,448x448,3,3,8,4,4,independent_all_resident,4096,2539.52,1440,96,19575.52,19.117,False,-631.52,4,0,0,159.06,n/a
costsim-03279,B4-lite,heavy_13b_4bit,Heavy 13B 4-bit VLM proxy,15500,4096,1344x1344,448x448,448x448,3,3,16,1,1,independent_all_resident,4096,2539.52,2880,96,21015.52,20.523,False,-2071.52,1,0,0,105.06,n/a
costsim-03280,B4-lite,heavy_13b_4bit,Heavy 13B 4-bit VLM proxy,15500,4096,1344x1344,448x448,448x448,3,3,16,2,2,independent_all_resident,4096,2539.52,2880,96,21015.52,20.523,False,-2071.52,2,0,0,123.06,n/a
costsim-03281,B4-lite,heavy_13b_4bit,Heavy 13B 4-bit VLM proxy,15500,4096,1344x1344,448x448,448x448,3,3,16,4,4,independent_all_resident,4096,2539.52,2880,96,21015.52,20.523,False,-2071.52,4,0,0,159.06,n/a
costsim-03282,B4-lite,heavy_13b_4bit,Heavy 13B 4-bit VLM proxy,15500,4096,1344x1344,448x448,448x448,3,3,32,1,1,independent_all_resident,4096,2539.52,5760,96,23895.52,23.335,False,-4951.52,1,0,0,105.06,n/a
costsim-03283,B4-lite,heavy_13b_4bit,Heavy 13B 4-bit VLM proxy,15500,4096,1344x1344,448x448,448x448,3,3,32,2,2,independent_all_resident,4096,2539.52,5760,96,23895.52,23.335,False,-4951.52,2,0,0,123.06,n/a
costsim-03284,B4-lite,heavy_13b_4bit,Heavy 13B 4-bit VLM proxy,15500,4096,1344x1344,448x448,448x448,3,3,32,4,4,independent_all_resident,4096,2539.52,5760,96,23895.52,23.335,False,-4951.52,4,0,0,159.06,n/a
costsim-03285,B4-lite,heavy_13b_4bit,Heavy 13B 4-bit VLM proxy,15500,4096,1344x1344,448x448,448x448,5,5,4,1,1,independent_all_resident,6144,3809.28,720,96,20125.28,19.654,False,-1181.28,1,0,0,127.58,n/a
costsim-03286,B4-lite,heavy_13b_4bit,Heavy 13B 4-bit VLM proxy,15500,4096,1344x1344,448x448,448x448,5,5,4,2,2,independent_all_resident,6144,3809.28,720,96,20125.28,19.654,False,-1181.28,2,0,0,145.58,n/a
costsim-03287,B4-lite,heavy_13b_4bit,Heavy 13B 4-bit VLM proxy,15500,4096,1344x1344,448x448,448x448,5,5,4,4,4,independent_all_resident,6144,3809.28,720,96,20125.28,19.654,False,-1181.28,4,0,0,181.58,n/a
costsim-03288,B4-lite,heavy_13b_4bit,Heavy 13B 4-bit VLM proxy,15500,4096,1344x1344,448x448,448x448,5,5,8,1,1,independent_all_resident,6144,3809.28,1440,96,20845.28,20.357,False,-1901.28,1,0,0,127.58,n/a
costsim-03289,B4-lite,heavy_13b_4bit,Heavy 13B 4-bit VLM proxy,15500,4096,1344x1344,448x448,448x448,5,5,8,2,2,independent_all_resident,6144,3809.28,1440,96,20845.28,20.357,False,-1901.28,2,0,0,145.58,n/a
costsim-03290,B4-lite,heavy_13b_4bit,Heavy 13B 4-bit VLM proxy,15500,4096,1344x1344,448x448,448x448,5,5,8,4,4,independent_all_resident,6144,3809.28,1440,96,20845.28,20.357,False,-1901.28,4,0,0,181.58,n/a
costsim-03291,B4-lite,heavy_13b_4bit,Heavy 13B 4-bit VLM proxy,15500,4096,1344x1344,448x448,448x448,5,5,16,1,1,independent_all_resident,6144,3809.28,2880,96,22285.28,21.763,False,-3341.28,1,0,0,127.58,n/a
costsim-03292,B4-lite,heavy_13b_4bit,Heavy 13B 4-bit VLM proxy,15500,4096,1344x1344,448x448,448x448,5,5,16,2,2,independent_all_resident,6144,3809.28,2880,96,22285.28,21.763,False,-3341.28,2,0,0,145.58,n/a
costsim-03293,B4-lite,heavy_13b_4bit,Heavy 13B 4-bit VLM proxy,15500,4096,1344x1344,448x448,448x448,5,5,16,4,4,independent_all_resident,6144,3809.28,2880,96,22285.28,21.763,False,-3341.28,4,0,0,181.58,n/a
costsim-03294,B4-lite,heavy_13b_4bit,Heavy 13B 4-bit VLM proxy,15500,4096,1344x1344,448x448,448x448,5,5,32,1,1,independent_all_resident,6144,3809.28,5760,96,25165.28,24.575,False,-6221.28,1,0,0,127.58,n/a
costsim-03295,B4-lite,heavy_13b_4bit,Heavy 13B 4-bit VLM proxy,15500,4096,1344x1344,448x448,448x448,5,5,32,2,2,independent_all_resident,6144,3809.28,5760,96,25165.28,24.575,False,-6221.28,2,0,0,145.58,n/a
costsim-03296,B4-lite,heavy_13b_4bit,Heavy 13B 4-bit VLM proxy,15500,4096,1344x1344,448x448,448x448,5,5,32,4,4,independent_all_resident,6144,3809.28,5760,96,25165.28,24.575,False,-6221.28,4,0,0,181.58,n/a
costsim-03297,B5-lite,heavy_13b_4bit,Heavy 13B 4-bit VLM proxy,15500,4096,1344x1344,336x336,336x336,1,1,4,1,1,shared_all_resident,1152,714.24,400,96,16710.24,16.319,True,2233.76,1,0,0,62.67,n/a
costsim-03298,B5-lite,heavy_13b_4bit,Heavy 13B 4-bit VLM proxy,15500,4096,1344x1344,336x336,336x336,1,1,4,2,2,shared_all_resident,1152,714.24,400,96,16710.24,16.319,True,2233.76,2,0,0,70.67,n/a
costsim-03299,B5-lite,heavy_13b_4bit,Heavy 13B 4-bit VLM proxy,15500,4096,1344x1344,336x336,336x336,1,1,4,4,4,shared_all_resident,1152,714.24,400,96,16710.24,16.319,True,2233.76,4,0,0,86.67,n/a
costsim-03300,B5-lite,heavy_13b_4bit,Heavy 13B 4-bit VLM proxy,15500,4096,1344x1344,336x336,336x336,1,1,8,1,1,shared_all_resident,1152,714.24,580,96,16890.24,16.494,True,2053.76,1,0,0,62.67,n/a
costsim-03301,B5-lite,heavy_13b_4bit,Heavy 13B 4-bit VLM proxy,15500,4096,1344x1344,336x336,336x336,1,1,8,2,2,shared_all_resident,1152,714.24,580,96,16890.24,16.494,True,2053.76,2,0,0,70.67,n/a
costsim-03302,B5-lite,heavy_13b_4bit,Heavy 13B 4-bit VLM proxy,15500,4096,1344x1344,336x336,336x336,1,1,8,4,4,shared_all_resident,1152,714.24,580,96,16890.24,16.494,True,2053.76,4,0,0,86.67,n/a
costsim-03303,B5-lite,heavy_13b_4bit,Heavy 13B 4-bit VLM proxy,15500,4096,1344x1344,336x336,336x336,1,1,16,1,1,shared_all_resident,1152,714.24,940,96,17250.24,16.846,True,1693.76,1,0,0,62.67,n/a
costsim-03304,B5-lite,heavy_13b_4bit,Heavy 13B 4-bit VLM proxy,15500,4096,1344x1344,336x336,336x336,1,1,16,2,2,shared_all_resident,1152,714.24,940,96,17250.24,16.846,True,1693.76,2,0,0,70.67,n/a
costsim-03305,B5-lite,heavy_13b_4bit,Heavy 13B 4-bit VLM proxy,15500,4096,1344x1344,336x336,336x336,1,1,16,4,4,shared_all_resident,1152,714.24,940,96,17250.24,16.846,True,1693.76,4,0,0,86.67,n/a
costsim-03306,B5-lite,heavy_13b_4bit,Heavy 13B 4-bit VLM proxy,15500,4096,1344x1344,336x336,336x336,1,1,32,1,1,shared_all_resident,1152,714.24,1660,96,17970.24,17.549,True,973.76,1,0,0,62.67,n/a
costsim-03307,B5-lite,heavy_13b_4bit,Heavy 13B 4-bit VLM proxy,15500,4096,1344x1344,336x336,336x336,1,1,32,2,2,shared_all_resident,1152,714.24,1660,96,17970.24,17.549,True,973.76,2,0,0,70.67,n/a
costsim-03308,B5-lite,heavy_13b_4bit,Heavy 13B 4-bit VLM proxy,15500,4096,1344x1344,336x336,336x336,1,1,32,4,4,shared_all_resident,1152,714.24,1660,96,17970.24,17.549,True,973.76,4,0,0,86.67,n/a
costsim-03309,B5-lite,heavy_13b_4bit,Heavy 13B 4-bit VLM proxy,15500,4096,1344x1344,336x336,336x336,3,3,4,1,1,shared_all_resident,2304,1428.48,400,96,17424.48,17.016,True,1519.52,1,0,0,75.34,n/a
costsim-03310,B5-lite,heavy_13b_4bit,Heavy 13B 4-bit VLM proxy,15500,4096,1344x1344,336x336,336x336,3,3,4,2,2,shared_all_resident,2304,1428.48,400,96,17424.48,17.016,True,1519.52,2,0,0,83.34,n/a
costsim-03311,B5-lite,heavy_13b_4bit,Heavy 13B 4-bit VLM proxy,15500,4096,1344x1344,336x336,336x336,3,3,4,4,4,shared_all_resident,2304,1428.48,400,96,17424.48,17.016,True,1519.52,4,0,0,99.34,n/a
costsim-03312,B5-lite,heavy_13b_4bit,Heavy 13B 4-bit VLM proxy,15500,4096,1344x1344,336x336,336x336,3,3,8,1,1,shared_all_resident,2304,1428.48,580,96,17604.48,17.192,True,1339.52,1,0,0,75.34,n/a
costsim-03313,B5-lite,heavy_13b_4bit,Heavy 13B 4-bit VLM proxy,15500,4096,1344x1344,336x336,336x336,3,3,8,2,2,shared_all_resident,2304,1428.48,580,96,17604.48,17.192,True,1339.52,2,0,0,83.34,n/a
costsim-03314,B5-lite,heavy_13b_4bit,Heavy 13B 4-bit VLM proxy,15500,4096,1344x1344,336x336,336x336,3,3,8,4,4,shared_all_resident,2304,1428.48,580,96,17604.48,17.192,True,1339.52,4,0,0,99.34,n/a
costsim-03315,B5-lite,heavy_13b_4bit,Heavy 13B 4-bit VLM proxy,15500,4096,1344x1344,336x336,336x336,3,3,16,1,1,shared_all_resident,2304,1428.48,940,96,17964.48,17.543,True,979.52,1,0,0,75.34,n/a
costsim-03316,B5-lite,heavy_13b_4bit,Heavy 13B 4-bit VLM proxy,15500,4096,1344x1344,336x336,336x336,3,3,16,2,2,shared_all_resident,2304,1428.48,940,96,17964.48,17.543,True,979.52,2,0,0,83.34,n/a
costsim-03317,B5-lite,heavy_13b_4bit,Heavy 13B 4-bit VLM proxy,15500,4096,1344x1344,336x336,336x336,3,3,16,4,4,shared_all_resident,2304,1428.48,940,96,17964.48,17.543,True,979.52,4,0,0,99.34,n/a
costsim-03318,B5-lite,heavy_13b_4bit,Heavy 13B 4-bit VLM proxy,15500,4096,1344x1344,336x336,336x336,3,3,32,1,1,shared_all_resident,2304,1428.48,1660,96,18684.48,18.247,True,259.52,1,0,0,75.34,n/a
costsim-03319,B5-lite,heavy_13b_4bit,Heavy 13B 4-bit VLM proxy,15500,4096,1344x1344,336x336,336x336,3,3,32,2,2,shared_all_resident,2304,1428.48,1660,96,18684.48,18.247,True,259.52,2,0,0,83.34,n/a
costsim-03320,B5-lite,heavy_13b_4bit,Heavy 13B 4-bit VLM proxy,15500,4096,1344x1344,336x336,336x336,3,3,32,4,4,shared_all_resident,2304,1428.48,1660,96,18684.48,18.247,True,259.52,4,0,0,99.34,n/a
costsim-03321,B5-lite,heavy_13b_4bit,Heavy 13B 4-bit VLM proxy,15500,4096,1344x1344,336x336,336x336,5,5,4,1,1,shared_all_resident,3456,2142.72,400,96,18138.72,17.714,True,805.28,1,0,0,88.02,n/a
costsim-03322,B5-lite,heavy_13b_4bit,Heavy 13B 4-bit VLM proxy,15500,4096,1344x1344,336x336,336x336,5,5,4,2,2,shared_all_resident,3456,2142.72,400,96,18138.72,17.714,True,805.28,2,0,0,96.02,n/a
costsim-03323,B5-lite,heavy_13b_4bit,Heavy 13B 4-bit VLM proxy,15500,4096,1344x1344,336x336,336x336,5,5,4,4,4,shared_all_resident,3456,2142.72,400,96,18138.72,17.714,True,805.28,4,0,0,112.02,n/a
costsim-03324,B5-lite,heavy_13b_4bit,Heavy 13B 4-bit VLM proxy,15500,4096,1344x1344,336x336,336x336,5,5,8,1,1,shared_all_resident,3456,2142.72,580,96,18318.72,17.889,True,625.28,1,0,0,88.02,n/a
costsim-03325,B5-lite,heavy_13b_4bit,Heavy 13B 4-bit VLM proxy,15500,4096,1344x1344,336x336,336x336,5,5,8,2,2,shared_all_resident,3456,2142.72,580,96,18318.72,17.889,True,625.28,2,0,0,96.02,n/a
costsim-03326,B5-lite,heavy_13b_4bit,Heavy 13B 4-bit VLM proxy,15500,4096,1344x1344,336x336,336x336,5,5,8,4,4,shared_all_resident,3456,2142.72,580,96,18318.72,17.889,True,625.28,4,0,0,112.02,n/a
costsim-03327,B5-lite,heavy_13b_4bit,Heavy 13B 4-bit VLM proxy,15500,4096,1344x1344,336x336,336x336,5,5,16,1,1,shared_all_resident,3456,2142.72,940,96,18678.72,18.241,True,265.28,1,0,0,88.02,n/a
costsim-03328,B5-lite,heavy_13b_4bit,Heavy 13B 4-bit VLM proxy,15500,4096,1344x1344,336x336,336x336,5,5,16,2,2,shared_all_resident,3456,2142.72,940,96,18678.72,18.241,True,265.28,2,0,0,96.02,n/a
costsim-03329,B5-lite,heavy_13b_4bit,Heavy 13B 4-bit VLM proxy,15500,4096,1344x1344,336x336,336x336,5,5,16,4,4,shared_all_resident,3456,2142.72,940,96,18678.72,18.241,True,265.28,4,0,0,112.02,n/a
costsim-03330,B5-lite,heavy_13b_4bit,Heavy 13B 4-bit VLM proxy,15500,4096,1344x1344,336x336,336x336,5,5,32,1,1,shared_all_resident,3456,2142.72,1660,96,19398.72,18.944,False,-454.72,1,0,0,88.02,n/a
costsim-03331,B5-lite,heavy_13b_4bit,Heavy 13B 4-bit VLM proxy,15500,4096,1344x1344,336x336,336x336,5,5,32,2,2,shared_all_resident,3456,2142.72,1660,96,19398.72,18.944,False,-454.72,2,0,0,96.02,n/a
costsim-03332,B5-lite,heavy_13b_4bit,Heavy 13B 4-bit VLM proxy,15500,4096,1344x1344,336x336,336x336,5,5,32,4,4,shared_all_resident,3456,2142.72,1660,96,19398.72,18.944,False,-454.72,4,0,0,112.02,n/a
costsim-03333,B5-lite,heavy_13b_4bit,Heavy 13B 4-bit VLM proxy,15500,4096,1344x1344,336x336,448x448,1,1,4,1,1,shared_all_resident,1600,992.0,400,96,16988.0,16.59,True,1956.0,1,0,0,67.6,n/a
costsim-03334,B5-lite,heavy_13b_4bit,Heavy 13B 4-bit VLM proxy,15500,4096,1344x1344,336x336,448x448,1,1,4,2,2,shared_all_resident,1600,992.0,400,96,16988.0,16.59,True,1956.0,2,0,0,75.6,n/a
costsim-03335,B5-lite,heavy_13b_4bit,Heavy 13B 4-bit VLM proxy,15500,4096,1344x1344,336x336,448x448,1,1,4,4,4,shared_all_resident,1600,992.0,400,96,16988.0,16.59,True,1956.0,4,0,0,91.6,n/a
costsim-03336,B5-lite,heavy_13b_4bit,Heavy 13B 4-bit VLM proxy,15500,4096,1344x1344,336x336,448x448,1,1,8,1,1,shared_all_resident,1600,992.0,580,96,17168.0,16.766,True,1776.0,1,0,0,67.6,n/a
costsim-03337,B5-lite,heavy_13b_4bit,Heavy 13B 4-bit VLM proxy,15500,4096,1344x1344,336x336,448x448,1,1,8,2,2,shared_all_resident,1600,992.0,580,96,17168.0,16.766,True,1776.0,2,0,0,75.6,n/a
costsim-03338,B5-lite,heavy_13b_4bit,Heavy 13B 4-bit VLM proxy,15500,4096,1344x1344,336x336,448x448,1,1,8,4,4,shared_all_resident,1600,992.0,580,96,17168.0,16.766,True,1776.0,4,0,0,91.6,n/a
costsim-03339,B5-lite,heavy_13b_4bit,Heavy 13B 4-bit VLM proxy,15500,4096,1344x1344,336x336,448x448,1,1,16,1,1,shared_all_resident,1600,992.0,940,96,17528.0,17.117,True,1416.0,1,0,0,67.6,n/a
costsim-03340,B5-lite,heavy_13b_4bit,Heavy 13B 4-bit VLM proxy,15500,4096,1344x1344,336x336,448x448,1,1,16,2,2,shared_all_resident,1600,992.0,940,96,17528.0,17.117,True,1416.0,2,0,0,75.6,n/a
costsim-03341,B5-lite,heavy_13b_4bit,Heavy 13B 4-bit VLM proxy,15500,4096,1344x1344,336x336,448x448,1,1,16,4,4,shared_all_resident,1600,992.0,940,96,17528.0,17.117,True,1416.0,4,0,0,91.6,n/a
costsim-03342,B5-lite,heavy_13b_4bit,Heavy 13B 4-bit VLM proxy,15500,4096,1344x1344,336x336,448x448,1,1,32,1,1,shared_all_resident,1600,992.0,1660,96,18248.0,17.82,True,696.0,1,0,0,67.6,n/a
costsim-03343,B5-lite,heavy_13b_4bit,Heavy 13B 4-bit VLM proxy,15500,4096,1344x1344,336x336,448x448,1,1,32,2,2,shared_all_resident,1600,992.0,1660,96,18248.0,17.82,True,696.0,2,0,0,75.6,n/a
costsim-03344,B5-lite,heavy_13b_4bit,Heavy 13B 4-bit VLM proxy,15500,4096,1344x1344,336x336,448x448,1,1,32,4,4,shared_all_resident,1600,992.0,1660,96,18248.0,17.82,True,696.0,4,0,0,91.6,n/a
costsim-03345,B5-lite,heavy_13b_4bit,Heavy 13B 4-bit VLM proxy,15500,4096,1344x1344,336x336,448x448,3,3,4,1,1,shared_all_resident,3648,2261.76,400,96,18257.76,17.83,True,686.24,1,0,0,90.13,n/a
costsim-03346,B5-lite,heavy_13b_4bit,Heavy 13B 4-bit VLM proxy,15500,4096,1344x1344,336x336,448x448,3,3,4,2,2,shared_all_resident,3648,2261.76,400,96,18257.76,17.83,True,686.24,2,0,0,98.13,n/a
costsim-03347,B5-lite,heavy_13b_4bit,Heavy 13B 4-bit VLM proxy,15500,4096,1344x1344,336x336,448x448,3,3,4,4,4,shared_all_resident,3648,2261.76,400,96,18257.76,17.83,True,686.24,4,0,0,114.13,n/a
costsim-03348,B5-lite,heavy_13b_4bit,Heavy 13B 4-bit VLM proxy,15500,4096,1344x1344,336x336,448x448,3,3,8,1,1,shared_all_resident,3648,2261.76,580,96,18437.76,18.006,True,506.24,1,0,0,90.13,n/a
costsim-03349,B5-lite,heavy_13b_4bit,Heavy 13B 4-bit VLM proxy,15500,4096,1344x1344,336x336,448x448,3,3,8,2,2,shared_all_resident,3648,2261.76,580,96,18437.76,18.006,True,506.24,2,0,0,98.13,n/a
costsim-03350,B5-lite,heavy_13b_4bit,Heavy 13B 4-bit VLM proxy,15500,4096,1344x1344,336x336,448x448,3,3,8,4,4,shared_all_resident,3648,2261.76,580,96,18437.76,18.006,True,506.24,4,0,0,114.13,n/a
costsim-03351,B5-lite,heavy_13b_4bit,Heavy 13B 4-bit VLM proxy,15500,4096,1344x1344,336x336,448x448,3,3,16,1,1,shared_all_resident,3648,2261.76,940,96,18797.76,18.357,True,146.24,1,0,0,90.13,n/a
costsim-03352,B5-lite,heavy_13b_4bit,Heavy 13B 4-bit VLM proxy,15500,4096,1344x1344,336x336,448x448,3,3,16,2,2,shared_all_resident,3648,2261.76,940,96,18797.76,18.357,True,146.24,2,0,0,98.13,n/a
costsim-03353,B5-lite,heavy_13b_4bit,Heavy 13B 4-bit VLM proxy,15500,4096,1344x1344,336x336,448x448,3,3,16,4,4,shared_all_resident,3648,2261.76,940,96,18797.76,18.357,True,146.24,4,0,0,114.13,n/a
costsim-03354,B5-lite,heavy_13b_4bit,Heavy 13B 4-bit VLM proxy,15500,4096,1344x1344,336x336,448x448,3,3,32,1,1,shared_all_resident,3648,2261.76,1660,96,19517.76,19.06,False,-573.76,1,0,0,90.13,n/a
costsim-03355,B5-lite,heavy_13b_4bit,Heavy 13B 4-bit VLM proxy,15500,4096,1344x1344,336x336,448x448,3,3,32,2,2,shared_all_resident,3648,2261.76,1660,96,19517.76,19.06,False,-573.76,2,0,0,98.13,n/a
costsim-03356,B5-lite,heavy_13b_4bit,Heavy 13B 4-bit VLM proxy,15500,4096,1344x1344,336x336,448x448,3,3,32,4,4,shared_all_resident,3648,2261.76,1660,96,19517.76,19.06,False,-573.76,4,0,0,114.13,n/a
costsim-03357,B5-lite,heavy_13b_4bit,Heavy 13B 4-bit VLM proxy,15500,4096,1344x1344,336x336,448x448,5,5,4,1,1,shared_all_resident,5696,3531.52,400,96,19527.52,19.07,False,-583.52,1,0,0,112.66,n/a
costsim-03358,B5-lite,heavy_13b_4bit,Heavy 13B 4-bit VLM proxy,15500,4096,1344x1344,336x336,448x448,5,5,4,2,2,shared_all_resident,5696,3531.52,400,96,19527.52,19.07,False,-583.52,2,0,0,120.66,n/a
costsim-03359,B5-lite,heavy_13b_4bit,Heavy 13B 4-bit VLM proxy,15500,4096,1344x1344,336x336,448x448,5,5,4,4,4,shared_all_resident,5696,3531.52,400,96,19527.52,19.07,False,-583.52,4,0,0,136.66,n/a
costsim-03360,B5-lite,heavy_13b_4bit,Heavy 13B 4-bit VLM proxy,15500,4096,1344x1344,336x336,448x448,5,5,8,1,1,shared_all_resident,5696,3531.52,580,96,19707.52,19.246,False,-763.52,1,0,0,112.66,n/a
costsim-03361,B5-lite,heavy_13b_4bit,Heavy 13B 4-bit VLM proxy,15500,4096,1344x1344,336x336,448x448,5,5,8,2,2,shared_all_resident,5696,3531.52,580,96,19707.52,19.246,False,-763.52,2,0,0,120.66,n/a
costsim-03362,B5-lite,heavy_13b_4bit,Heavy 13B 4-bit VLM proxy,15500,4096,1344x1344,336x336,448x448,5,5,8,4,4,shared_all_resident,5696,3531.52,580,96,19707.52,19.246,False,-763.52,4,0,0,136.66,n/a
costsim-03363,B5-lite,heavy_13b_4bit,Heavy 13B 4-bit VLM proxy,15500,4096,1344x1344,336x336,448x448,5,5,16,1,1,shared_all_resident,5696,3531.52,940,96,20067.52,19.597,False,-1123.52,1,0,0,112.66,n/a
costsim-03364,B5-lite,heavy_13b_4bit,Heavy 13B 4-bit VLM proxy,15500,4096,1344x1344,336x336,448x448,5,5,16,2,2,shared_all_resident,5696,3531.52,940,96,20067.52,19.597,False,-1123.52,2,0,0,120.66,n/a
costsim-03365,B5-lite,heavy_13b_4bit,Heavy 13B 4-bit VLM proxy,15500,4096,1344x1344,336x336,448x448,5,5,16,4,4,shared_all_resident,5696,3531.52,940,96,20067.52,19.597,False,-1123.52,4,0,0,136.66,n/a
costsim-03366,B5-lite,heavy_13b_4bit,Heavy 13B 4-bit VLM proxy,15500,4096,1344x1344,336x336,448x448,5,5,32,1,1,shared_all_resident,5696,3531.52,1660,96,20787.52,20.3,False,-1843.52,1,0,0,112.66,n/a
costsim-03367,B5-lite,heavy_13b_4bit,Heavy 13B 4-bit VLM proxy,15500,4096,1344x1344,336x336,448x448,5,5,32,2,2,shared_all_resident,5696,3531.52,1660,96,20787.52,20.3,False,-1843.52,2,0,0,120.66,n/a
costsim-03368,B5-lite,heavy_13b_4bit,Heavy 13B 4-bit VLM proxy,15500,4096,1344x1344,336x336,448x448,5,5,32,4,4,shared_all_resident,5696,3531.52,1660,96,20787.52,20.3,False,-1843.52,4,0,0,136.66,n/a
costsim-03369,B5-lite,heavy_13b_4bit,Heavy 13B 4-bit VLM proxy,15500,4096,1344x1344,448x448,336x336,1,1,4,1,1,shared_all_resident,1600,992.0,400,96,16988.0,16.59,True,1956.0,1,0,0,67.6,n/a
costsim-03370,B5-lite,heavy_13b_4bit,Heavy 13B 4-bit VLM proxy,15500,4096,1344x1344,448x448,336x336,1,1,4,2,2,shared_all_resident,1600,992.0,400,96,16988.0,16.59,True,1956.0,2,0,0,75.6,n/a
costsim-03371,B5-lite,heavy_13b_4bit,Heavy 13B 4-bit VLM proxy,15500,4096,1344x1344,448x448,336x336,1,1,4,4,4,shared_all_resident,1600,992.0,400,96,16988.0,16.59,True,1956.0,4,0,0,91.6,n/a
costsim-03372,B5-lite,heavy_13b_4bit,Heavy 13B 4-bit VLM proxy,15500,4096,1344x1344,448x448,336x336,1,1,8,1,1,shared_all_resident,1600,992.0,580,96,17168.0,16.766,True,1776.0,1,0,0,67.6,n/a
costsim-03373,B5-lite,heavy_13b_4bit,Heavy 13B 4-bit VLM proxy,15500,4096,1344x1344,448x448,336x336,1,1,8,2,2,shared_all_resident,1600,992.0,580,96,17168.0,16.766,True,1776.0,2,0,0,75.6,n/a
costsim-03374,B5-lite,heavy_13b_4bit,Heavy 13B 4-bit VLM proxy,15500,4096,1344x1344,448x448,336x336,1,1,8,4,4,shared_all_resident,1600,992.0,580,96,17168.0,16.766,True,1776.0,4,0,0,91.6,n/a
costsim-03375,B5-lite,heavy_13b_4bit,Heavy 13B 4-bit VLM proxy,15500,4096,1344x1344,448x448,336x336,1,1,16,1,1,shared_all_resident,1600,992.0,940,96,17528.0,17.117,True,1416.0,1,0,0,67.6,n/a
costsim-03376,B5-lite,heavy_13b_4bit,Heavy 13B 4-bit VLM proxy,15500,4096,1344x1344,448x448,336x336,1,1,16,2,2,shared_all_resident,1600,992.0,940,96,17528.0,17.117,True,1416.0,2,0,0,75.6,n/a
costsim-03377,B5-lite,heavy_13b_4bit,Heavy 13B 4-bit VLM proxy,15500,4096,1344x1344,448x448,336x336,1,1,16,4,4,shared_all_resident,1600,992.0,940,96,17528.0,17.117,True,1416.0,4,0,0,91.6,n/a
costsim-03378,B5-lite,heavy_13b_4bit,Heavy 13B 4-bit VLM proxy,15500,4096,1344x1344,448x448,336x336,1,1,32,1,1,shared_all_resident,1600,992.0,1660,96,18248.0,17.82,True,696.0,1,0,0,67.6,n/a
costsim-03379,B5-lite,heavy_13b_4bit,Heavy 13B 4-bit VLM proxy,15500,4096,1344x1344,448x448,336x336,1,1,32,2,2,shared_all_resident,1600,992.0,1660,96,18248.0,17.82,True,696.0,2,0,0,75.6,n/a
costsim-03380,B5-lite,heavy_13b_4bit,Heavy 13B 4-bit VLM proxy,15500,4096,1344x1344,448x448,336x336,1,1,32,4,4,shared_all_resident,1600,992.0,1660,96,18248.0,17.82,True,696.0,4,0,0,91.6,n/a
costsim-03381,B5-lite,heavy_13b_4bit,Heavy 13B 4-bit VLM proxy,15500,4096,1344x1344,448x448,336x336,3,3,4,1,1,shared_all_resident,2752,1706.24,400,96,17702.24,17.287,True,1241.76,1,0,0,80.27,n/a
costsim-03382,B5-lite,heavy_13b_4bit,Heavy 13B 4-bit VLM proxy,15500,4096,1344x1344,448x448,336x336,3,3,4,2,2,shared_all_resident,2752,1706.24,400,96,17702.24,17.287,True,1241.76,2,0,0,88.27,n/a
costsim-03383,B5-lite,heavy_13b_4bit,Heavy 13B 4-bit VLM proxy,15500,4096,1344x1344,448x448,336x336,3,3,4,4,4,shared_all_resident,2752,1706.24,400,96,17702.24,17.287,True,1241.76,4,0,0,104.27,n/a
costsim-03384,B5-lite,heavy_13b_4bit,Heavy 13B 4-bit VLM proxy,15500,4096,1344x1344,448x448,336x336,3,3,8,1,1,shared_all_resident,2752,1706.24,580,96,17882.24,17.463,True,1061.76,1,0,0,80.27,n/a
costsim-03385,B5-lite,heavy_13b_4bit,Heavy 13B 4-bit VLM proxy,15500,4096,1344x1344,448x448,336x336,3,3,8,2,2,shared_all_resident,2752,1706.24,580,96,17882.24,17.463,True,1061.76,2,0,0,88.27,n/a
costsim-03386,B5-lite,heavy_13b_4bit,Heavy 13B 4-bit VLM proxy,15500,4096,1344x1344,448x448,336x336,3,3,8,4,4,shared_all_resident,2752,1706.24,580,96,17882.24,17.463,True,1061.76,4,0,0,104.27,n/a
costsim-03387,B5-lite,heavy_13b_4bit,Heavy 13B 4-bit VLM proxy,15500,4096,1344x1344,448x448,336x336,3,3,16,1,1,shared_all_resident,2752,1706.24,940,96,18242.24,17.815,True,701.76,1,0,0,80.27,n/a
costsim-03388,B5-lite,heavy_13b_4bit,Heavy 13B 4-bit VLM proxy,15500,4096,1344x1344,448x448,336x336,3,3,16,2,2,shared_all_resident,2752,1706.24,940,96,18242.24,17.815,True,701.76,2,0,0,88.27,n/a
costsim-03389,B5-lite,heavy_13b_4bit,Heavy 13B 4-bit VLM proxy,15500,4096,1344x1344,448x448,336x336,3,3,16,4,4,shared_all_resident,2752,1706.24,940,96,18242.24,17.815,True,701.76,4,0,0,104.27,n/a
costsim-03390,B5-lite,heavy_13b_4bit,Heavy 13B 4-bit VLM proxy,15500,4096,1344x1344,448x448,336x336,3,3,32,1,1,shared_all_resident,2752,1706.24,1660,96,18962.24,18.518,False,-18.24,1,0,0,80.27,n/a
costsim-03391,B5-lite,heavy_13b_4bit,Heavy 13B 4-bit VLM proxy,15500,4096,1344x1344,448x448,336x336,3,3,32,2,2,shared_all_resident,2752,1706.24,1660,96,18962.24,18.518,False,-18.24,2,0,0,88.27,n/a
costsim-03392,B5-lite,heavy_13b_4bit,Heavy 13B 4-bit VLM proxy,15500,4096,1344x1344,448x448,336x336,3,3,32,4,4,shared_all_resident,2752,1706.24,1660,96,18962.24,18.518,False,-18.24,4,0,0,104.27,n/a
costsim-03393,B5-lite,heavy_13b_4bit,Heavy 13B 4-bit VLM proxy,15500,4096,1344x1344,448x448,336x336,5,5,4,1,1,shared_all_resident,3904,2420.48,400,96,18416.48,17.985,True,527.52,1,0,0,92.94,n/a
costsim-03394,B5-lite,heavy_13b_4bit,Heavy 13B 4-bit VLM proxy,15500,4096,1344x1344,448x448,336x336,5,5,4,2,2,shared_all_resident,3904,2420.48,400,96,18416.48,17.985,True,527.52,2,0,0,100.94,n/a
costsim-03395,B5-lite,heavy_13b_4bit,Heavy 13B 4-bit VLM proxy,15500,4096,1344x1344,448x448,336x336,5,5,4,4,4,shared_all_resident,3904,2420.48,400,96,18416.48,17.985,True,527.52,4,0,0,116.94,n/a
costsim-03396,B5-lite,heavy_13b_4bit,Heavy 13B 4-bit VLM proxy,15500,4096,1344x1344,448x448,336x336,5,5,8,1,1,shared_all_resident,3904,2420.48,580,96,18596.48,18.161,True,347.52,1,0,0,92.94,n/a
costsim-03397,B5-lite,heavy_13b_4bit,Heavy 13B 4-bit VLM proxy,15500,4096,1344x1344,448x448,336x336,5,5,8,2,2,shared_all_resident,3904,2420.48,580,96,18596.48,18.161,True,347.52,2,0,0,100.94,n/a
costsim-03398,B5-lite,heavy_13b_4bit,Heavy 13B 4-bit VLM proxy,15500,4096,1344x1344,448x448,336x336,5,5,8,4,4,shared_all_resident,3904,2420.48,580,96,18596.48,18.161,True,347.52,4,0,0,116.94,n/a
costsim-03399,B5-lite,heavy_13b_4bit,Heavy 13B 4-bit VLM proxy,15500,4096,1344x1344,448x448,336x336,5,5,16,1,1,shared_all_resident,3904,2420.48,940,96,18956.48,18.512,False,-12.48,1,0,0,92.94,n/a
costsim-03400,B5-lite,heavy_13b_4bit,Heavy 13B 4-bit VLM proxy,15500,4096,1344x1344,448x448,336x336,5,5,16,2,2,shared_all_resident,3904,2420.48,940,96,18956.48,18.512,False,-12.48,2,0,0,100.94,n/a
costsim-03401,B5-lite,heavy_13b_4bit,Heavy 13B 4-bit VLM proxy,15500,4096,1344x1344,448x448,336x336,5,5,16,4,4,shared_all_resident,3904,2420.48,940,96,18956.48,18.512,False,-12.48,4,0,0,116.94,n/a
costsim-03402,B5-lite,heavy_13b_4bit,Heavy 13B 4-bit VLM proxy,15500,4096,1344x1344,448x448,336x336,5,5,32,1,1,shared_all_resident,3904,2420.48,1660,96,19676.48,19.215,False,-732.48,1,0,0,92.94,n/a
costsim-03403,B5-lite,heavy_13b_4bit,Heavy 13B 4-bit VLM proxy,15500,4096,1344x1344,448x448,336x336,5,5,32,2,2,shared_all_resident,3904,2420.48,1660,96,19676.48,19.215,False,-732.48,2,0,0,100.94,n/a
costsim-03404,B5-lite,heavy_13b_4bit,Heavy 13B 4-bit VLM proxy,15500,4096,1344x1344,448x448,336x336,5,5,32,4,4,shared_all_resident,3904,2420.48,1660,96,19676.48,19.215,False,-732.48,4,0,0,116.94,n/a
costsim-03405,B5-lite,heavy_13b_4bit,Heavy 13B 4-bit VLM proxy,15500,4096,1344x1344,448x448,448x448,1,1,4,1,1,shared_all_resident,2048,1269.76,400,96,17265.76,16.861,True,1678.24,1,0,0,72.53,n/a
costsim-03406,B5-lite,heavy_13b_4bit,Heavy 13B 4-bit VLM proxy,15500,4096,1344x1344,448x448,448x448,1,1,4,2,2,shared_all_resident,2048,1269.76,400,96,17265.76,16.861,True,1678.24,2,0,0,80.53,n/a
costsim-03407,B5-lite,heavy_13b_4bit,Heavy 13B 4-bit VLM proxy,15500,4096,1344x1344,448x448,448x448,1,1,4,4,4,shared_all_resident,2048,1269.76,400,96,17265.76,16.861,True,1678.24,4,0,0,96.53,n/a
costsim-03408,B5-lite,heavy_13b_4bit,Heavy 13B 4-bit VLM proxy,15500,4096,1344x1344,448x448,448x448,1,1,8,1,1,shared_all_resident,2048,1269.76,580,96,17445.76,17.037,True,1498.24,1,0,0,72.53,n/a
costsim-03409,B5-lite,heavy_13b_4bit,Heavy 13B 4-bit VLM proxy,15500,4096,1344x1344,448x448,448x448,1,1,8,2,2,shared_all_resident,2048,1269.76,580,96,17445.76,17.037,True,1498.24,2,0,0,80.53,n/a
costsim-03410,B5-lite,heavy_13b_4bit,Heavy 13B 4-bit VLM proxy,15500,4096,1344x1344,448x448,448x448,1,1,8,4,4,shared_all_resident,2048,1269.76,580,96,17445.76,17.037,True,1498.24,4,0,0,96.53,n/a
costsim-03411,B5-lite,heavy_13b_4bit,Heavy 13B 4-bit VLM proxy,15500,4096,1344x1344,448x448,448x448,1,1,16,1,1,shared_all_resident,2048,1269.76,940,96,17805.76,17.388,True,1138.24,1,0,0,72.53,n/a
costsim-03412,B5-lite,heavy_13b_4bit,Heavy 13B 4-bit VLM proxy,15500,4096,1344x1344,448x448,448x448,1,1,16,2,2,shared_all_resident,2048,1269.76,940,96,17805.76,17.388,True,1138.24,2,0,0,80.53,n/a
costsim-03413,B5-lite,heavy_13b_4bit,Heavy 13B 4-bit VLM proxy,15500,4096,1344x1344,448x448,448x448,1,1,16,4,4,shared_all_resident,2048,1269.76,940,96,17805.76,17.388,True,1138.24,4,0,0,96.53,n/a
costsim-03414,B5-lite,heavy_13b_4bit,Heavy 13B 4-bit VLM proxy,15500,4096,1344x1344,448x448,448x448,1,1,32,1,1,shared_all_resident,2048,1269.76,1660,96,18525.76,18.092,True,418.24,1,0,0,72.53,n/a
costsim-03415,B5-lite,heavy_13b_4bit,Heavy 13B 4-bit VLM proxy,15500,4096,1344x1344,448x448,448x448,1,1,32,2,2,shared_all_resident,2048,1269.76,1660,96,18525.76,18.092,True,418.24,2,0,0,80.53,n/a
costsim-03416,B5-lite,heavy_13b_4bit,Heavy 13B 4-bit VLM proxy,15500,4096,1344x1344,448x448,448x448,1,1,32,4,4,shared_all_resident,2048,1269.76,1660,96,18525.76,18.092,True,418.24,4,0,0,96.53,n/a
costsim-03417,B5-lite,heavy_13b_4bit,Heavy 13B 4-bit VLM proxy,15500,4096,1344x1344,448x448,448x448,3,3,4,1,1,shared_all_resident,4096,2539.52,400,96,18535.52,18.101,True,408.48,1,0,0,95.06,n/a
costsim-03418,B5-lite,heavy_13b_4bit,Heavy 13B 4-bit VLM proxy,15500,4096,1344x1344,448x448,448x448,3,3,4,2,2,shared_all_resident,4096,2539.52,400,96,18535.52,18.101,True,408.48,2,0,0,103.06,n/a
costsim-03419,B5-lite,heavy_13b_4bit,Heavy 13B 4-bit VLM proxy,15500,4096,1344x1344,448x448,448x448,3,3,4,4,4,shared_all_resident,4096,2539.52,400,96,18535.52,18.101,True,408.48,4,0,0,119.06,n/a
costsim-03420,B5-lite,heavy_13b_4bit,Heavy 13B 4-bit VLM proxy,15500,4096,1344x1344,448x448,448x448,3,3,8,1,1,shared_all_resident,4096,2539.52,580,96,18715.52,18.277,True,228.48,1,0,0,95.06,n/a
costsim-03421,B5-lite,heavy_13b_4bit,Heavy 13B 4-bit VLM proxy,15500,4096,1344x1344,448x448,448x448,3,3,8,2,2,shared_all_resident,4096,2539.52,580,96,18715.52,18.277,True,228.48,2,0,0,103.06,n/a
costsim-03422,B5-lite,heavy_13b_4bit,Heavy 13B 4-bit VLM proxy,15500,4096,1344x1344,448x448,448x448,3,3,8,4,4,shared_all_resident,4096,2539.52,580,96,18715.52,18.277,True,228.48,4,0,0,119.06,n/a
costsim-03423,B5-lite,heavy_13b_4bit,Heavy 13B 4-bit VLM proxy,15500,4096,1344x1344,448x448,448x448,3,3,16,1,1,shared_all_resident,4096,2539.52,940,96,19075.52,18.628,False,-131.52,1,0,0,95.06,n/a
costsim-03424,B5-lite,heavy_13b_4bit,Heavy 13B 4-bit VLM proxy,15500,4096,1344x1344,448x448,448x448,3,3,16,2,2,shared_all_resident,4096,2539.52,940,96,19075.52,18.628,False,-131.52,2,0,0,103.06,n/a
costsim-03425,B5-lite,heavy_13b_4bit,Heavy 13B 4-bit VLM proxy,15500,4096,1344x1344,448x448,448x448,3,3,16,4,4,shared_all_resident,4096,2539.52,940,96,19075.52,18.628,False,-131.52,4,0,0,119.06,n/a
costsim-03426,B5-lite,heavy_13b_4bit,Heavy 13B 4-bit VLM proxy,15500,4096,1344x1344,448x448,448x448,3,3,32,1,1,shared_all_resident,4096,2539.52,1660,96,19795.52,19.332,False,-851.52,1,0,0,95.06,n/a
costsim-03427,B5-lite,heavy_13b_4bit,Heavy 13B 4-bit VLM proxy,15500,4096,1344x1344,448x448,448x448,3,3,32,2,2,shared_all_resident,4096,2539.52,1660,96,19795.52,19.332,False,-851.52,2,0,0,103.06,n/a
costsim-03428,B5-lite,heavy_13b_4bit,Heavy 13B 4-bit VLM proxy,15500,4096,1344x1344,448x448,448x448,3,3,32,4,4,shared_all_resident,4096,2539.52,1660,96,19795.52,19.332,False,-851.52,4,0,0,119.06,n/a
costsim-03429,B5-lite,heavy_13b_4bit,Heavy 13B 4-bit VLM proxy,15500,4096,1344x1344,448x448,448x448,5,5,4,1,1,shared_all_resident,6144,3809.28,400,96,19805.28,19.341,False,-861.28,1,0,0,117.58,n/a
costsim-03430,B5-lite,heavy_13b_4bit,Heavy 13B 4-bit VLM proxy,15500,4096,1344x1344,448x448,448x448,5,5,4,2,2,shared_all_resident,6144,3809.28,400,96,19805.28,19.341,False,-861.28,2,0,0,125.58,n/a
costsim-03431,B5-lite,heavy_13b_4bit,Heavy 13B 4-bit VLM proxy,15500,4096,1344x1344,448x448,448x448,5,5,4,4,4,shared_all_resident,6144,3809.28,400,96,19805.28,19.341,False,-861.28,4,0,0,141.58,n/a
costsim-03432,B5-lite,heavy_13b_4bit,Heavy 13B 4-bit VLM proxy,15500,4096,1344x1344,448x448,448x448,5,5,8,1,1,shared_all_resident,6144,3809.28,580,96,19985.28,19.517,False,-1041.28,1,0,0,117.58,n/a
costsim-03433,B5-lite,heavy_13b_4bit,Heavy 13B 4-bit VLM proxy,15500,4096,1344x1344,448x448,448x448,5,5,8,2,2,shared_all_resident,6144,3809.28,580,96,19985.28,19.517,False,-1041.28,2,0,0,125.58,n/a
costsim-03434,B5-lite,heavy_13b_4bit,Heavy 13B 4-bit VLM proxy,15500,4096,1344x1344,448x448,448x448,5,5,8,4,4,shared_all_resident,6144,3809.28,580,96,19985.28,19.517,False,-1041.28,4,0,0,141.58,n/a
costsim-03435,B5-lite,heavy_13b_4bit,Heavy 13B 4-bit VLM proxy,15500,4096,1344x1344,448x448,448x448,5,5,16,1,1,shared_all_resident,6144,3809.28,940,96,20345.28,19.868,False,-1401.28,1,0,0,117.58,n/a
costsim-03436,B5-lite,heavy_13b_4bit,Heavy 13B 4-bit VLM proxy,15500,4096,1344x1344,448x448,448x448,5,5,16,2,2,shared_all_resident,6144,3809.28,940,96,20345.28,19.868,False,-1401.28,2,0,0,125.58,n/a
costsim-03437,B5-lite,heavy_13b_4bit,Heavy 13B 4-bit VLM proxy,15500,4096,1344x1344,448x448,448x448,5,5,16,4,4,shared_all_resident,6144,3809.28,940,96,20345.28,19.868,False,-1401.28,4,0,0,141.58,n/a
costsim-03438,B5-lite,heavy_13b_4bit,Heavy 13B 4-bit VLM proxy,15500,4096,1344x1344,448x448,448x448,5,5,32,1,1,shared_all_resident,6144,3809.28,1660,96,21065.28,20.572,False,-2121.28,1,0,0,117.58,n/a
costsim-03439,B5-lite,heavy_13b_4bit,Heavy 13B 4-bit VLM proxy,15500,4096,1344x1344,448x448,448x448,5,5,32,2,2,shared_all_resident,6144,3809.28,1660,96,21065.28,20.572,False,-2121.28,2,0,0,125.58,n/a
costsim-03440,B5-lite,heavy_13b_4bit,Heavy 13B 4-bit VLM proxy,15500,4096,1344x1344,448x448,448x448,5,5,32,4,4,shared_all_resident,6144,3809.28,1660,96,21065.28,20.572,False,-2121.28,4,0,0,141.58,n/a
costsim-03441,B7-lite,heavy_13b_4bit,Heavy 13B 4-bit VLM proxy,15500,4096,1344x1344,336x336,336x336,1,1,4,1,1,shared_budget_conditioned,1152,714.24,265,96,16575.24,16.187,True,2368.76,1,0,0,62.67,allow_initial_plan
costsim-03442,B7-lite,heavy_13b_4bit,Heavy 13B 4-bit VLM proxy,15500,4096,1344x1344,336x336,336x336,1,1,4,2,2,shared_budget_conditioned,1152,714.24,310,96,16620.24,16.231,True,2323.76,2,0,0,70.67,allow_initial_plan
costsim-03443,B7-lite,heavy_13b_4bit,Heavy 13B 4-bit VLM proxy,15500,4096,1344x1344,336x336,336x336,1,1,4,4,4,shared_budget_conditioned,1152,714.24,400,180,16794.24,16.401,True,2149.76,4,0,0,86.67,allow_initial_plan
costsim-03444,B7-lite,heavy_13b_4bit,Heavy 13B 4-bit VLM proxy,15500,4096,1344x1344,336x336,336x336,1,1,8,1,1,shared_budget_conditioned,1152,714.24,265,96,16575.24,16.187,True,2368.76,1,0,0,62.67,allow_initial_plan
costsim-03445,B7-lite,heavy_13b_4bit,Heavy 13B 4-bit VLM proxy,15500,4096,1344x1344,336x336,336x336,1,1,8,2,2,shared_budget_conditioned,1152,714.24,310,96,16620.24,16.231,True,2323.76,2,0,0,70.67,allow_initial_plan
costsim-03446,B7-lite,heavy_13b_4bit,Heavy 13B 4-bit VLM proxy,15500,4096,1344x1344,336x336,336x336,1,1,8,4,4,shared_budget_conditioned,1152,714.24,400,180,16794.24,16.401,True,2149.76,4,0,0,86.67,allow_initial_plan
costsim-03447,B7-lite,heavy_13b_4bit,Heavy 13B 4-bit VLM proxy,15500,4096,1344x1344,336x336,336x336,1,1,16,1,1,shared_budget_conditioned,1152,714.24,265,96,16575.24,16.187,True,2368.76,1,0,0,62.67,allow_initial_plan
costsim-03448,B7-lite,heavy_13b_4bit,Heavy 13B 4-bit VLM proxy,15500,4096,1344x1344,336x336,336x336,1,1,16,2,2,shared_budget_conditioned,1152,714.24,310,96,16620.24,16.231,True,2323.76,2,0,0,70.67,allow_initial_plan
costsim-03449,B7-lite,heavy_13b_4bit,Heavy 13B 4-bit VLM proxy,15500,4096,1344x1344,336x336,336x336,1,1,16,4,4,shared_budget_conditioned,1152,714.24,400,180,16794.24,16.401,True,2149.76,4,0,0,86.67,allow_initial_plan
costsim-03450,B7-lite,heavy_13b_4bit,Heavy 13B 4-bit VLM proxy,15500,4096,1344x1344,336x336,336x336,1,1,32,1,1,shared_budget_conditioned,1152,714.24,265,96,16575.24,16.187,True,2368.76,1,0,0,62.67,allow_initial_plan
costsim-03451,B7-lite,heavy_13b_4bit,Heavy 13B 4-bit VLM proxy,15500,4096,1344x1344,336x336,336x336,1,1,32,2,2,shared_budget_conditioned,1152,714.24,310,96,16620.24,16.231,True,2323.76,2,0,0,70.67,allow_initial_plan
costsim-03452,B7-lite,heavy_13b_4bit,Heavy 13B 4-bit VLM proxy,15500,4096,1344x1344,336x336,336x336,1,1,32,4,4,shared_budget_conditioned,1152,714.24,400,180,16794.24,16.401,True,2149.76,4,0,0,86.67,allow_initial_plan
costsim-03453,B7-lite,heavy_13b_4bit,Heavy 13B 4-bit VLM proxy,15500,4096,1344x1344,336x336,336x336,3,3,4,1,1,shared_budget_conditioned,2304,1428.48,265,96,17289.48,16.884,True,1654.52,1,0,0,75.34,allow_initial_plan
costsim-03454,B7-lite,heavy_13b_4bit,Heavy 13B 4-bit VLM proxy,15500,4096,1344x1344,336x336,336x336,3,3,4,2,2,shared_budget_conditioned,2304,1428.48,310,96,17334.48,16.928,True,1609.52,2,0,0,83.34,allow_initial_plan
costsim-03455,B7-lite,heavy_13b_4bit,Heavy 13B 4-bit VLM proxy,15500,4096,1344x1344,336x336,336x336,3,3,4,4,4,shared_budget_conditioned,2304,1428.48,400,180,17508.48,17.098,True,1435.52,4,0,0,99.34,allow_initial_plan
costsim-03456,B7-lite,heavy_13b_4bit,Heavy 13B 4-bit VLM proxy,15500,4096,1344x1344,336x336,336x336,3,3,8,1,1,shared_budget_conditioned,2304,1428.48,265,96,17289.48,16.884,True,1654.52,1,0,0,75.34,allow_initial_plan
costsim-03457,B7-lite,heavy_13b_4bit,Heavy 13B 4-bit VLM proxy,15500,4096,1344x1344,336x336,336x336,3,3,8,2,2,shared_budget_conditioned,2304,1428.48,310,96,17334.48,16.928,True,1609.52,2,0,0,83.34,allow_initial_plan
costsim-03458,B7-lite,heavy_13b_4bit,Heavy 13B 4-bit VLM proxy,15500,4096,1344x1344,336x336,336x336,3,3,8,4,4,shared_budget_conditioned,2304,1428.48,400,180,17508.48,17.098,True,1435.52,4,0,0,99.34,allow_initial_plan
costsim-03459,B7-lite,heavy_13b_4bit,Heavy 13B 4-bit VLM proxy,15500,4096,1344x1344,336x336,336x336,3,3,16,1,1,shared_budget_conditioned,2304,1428.48,265,96,17289.48,16.884,True,1654.52,1,0,0,75.34,allow_initial_plan
costsim-03460,B7-lite,heavy_13b_4bit,Heavy 13B 4-bit VLM proxy,15500,4096,1344x1344,336x336,336x336,3,3,16,2,2,shared_budget_conditioned,2304,1428.48,310,96,17334.48,16.928,True,1609.52,2,0,0,83.34,allow_initial_plan
costsim-03461,B7-lite,heavy_13b_4bit,Heavy 13B 4-bit VLM proxy,15500,4096,1344x1344,336x336,336x336,3,3,16,4,4,shared_budget_conditioned,2304,1428.48,400,180,17508.48,17.098,True,1435.52,4,0,0,99.34,allow_initial_plan
costsim-03462,B7-lite,heavy_13b_4bit,Heavy 13B 4-bit VLM proxy,15500,4096,1344x1344,336x336,336x336,3,3,32,1,1,shared_budget_conditioned,2304,1428.48,265,96,17289.48,16.884,True,1654.52,1,0,0,75.34,allow_initial_plan
costsim-03463,B7-lite,heavy_13b_4bit,Heavy 13B 4-bit VLM proxy,15500,4096,1344x1344,336x336,336x336,3,3,32,2,2,shared_budget_conditioned,2304,1428.48,310,96,17334.48,16.928,True,1609.52,2,0,0,83.34,allow_initial_plan
costsim-03464,B7-lite,heavy_13b_4bit,Heavy 13B 4-bit VLM proxy,15500,4096,1344x1344,336x336,336x336,3,3,32,4,4,shared_budget_conditioned,2304,1428.48,400,180,17508.48,17.098,True,1435.52,4,0,0,99.34,allow_initial_plan
costsim-03465,B7-lite,heavy_13b_4bit,Heavy 13B 4-bit VLM proxy,15500,4096,1344x1344,336x336,336x336,5,5,4,1,1,shared_budget_conditioned,3456,2142.72,265,96,18003.72,17.582,True,940.28,1,0,0,88.02,allow_initial_plan
costsim-03466,B7-lite,heavy_13b_4bit,Heavy 13B 4-bit VLM proxy,15500,4096,1344x1344,336x336,336x336,5,5,4,2,2,shared_budget_conditioned,3456,2142.72,310,96,18048.72,17.626,True,895.28,2,0,0,96.02,allow_initial_plan
costsim-03467,B7-lite,heavy_13b_4bit,Heavy 13B 4-bit VLM proxy,15500,4096,1344x1344,336x336,336x336,5,5,4,4,4,shared_budget_conditioned,3456,2142.72,400,180,18222.72,17.796,True,721.28,4,0,0,112.02,allow_initial_plan
costsim-03468,B7-lite,heavy_13b_4bit,Heavy 13B 4-bit VLM proxy,15500,4096,1344x1344,336x336,336x336,5,5,8,1,1,shared_budget_conditioned,3456,2142.72,265,96,18003.72,17.582,True,940.28,1,0,0,88.02,allow_initial_plan
costsim-03469,B7-lite,heavy_13b_4bit,Heavy 13B 4-bit VLM proxy,15500,4096,1344x1344,336x336,336x336,5,5,8,2,2,shared_budget_conditioned,3456,2142.72,310,96,18048.72,17.626,True,895.28,2,0,0,96.02,allow_initial_plan
costsim-03470,B7-lite,heavy_13b_4bit,Heavy 13B 4-bit VLM proxy,15500,4096,1344x1344,336x336,336x336,5,5,8,4,4,shared_budget_conditioned,3456,2142.72,400,180,18222.72,17.796,True,721.28,4,0,0,112.02,allow_initial_plan
costsim-03471,B7-lite,heavy_13b_4bit,Heavy 13B 4-bit VLM proxy,15500,4096,1344x1344,336x336,336x336,5,5,16,1,1,shared_budget_conditioned,3456,2142.72,265,96,18003.72,17.582,True,940.28,1,0,0,88.02,allow_initial_plan
costsim-03472,B7-lite,heavy_13b_4bit,Heavy 13B 4-bit VLM proxy,15500,4096,1344x1344,336x336,336x336,5,5,16,2,2,shared_budget_conditioned,3456,2142.72,310,96,18048.72,17.626,True,895.28,2,0,0,96.02,allow_initial_plan
costsim-03473,B7-lite,heavy_13b_4bit,Heavy 13B 4-bit VLM proxy,15500,4096,1344x1344,336x336,336x336,5,5,16,4,4,shared_budget_conditioned,3456,2142.72,400,180,18222.72,17.796,True,721.28,4,0,0,112.02,allow_initial_plan
costsim-03474,B7-lite,heavy_13b_4bit,Heavy 13B 4-bit VLM proxy,15500,4096,1344x1344,336x336,336x336,5,5,32,1,1,shared_budget_conditioned,3456,2142.72,265,96,18003.72,17.582,True,940.28,1,0,0,88.02,allow_initial_plan
costsim-03475,B7-lite,heavy_13b_4bit,Heavy 13B 4-bit VLM proxy,15500,4096,1344x1344,336x336,336x336,5,5,32,2,2,shared_budget_conditioned,3456,2142.72,310,96,18048.72,17.626,True,895.28,2,0,0,96.02,allow_initial_plan
costsim-03476,B7-lite,heavy_13b_4bit,Heavy 13B 4-bit VLM proxy,15500,4096,1344x1344,336x336,336x336,5,5,32,4,4,shared_budget_conditioned,3456,2142.72,400,180,18222.72,17.796,True,721.28,4,0,0,112.02,allow_initial_plan
costsim-03477,B7-lite,heavy_13b_4bit,Heavy 13B 4-bit VLM proxy,15500,4096,1344x1344,336x336,448x448,1,1,4,1,1,shared_budget_conditioned,1600,992.0,265,96,16853.0,16.458,True,2091.0,1,0,0,67.6,allow_initial_plan
costsim-03478,B7-lite,heavy_13b_4bit,Heavy 13B 4-bit VLM proxy,15500,4096,1344x1344,336x336,448x448,1,1,4,2,2,shared_budget_conditioned,1600,992.0,310,96,16898.0,16.502,True,2046.0,2,0,0,75.6,allow_initial_plan
costsim-03479,B7-lite,heavy_13b_4bit,Heavy 13B 4-bit VLM proxy,15500,4096,1344x1344,336x336,448x448,1,1,4,4,4,shared_budget_conditioned,1600,992.0,400,180,17072.0,16.672,True,1872.0,4,0,0,91.6,allow_initial_plan
costsim-03480,B7-lite,heavy_13b_4bit,Heavy 13B 4-bit VLM proxy,15500,4096,1344x1344,336x336,448x448,1,1,8,1,1,shared_budget_conditioned,1600,992.0,265,96,16853.0,16.458,True,2091.0,1,0,0,67.6,allow_initial_plan
costsim-03481,B7-lite,heavy_13b_4bit,Heavy 13B 4-bit VLM proxy,15500,4096,1344x1344,336x336,448x448,1,1,8,2,2,shared_budget_conditioned,1600,992.0,310,96,16898.0,16.502,True,2046.0,2,0,0,75.6,allow_initial_plan
costsim-03482,B7-lite,heavy_13b_4bit,Heavy 13B 4-bit VLM proxy,15500,4096,1344x1344,336x336,448x448,1,1,8,4,4,shared_budget_conditioned,1600,992.0,400,180,17072.0,16.672,True,1872.0,4,0,0,91.6,allow_initial_plan
costsim-03483,B7-lite,heavy_13b_4bit,Heavy 13B 4-bit VLM proxy,15500,4096,1344x1344,336x336,448x448,1,1,16,1,1,shared_budget_conditioned,1600,992.0,265,96,16853.0,16.458,True,2091.0,1,0,0,67.6,allow_initial_plan
costsim-03484,B7-lite,heavy_13b_4bit,Heavy 13B 4-bit VLM proxy,15500,4096,1344x1344,336x336,448x448,1,1,16,2,2,shared_budget_conditioned,1600,992.0,310,96,16898.0,16.502,True,2046.0,2,0,0,75.6,allow_initial_plan
costsim-03485,B7-lite,heavy_13b_4bit,Heavy 13B 4-bit VLM proxy,15500,4096,1344x1344,336x336,448x448,1,1,16,4,4,shared_budget_conditioned,1600,992.0,400,180,17072.0,16.672,True,1872.0,4,0,0,91.6,allow_initial_plan
costsim-03486,B7-lite,heavy_13b_4bit,Heavy 13B 4-bit VLM proxy,15500,4096,1344x1344,336x336,448x448,1,1,32,1,1,shared_budget_conditioned,1600,992.0,265,96,16853.0,16.458,True,2091.0,1,0,0,67.6,allow_initial_plan
costsim-03487,B7-lite,heavy_13b_4bit,Heavy 13B 4-bit VLM proxy,15500,4096,1344x1344,336x336,448x448,1,1,32,2,2,shared_budget_conditioned,1600,992.0,310,96,16898.0,16.502,True,2046.0,2,0,0,75.6,allow_initial_plan
costsim-03488,B7-lite,heavy_13b_4bit,Heavy 13B 4-bit VLM proxy,15500,4096,1344x1344,336x336,448x448,1,1,32,4,4,shared_budget_conditioned,1600,992.0,400,180,17072.0,16.672,True,1872.0,4,0,0,91.6,allow_initial_plan
costsim-03489,B7-lite,heavy_13b_4bit,Heavy 13B 4-bit VLM proxy,15500,4096,1344x1344,336x336,448x448,3,3,4,1,1,shared_budget_conditioned,3648,2261.76,265,96,18122.76,17.698,True,821.24,1,0,0,90.13,allow_initial_plan
costsim-03490,B7-lite,heavy_13b_4bit,Heavy 13B 4-bit VLM proxy,15500,4096,1344x1344,336x336,448x448,3,3,4,2,2,shared_budget_conditioned,3648,2261.76,310,96,18167.76,17.742,True,776.24,2,0,0,98.13,allow_initial_plan
costsim-03491,B7-lite,heavy_13b_4bit,Heavy 13B 4-bit VLM proxy,15500,4096,1344x1344,336x336,448x448,3,3,4,4,4,shared_budget_conditioned,3648,2261.76,400,180,18341.76,17.912,True,602.24,4,0,0,114.13,allow_initial_plan
costsim-03492,B7-lite,heavy_13b_4bit,Heavy 13B 4-bit VLM proxy,15500,4096,1344x1344,336x336,448x448,3,3,8,1,1,shared_budget_conditioned,3648,2261.76,265,96,18122.76,17.698,True,821.24,1,0,0,90.13,allow_initial_plan
costsim-03493,B7-lite,heavy_13b_4bit,Heavy 13B 4-bit VLM proxy,15500,4096,1344x1344,336x336,448x448,3,3,8,2,2,shared_budget_conditioned,3648,2261.76,310,96,18167.76,17.742,True,776.24,2,0,0,98.13,allow_initial_plan
costsim-03494,B7-lite,heavy_13b_4bit,Heavy 13B 4-bit VLM proxy,15500,4096,1344x1344,336x336,448x448,3,3,8,4,4,shared_budget_conditioned,3648,2261.76,400,180,18341.76,17.912,True,602.24,4,0,0,114.13,allow_initial_plan
costsim-03495,B7-lite,heavy_13b_4bit,Heavy 13B 4-bit VLM proxy,15500,4096,1344x1344,336x336,448x448,3,3,16,1,1,shared_budget_conditioned,3648,2261.76,265,96,18122.76,17.698,True,821.24,1,0,0,90.13,allow_initial_plan
costsim-03496,B7-lite,heavy_13b_4bit,Heavy 13B 4-bit VLM proxy,15500,4096,1344x1344,336x336,448x448,3,3,16,2,2,shared_budget_conditioned,3648,2261.76,310,96,18167.76,17.742,True,776.24,2,0,0,98.13,allow_initial_plan
costsim-03497,B7-lite,heavy_13b_4bit,Heavy 13B 4-bit VLM proxy,15500,4096,1344x1344,336x336,448x448,3,3,16,4,4,shared_budget_conditioned,3648,2261.76,400,180,18341.76,17.912,True,602.24,4,0,0,114.13,allow_initial_plan
costsim-03498,B7-lite,heavy_13b_4bit,Heavy 13B 4-bit VLM proxy,15500,4096,1344x1344,336x336,448x448,3,3,32,1,1,shared_budget_conditioned,3648,2261.76,265,96,18122.76,17.698,True,821.24,1,0,0,90.13,allow_initial_plan
costsim-03499,B7-lite,heavy_13b_4bit,Heavy 13B 4-bit VLM proxy,15500,4096,1344x1344,336x336,448x448,3,3,32,2,2,shared_budget_conditioned,3648,2261.76,310,96,18167.76,17.742,True,776.24,2,0,0,98.13,allow_initial_plan
costsim-03500,B7-lite,heavy_13b_4bit,Heavy 13B 4-bit VLM proxy,15500,4096,1344x1344,336x336,448x448,3,3,32,4,4,shared_budget_conditioned,3648,2261.76,400,180,18341.76,17.912,True,602.24,4,0,0,114.13,allow_initial_plan
costsim-03501,B7-lite,heavy_13b_4bit,Heavy 13B 4-bit VLM proxy,15500,4096,1344x1344,336x336,448x448,5,4,4,1,1,shared_budget_conditioned,4672,2896.64,265,96,18757.64,18.318,True,186.36,1,0,0,101.39,reduce_roi_count
costsim-03502,B7-lite,heavy_13b_4bit,Heavy 13B 4-bit VLM proxy,15500,4096,1344x1344,336x336,448x448,5,4,4,2,1,shared_budget_conditioned,4672,2896.64,265,96,18757.64,18.318,True,186.36,1,1,0,105.39,reduce_top_k > reduce_roi_count
costsim-03503,B7-lite,heavy_13b_4bit,Heavy 13B 4-bit VLM proxy,15500,4096,1344x1344,336x336,448x448,5,4,4,4,1,shared_budget_conditioned,4672,2896.64,265,96,18757.64,18.318,True,186.36,1,3,0,113.39,reduce_top_k > reduce_top_k > reduce_top_k > reduce_roi_count
costsim-03504,B7-lite,heavy_13b_4bit,Heavy 13B 4-bit VLM proxy,15500,4096,1344x1344,336x336,448x448,5,4,8,1,1,shared_budget_conditioned,4672,2896.64,265,96,18757.64,18.318,True,186.36,1,0,0,101.39,reduce_roi_count
costsim-03505,B7-lite,heavy_13b_4bit,Heavy 13B 4-bit VLM proxy,15500,4096,1344x1344,336x336,448x448,5,4,8,2,1,shared_budget_conditioned,4672,2896.64,265,96,18757.64,18.318,True,186.36,1,1,0,105.39,reduce_top_k > reduce_roi_count
costsim-03506,B7-lite,heavy_13b_4bit,Heavy 13B 4-bit VLM proxy,15500,4096,1344x1344,336x336,448x448,5,4,8,4,1,shared_budget_conditioned,4672,2896.64,265,96,18757.64,18.318,True,186.36,1,3,0,113.39,reduce_top_k > reduce_top_k > reduce_top_k > reduce_roi_count
costsim-03507,B7-lite,heavy_13b_4bit,Heavy 13B 4-bit VLM proxy,15500,4096,1344x1344,336x336,448x448,5,4,16,1,1,shared_budget_conditioned,4672,2896.64,265,96,18757.64,18.318,True,186.36,1,0,0,101.39,reduce_roi_count
costsim-03508,B7-lite,heavy_13b_4bit,Heavy 13B 4-bit VLM proxy,15500,4096,1344x1344,336x336,448x448,5,4,16,2,1,shared_budget_conditioned,4672,2896.64,265,96,18757.64,18.318,True,186.36,1,1,0,105.39,reduce_top_k > reduce_roi_count
costsim-03509,B7-lite,heavy_13b_4bit,Heavy 13B 4-bit VLM proxy,15500,4096,1344x1344,336x336,448x448,5,4,16,4,1,shared_budget_conditioned,4672,2896.64,265,96,18757.64,18.318,True,186.36,1,3,0,113.39,reduce_top_k > reduce_top_k > reduce_top_k > reduce_roi_count
costsim-03510,B7-lite,heavy_13b_4bit,Heavy 13B 4-bit VLM proxy,15500,4096,1344x1344,336x336,448x448,5,4,32,1,1,shared_budget_conditioned,4672,2896.64,265,96,18757.64,18.318,True,186.36,1,0,0,101.39,reduce_roi_count
costsim-03511,B7-lite,heavy_13b_4bit,Heavy 13B 4-bit VLM proxy,15500,4096,1344x1344,336x336,448x448,5,4,32,2,1,shared_budget_conditioned,4672,2896.64,265,96,18757.64,18.318,True,186.36,1,1,0,105.39,reduce_top_k > reduce_roi_count
costsim-03512,B7-lite,heavy_13b_4bit,Heavy 13B 4-bit VLM proxy,15500,4096,1344x1344,336x336,448x448,5,4,32,4,1,shared_budget_conditioned,4672,2896.64,265,96,18757.64,18.318,True,186.36,1,3,0,113.39,reduce_top_k > reduce_top_k > reduce_top_k > reduce_roi_count
costsim-03513,B7-lite,heavy_13b_4bit,Heavy 13B 4-bit VLM proxy,15500,4096,1344x1344,448x448,336x336,1,1,4,1,1,shared_budget_conditioned,1600,992.0,265,96,16853.0,16.458,True,2091.0,1,0,0,67.6,allow_initial_plan
costsim-03514,B7-lite,heavy_13b_4bit,Heavy 13B 4-bit VLM proxy,15500,4096,1344x1344,448x448,336x336,1,1,4,2,2,shared_budget_conditioned,1600,992.0,310,96,16898.0,16.502,True,2046.0,2,0,0,75.6,allow_initial_plan
costsim-03515,B7-lite,heavy_13b_4bit,Heavy 13B 4-bit VLM proxy,15500,4096,1344x1344,448x448,336x336,1,1,4,4,4,shared_budget_conditioned,1600,992.0,400,180,17072.0,16.672,True,1872.0,4,0,0,91.6,allow_initial_plan
costsim-03516,B7-lite,heavy_13b_4bit,Heavy 13B 4-bit VLM proxy,15500,4096,1344x1344,448x448,336x336,1,1,8,1,1,shared_budget_conditioned,1600,992.0,265,96,16853.0,16.458,True,2091.0,1,0,0,67.6,allow_initial_plan
costsim-03517,B7-lite,heavy_13b_4bit,Heavy 13B 4-bit VLM proxy,15500,4096,1344x1344,448x448,336x336,1,1,8,2,2,shared_budget_conditioned,1600,992.0,310,96,16898.0,16.502,True,2046.0,2,0,0,75.6,allow_initial_plan
costsim-03518,B7-lite,heavy_13b_4bit,Heavy 13B 4-bit VLM proxy,15500,4096,1344x1344,448x448,336x336,1,1,8,4,4,shared_budget_conditioned,1600,992.0,400,180,17072.0,16.672,True,1872.0,4,0,0,91.6,allow_initial_plan
costsim-03519,B7-lite,heavy_13b_4bit,Heavy 13B 4-bit VLM proxy,15500,4096,1344x1344,448x448,336x336,1,1,16,1,1,shared_budget_conditioned,1600,992.0,265,96,16853.0,16.458,True,2091.0,1,0,0,67.6,allow_initial_plan
costsim-03520,B7-lite,heavy_13b_4bit,Heavy 13B 4-bit VLM proxy,15500,4096,1344x1344,448x448,336x336,1,1,16,2,2,shared_budget_conditioned,1600,992.0,310,96,16898.0,16.502,True,2046.0,2,0,0,75.6,allow_initial_plan
costsim-03521,B7-lite,heavy_13b_4bit,Heavy 13B 4-bit VLM proxy,15500,4096,1344x1344,448x448,336x336,1,1,16,4,4,shared_budget_conditioned,1600,992.0,400,180,17072.0,16.672,True,1872.0,4,0,0,91.6,allow_initial_plan
costsim-03522,B7-lite,heavy_13b_4bit,Heavy 13B 4-bit VLM proxy,15500,4096,1344x1344,448x448,336x336,1,1,32,1,1,shared_budget_conditioned,1600,992.0,265,96,16853.0,16.458,True,2091.0,1,0,0,67.6,allow_initial_plan
costsim-03523,B7-lite,heavy_13b_4bit,Heavy 13B 4-bit VLM proxy,15500,4096,1344x1344,448x448,336x336,1,1,32,2,2,shared_budget_conditioned,1600,992.0,310,96,16898.0,16.502,True,2046.0,2,0,0,75.6,allow_initial_plan
costsim-03524,B7-lite,heavy_13b_4bit,Heavy 13B 4-bit VLM proxy,15500,4096,1344x1344,448x448,336x336,1,1,32,4,4,shared_budget_conditioned,1600,992.0,400,180,17072.0,16.672,True,1872.0,4,0,0,91.6,allow_initial_plan
costsim-03525,B7-lite,heavy_13b_4bit,Heavy 13B 4-bit VLM proxy,15500,4096,1344x1344,448x448,336x336,3,3,4,1,1,shared_budget_conditioned,2752,1706.24,265,96,17567.24,17.156,True,1376.76,1,0,0,80.27,allow_initial_plan
costsim-03526,B7-lite,heavy_13b_4bit,Heavy 13B 4-bit VLM proxy,15500,4096,1344x1344,448x448,336x336,3,3,4,2,2,shared_budget_conditioned,2752,1706.24,310,96,17612.24,17.199,True,1331.76,2,0,0,88.27,allow_initial_plan
costsim-03527,B7-lite,heavy_13b_4bit,Heavy 13B 4-bit VLM proxy,15500,4096,1344x1344,448x448,336x336,3,3,4,4,4,shared_budget_conditioned,2752,1706.24,400,180,17786.24,17.369,True,1157.76,4,0,0,104.27,allow_initial_plan
costsim-03528,B7-lite,heavy_13b_4bit,Heavy 13B 4-bit VLM proxy,15500,4096,1344x1344,448x448,336x336,3,3,8,1,1,shared_budget_conditioned,2752,1706.24,265,96,17567.24,17.156,True,1376.76,1,0,0,80.27,allow_initial_plan
costsim-03529,B7-lite,heavy_13b_4bit,Heavy 13B 4-bit VLM proxy,15500,4096,1344x1344,448x448,336x336,3,3,8,2,2,shared_budget_conditioned,2752,1706.24,310,96,17612.24,17.199,True,1331.76,2,0,0,88.27,allow_initial_plan
costsim-03530,B7-lite,heavy_13b_4bit,Heavy 13B 4-bit VLM proxy,15500,4096,1344x1344,448x448,336x336,3,3,8,4,4,shared_budget_conditioned,2752,1706.24,400,180,17786.24,17.369,True,1157.76,4,0,0,104.27,allow_initial_plan
costsim-03531,B7-lite,heavy_13b_4bit,Heavy 13B 4-bit VLM proxy,15500,4096,1344x1344,448x448,336x336,3,3,16,1,1,shared_budget_conditioned,2752,1706.24,265,96,17567.24,17.156,True,1376.76,1,0,0,80.27,allow_initial_plan
costsim-03532,B7-lite,heavy_13b_4bit,Heavy 13B 4-bit VLM proxy,15500,4096,1344x1344,448x448,336x336,3,3,16,2,2,shared_budget_conditioned,2752,1706.24,310,96,17612.24,17.199,True,1331.76,2,0,0,88.27,allow_initial_plan
costsim-03533,B7-lite,heavy_13b_4bit,Heavy 13B 4-bit VLM proxy,15500,4096,1344x1344,448x448,336x336,3,3,16,4,4,shared_budget_conditioned,2752,1706.24,400,180,17786.24,17.369,True,1157.76,4,0,0,104.27,allow_initial_plan
costsim-03534,B7-lite,heavy_13b_4bit,Heavy 13B 4-bit VLM proxy,15500,4096,1344x1344,448x448,336x336,3,3,32,1,1,shared_budget_conditioned,2752,1706.24,265,96,17567.24,17.156,True,1376.76,1,0,0,80.27,allow_initial_plan
costsim-03535,B7-lite,heavy_13b_4bit,Heavy 13B 4-bit VLM proxy,15500,4096,1344x1344,448x448,336x336,3,3,32,2,2,shared_budget_conditioned,2752,1706.24,310,96,17612.24,17.199,True,1331.76,2,0,0,88.27,allow_initial_plan
costsim-03536,B7-lite,heavy_13b_4bit,Heavy 13B 4-bit VLM proxy,15500,4096,1344x1344,448x448,336x336,3,3,32,4,4,shared_budget_conditioned,2752,1706.24,400,180,17786.24,17.369,True,1157.76,4,0,0,104.27,allow_initial_plan
costsim-03537,B7-lite,heavy_13b_4bit,Heavy 13B 4-bit VLM proxy,15500,4096,1344x1344,448x448,336x336,5,5,4,1,1,shared_budget_conditioned,3904,2420.48,265,96,18281.48,17.853,True,662.52,1,0,0,92.94,allow_initial_plan
costsim-03538,B7-lite,heavy_13b_4bit,Heavy 13B 4-bit VLM proxy,15500,4096,1344x1344,448x448,336x336,5,5,4,2,2,shared_budget_conditioned,3904,2420.48,310,96,18326.48,17.897,True,617.52,2,0,0,100.94,allow_initial_plan
costsim-03539,B7-lite,heavy_13b_4bit,Heavy 13B 4-bit VLM proxy,15500,4096,1344x1344,448x448,336x336,5,5,4,4,4,shared_budget_conditioned,3904,2420.48,400,180,18500.48,18.067,True,443.52,4,0,0,116.94,allow_initial_plan
costsim-03540,B7-lite,heavy_13b_4bit,Heavy 13B 4-bit VLM proxy,15500,4096,1344x1344,448x448,336x336,5,5,8,1,1,shared_budget_conditioned,3904,2420.48,265,96,18281.48,17.853,True,662.52,1,0,0,92.94,allow_initial_plan
costsim-03541,B7-lite,heavy_13b_4bit,Heavy 13B 4-bit VLM proxy,15500,4096,1344x1344,448x448,336x336,5,5,8,2,2,shared_budget_conditioned,3904,2420.48,310,96,18326.48,17.897,True,617.52,2,0,0,100.94,allow_initial_plan
costsim-03542,B7-lite,heavy_13b_4bit,Heavy 13B 4-bit VLM proxy,15500,4096,1344x1344,448x448,336x336,5,5,8,4,4,shared_budget_conditioned,3904,2420.48,400,180,18500.48,18.067,True,443.52,4,0,0,116.94,allow_initial_plan
costsim-03543,B7-lite,heavy_13b_4bit,Heavy 13B 4-bit VLM proxy,15500,4096,1344x1344,448x448,336x336,5,5,16,1,1,shared_budget_conditioned,3904,2420.48,265,96,18281.48,17.853,True,662.52,1,0,0,92.94,allow_initial_plan
costsim-03544,B7-lite,heavy_13b_4bit,Heavy 13B 4-bit VLM proxy,15500,4096,1344x1344,448x448,336x336,5,5,16,2,2,shared_budget_conditioned,3904,2420.48,310,96,18326.48,17.897,True,617.52,2,0,0,100.94,allow_initial_plan
costsim-03545,B7-lite,heavy_13b_4bit,Heavy 13B 4-bit VLM proxy,15500,4096,1344x1344,448x448,336x336,5,5,16,4,4,shared_budget_conditioned,3904,2420.48,400,180,18500.48,18.067,True,443.52,4,0,0,116.94,allow_initial_plan
costsim-03546,B7-lite,heavy_13b_4bit,Heavy 13B 4-bit VLM proxy,15500,4096,1344x1344,448x448,336x336,5,5,32,1,1,shared_budget_conditioned,3904,2420.48,265,96,18281.48,17.853,True,662.52,1,0,0,92.94,allow_initial_plan
costsim-03547,B7-lite,heavy_13b_4bit,Heavy 13B 4-bit VLM proxy,15500,4096,1344x1344,448x448,336x336,5,5,32,2,2,shared_budget_conditioned,3904,2420.48,310,96,18326.48,17.897,True,617.52,2,0,0,100.94,allow_initial_plan
costsim-03548,B7-lite,heavy_13b_4bit,Heavy 13B 4-bit VLM proxy,15500,4096,1344x1344,448x448,336x336,5,5,32,4,4,shared_budget_conditioned,3904,2420.48,400,180,18500.48,18.067,True,443.52,4,0,0,116.94,allow_initial_plan
costsim-03549,B7-lite,heavy_13b_4bit,Heavy 13B 4-bit VLM proxy,15500,4096,1344x1344,448x448,448x448,1,1,4,1,1,shared_budget_conditioned,2048,1269.76,265,96,17130.76,16.729,True,1813.24,1,0,0,72.53,allow_initial_plan
costsim-03550,B7-lite,heavy_13b_4bit,Heavy 13B 4-bit VLM proxy,15500,4096,1344x1344,448x448,448x448,1,1,4,2,2,shared_budget_conditioned,2048,1269.76,310,96,17175.76,16.773,True,1768.24,2,0,0,80.53,allow_initial_plan
costsim-03551,B7-lite,heavy_13b_4bit,Heavy 13B 4-bit VLM proxy,15500,4096,1344x1344,448x448,448x448,1,1,4,4,4,shared_budget_conditioned,2048,1269.76,400,180,17349.76,16.943,True,1594.24,4,0,0,96.53,allow_initial_plan
costsim-03552,B7-lite,heavy_13b_4bit,Heavy 13B 4-bit VLM proxy,15500,4096,1344x1344,448x448,448x448,1,1,8,1,1,shared_budget_conditioned,2048,1269.76,265,96,17130.76,16.729,True,1813.24,1,0,0,72.53,allow_initial_plan
costsim-03553,B7-lite,heavy_13b_4bit,Heavy 13B 4-bit VLM proxy,15500,4096,1344x1344,448x448,448x448,1,1,8,2,2,shared_budget_conditioned,2048,1269.76,310,96,17175.76,16.773,True,1768.24,2,0,0,80.53,allow_initial_plan
costsim-03554,B7-lite,heavy_13b_4bit,Heavy 13B 4-bit VLM proxy,15500,4096,1344x1344,448x448,448x448,1,1,8,4,4,shared_budget_conditioned,2048,1269.76,400,180,17349.76,16.943,True,1594.24,4,0,0,96.53,allow_initial_plan
costsim-03555,B7-lite,heavy_13b_4bit,Heavy 13B 4-bit VLM proxy,15500,4096,1344x1344,448x448,448x448,1,1,16,1,1,shared_budget_conditioned,2048,1269.76,265,96,17130.76,16.729,True,1813.24,1,0,0,72.53,allow_initial_plan
costsim-03556,B7-lite,heavy_13b_4bit,Heavy 13B 4-bit VLM proxy,15500,4096,1344x1344,448x448,448x448,1,1,16,2,2,shared_budget_conditioned,2048,1269.76,310,96,17175.76,16.773,True,1768.24,2,0,0,80.53,allow_initial_plan
costsim-03557,B7-lite,heavy_13b_4bit,Heavy 13B 4-bit VLM proxy,15500,4096,1344x1344,448x448,448x448,1,1,16,4,4,shared_budget_conditioned,2048,1269.76,400,180,17349.76,16.943,True,1594.24,4,0,0,96.53,allow_initial_plan
costsim-03558,B7-lite,heavy_13b_4bit,Heavy 13B 4-bit VLM proxy,15500,4096,1344x1344,448x448,448x448,1,1,32,1,1,shared_budget_conditioned,2048,1269.76,265,96,17130.76,16.729,True,1813.24,1,0,0,72.53,allow_initial_plan
costsim-03559,B7-lite,heavy_13b_4bit,Heavy 13B 4-bit VLM proxy,15500,4096,1344x1344,448x448,448x448,1,1,32,2,2,shared_budget_conditioned,2048,1269.76,310,96,17175.76,16.773,True,1768.24,2,0,0,80.53,allow_initial_plan
costsim-03560,B7-lite,heavy_13b_4bit,Heavy 13B 4-bit VLM proxy,15500,4096,1344x1344,448x448,448x448,1,1,32,4,4,shared_budget_conditioned,2048,1269.76,400,180,17349.76,16.943,True,1594.24,4,0,0,96.53,allow_initial_plan
costsim-03561,B7-lite,heavy_13b_4bit,Heavy 13B 4-bit VLM proxy,15500,4096,1344x1344,448x448,448x448,3,3,4,1,1,shared_budget_conditioned,4096,2539.52,265,96,18400.52,17.969,True,543.48,1,0,0,95.06,allow_initial_plan
costsim-03562,B7-lite,heavy_13b_4bit,Heavy 13B 4-bit VLM proxy,15500,4096,1344x1344,448x448,448x448,3,3,4,2,2,shared_budget_conditioned,4096,2539.52,310,96,18445.52,18.013,True,498.48,2,0,0,103.06,allow_initial_plan
costsim-03563,B7-lite,heavy_13b_4bit,Heavy 13B 4-bit VLM proxy,15500,4096,1344x1344,448x448,448x448,3,3,4,4,4,shared_budget_conditioned,4096,2539.52,400,180,18619.52,18.183,True,324.48,4,0,0,119.06,allow_initial_plan
costsim-03564,B7-lite,heavy_13b_4bit,Heavy 13B 4-bit VLM proxy,15500,4096,1344x1344,448x448,448x448,3,3,8,1,1,shared_budget_conditioned,4096,2539.52,265,96,18400.52,17.969,True,543.48,1,0,0,95.06,allow_initial_plan
costsim-03565,B7-lite,heavy_13b_4bit,Heavy 13B 4-bit VLM proxy,15500,4096,1344x1344,448x448,448x448,3,3,8,2,2,shared_budget_conditioned,4096,2539.52,310,96,18445.52,18.013,True,498.48,2,0,0,103.06,allow_initial_plan
costsim-03566,B7-lite,heavy_13b_4bit,Heavy 13B 4-bit VLM proxy,15500,4096,1344x1344,448x448,448x448,3,3,8,4,4,shared_budget_conditioned,4096,2539.52,400,180,18619.52,18.183,True,324.48,4,0,0,119.06,allow_initial_plan
costsim-03567,B7-lite,heavy_13b_4bit,Heavy 13B 4-bit VLM proxy,15500,4096,1344x1344,448x448,448x448,3,3,16,1,1,shared_budget_conditioned,4096,2539.52,265,96,18400.52,17.969,True,543.48,1,0,0,95.06,allow_initial_plan
costsim-03568,B7-lite,heavy_13b_4bit,Heavy 13B 4-bit VLM proxy,15500,4096,1344x1344,448x448,448x448,3,3,16,2,2,shared_budget_conditioned,4096,2539.52,310,96,18445.52,18.013,True,498.48,2,0,0,103.06,allow_initial_plan
costsim-03569,B7-lite,heavy_13b_4bit,Heavy 13B 4-bit VLM proxy,15500,4096,1344x1344,448x448,448x448,3,3,16,4,4,shared_budget_conditioned,4096,2539.52,400,180,18619.52,18.183,True,324.48,4,0,0,119.06,allow_initial_plan
costsim-03570,B7-lite,heavy_13b_4bit,Heavy 13B 4-bit VLM proxy,15500,4096,1344x1344,448x448,448x448,3,3,32,1,1,shared_budget_conditioned,4096,2539.52,265,96,18400.52,17.969,True,543.48,1,0,0,95.06,allow_initial_plan
costsim-03571,B7-lite,heavy_13b_4bit,Heavy 13B 4-bit VLM proxy,15500,4096,1344x1344,448x448,448x448,3,3,32,2,2,shared_budget_conditioned,4096,2539.52,310,96,18445.52,18.013,True,498.48,2,0,0,103.06,allow_initial_plan
costsim-03572,B7-lite,heavy_13b_4bit,Heavy 13B 4-bit VLM proxy,15500,4096,1344x1344,448x448,448x448,3,3,32,4,4,shared_budget_conditioned,4096,2539.52,400,180,18619.52,18.183,True,324.48,4,0,0,119.06,allow_initial_plan
costsim-03573,B7-lite,heavy_13b_4bit,Heavy 13B 4-bit VLM proxy,15500,4096,1344x1344,448x448,448x448,5,3,4,1,1,shared_budget_conditioned,4096,2539.52,265,96,18400.52,17.969,True,543.48,1,0,0,95.06,reduce_roi_count > reduce_roi_count
costsim-03574,B7-lite,heavy_13b_4bit,Heavy 13B 4-bit VLM proxy,15500,4096,1344x1344,448x448,448x448,5,3,4,2,1,shared_budget_conditioned,4096,2539.52,265,96,18400.52,17.969,True,543.48,1,1,0,99.06,reduce_top_k > reduce_roi_count > reduce_roi_count
costsim-03575,B7-lite,heavy_13b_4bit,Heavy 13B 4-bit VLM proxy,15500,4096,1344x1344,448x448,448x448,5,3,4,4,1,shared_budget_conditioned,4096,2539.52,265,96,18400.52,17.969,True,543.48,1,3,0,107.06,reduce_top_k > reduce_top_k > reduce_top_k > reduce_roi_count > reduce_roi_count
costsim-03576,B7-lite,heavy_13b_4bit,Heavy 13B 4-bit VLM proxy,15500,4096,1344x1344,448x448,448x448,5,3,8,1,1,shared_budget_conditioned,4096,2539.52,265,96,18400.52,17.969,True,543.48,1,0,0,95.06,reduce_roi_count > reduce_roi_count
costsim-03577,B7-lite,heavy_13b_4bit,Heavy 13B 4-bit VLM proxy,15500,4096,1344x1344,448x448,448x448,5,3,8,2,1,shared_budget_conditioned,4096,2539.52,265,96,18400.52,17.969,True,543.48,1,1,0,99.06,reduce_top_k > reduce_roi_count > reduce_roi_count
costsim-03578,B7-lite,heavy_13b_4bit,Heavy 13B 4-bit VLM proxy,15500,4096,1344x1344,448x448,448x448,5,3,8,4,1,shared_budget_conditioned,4096,2539.52,265,96,18400.52,17.969,True,543.48,1,3,0,107.06,reduce_top_k > reduce_top_k > reduce_top_k > reduce_roi_count > reduce_roi_count
costsim-03579,B7-lite,heavy_13b_4bit,Heavy 13B 4-bit VLM proxy,15500,4096,1344x1344,448x448,448x448,5,3,16,1,1,shared_budget_conditioned,4096,2539.52,265,96,18400.52,17.969,True,543.48,1,0,0,95.06,reduce_roi_count > reduce_roi_count
costsim-03580,B7-lite,heavy_13b_4bit,Heavy 13B 4-bit VLM proxy,15500,4096,1344x1344,448x448,448x448,5,3,16,2,1,shared_budget_conditioned,4096,2539.52,265,96,18400.52,17.969,True,543.48,1,1,0,99.06,reduce_top_k > reduce_roi_count > reduce_roi_count
costsim-03581,B7-lite,heavy_13b_4bit,Heavy 13B 4-bit VLM proxy,15500,4096,1344x1344,448x448,448x448,5,3,16,4,1,shared_budget_conditioned,4096,2539.52,265,96,18400.52,17.969,True,543.48,1,3,0,107.06,reduce_top_k > reduce_top_k > reduce_top_k > reduce_roi_count > reduce_roi_count
costsim-03582,B7-lite,heavy_13b_4bit,Heavy 13B 4-bit VLM proxy,15500,4096,1344x1344,448x448,448x448,5,3,32,1,1,shared_budget_conditioned,4096,2539.52,265,96,18400.52,17.969,True,543.48,1,0,0,95.06,reduce_roi_count > reduce_roi_count
costsim-03583,B7-lite,heavy_13b_4bit,Heavy 13B 4-bit VLM proxy,15500,4096,1344x1344,448x448,448x448,5,3,32,2,1,shared_budget_conditioned,4096,2539.52,265,96,18400.52,17.969,True,543.48,1,1,0,99.06,reduce_top_k > reduce_roi_count > reduce_roi_count
costsim-03584,B7-lite,heavy_13b_4bit,Heavy 13B 4-bit VLM proxy,15500,4096,1344x1344,448x448,448x448,5,3,32,4,1,shared_budget_conditioned,4096,2539.52,265,96,18400.52,17.969,True,543.48,1,3,0,107.06,reduce_top_k > reduce_top_k > reduce_top_k > reduce_roi_count > reduce_roi_count
costsim-03585,B0,heavy_13b_4bit,Heavy 13B 4-bit VLM proxy,15500,6144,1344x1344,336x336,336x336,0,0,0,0,0,none,576,357.12,0.0,0.0,15857.12,15.485,True,1038.88,0,0,0,48.34,n/a
costsim-03586,B0,heavy_13b_4bit,Heavy 13B 4-bit VLM proxy,15500,6144,1344x1344,448x448,336x336,0,0,0,0,0,none,1024,634.88,0.0,0.0,16134.88,15.757,True,761.12,0,0,0,53.26,n/a
costsim-03587,B1,heavy_13b_4bit,Heavy 13B 4-bit VLM proxy,15500,6144,1024x1024,336x336,336x336,0,0,0,0,0,none,5476,3395.12,0.0,0.0,18895.12,18.452,False,-1999.12,0,0,0,102.24,n/a
costsim-03588,B1,heavy_13b_4bit,Heavy 13B 4-bit VLM proxy,15500,6144,1344x1344,336x336,336x336,0,0,0,0,0,none,9216,5713.92,0.0,0.0,21213.92,20.717,False,-4317.92,0,0,0,143.38,n/a
costsim-03589,B2,heavy_13b_4bit,Heavy 13B 4-bit VLM proxy,15500,6144,1344x1344,336x336,336x336,1,1,0,0,0,none,1152,714.24,0.0,0.0,16214.24,15.834,True,681.76,0,0,0,54.67,n/a
costsim-03590,B2,heavy_13b_4bit,Heavy 13B 4-bit VLM proxy,15500,6144,1344x1344,336x336,336x336,3,3,0,0,0,none,2304,1428.48,0.0,0.0,16928.48,16.532,False,-32.48,0,0,0,67.34,n/a
costsim-03591,B2,heavy_13b_4bit,Heavy 13B 4-bit VLM proxy,15500,6144,1344x1344,336x336,336x336,5,5,0,0,0,none,3456,2142.72,0.0,0.0,17642.72,17.229,False,-746.72,0,0,0,80.02,n/a
costsim-03592,B2,heavy_13b_4bit,Heavy 13B 4-bit VLM proxy,15500,6144,1344x1344,336x336,448x448,1,1,0,0,0,none,1600,992.0,0.0,0.0,16492.0,16.105,True,404.0,0,0,0,59.6,n/a
costsim-03593,B2,heavy_13b_4bit,Heavy 13B 4-bit VLM proxy,15500,6144,1344x1344,336x336,448x448,3,3,0,0,0,none,3648,2261.76,0.0,0.0,17761.76,17.345,False,-865.76,0,0,0,82.13,n/a
costsim-03594,B2,heavy_13b_4bit,Heavy 13B 4-bit VLM proxy,15500,6144,1344x1344,336x336,448x448,5,5,0,0,0,none,5696,3531.52,0.0,0.0,19031.52,18.585,False,-2135.52,0,0,0,104.66,n/a
costsim-03595,B2,heavy_13b_4bit,Heavy 13B 4-bit VLM proxy,15500,6144,1344x1344,448x448,336x336,1,1,0,0,0,none,1600,992.0,0.0,0.0,16492.0,16.105,True,404.0,0,0,0,59.6,n/a
costsim-03596,B2,heavy_13b_4bit,Heavy 13B 4-bit VLM proxy,15500,6144,1344x1344,448x448,336x336,3,3,0,0,0,none,2752,1706.24,0.0,0.0,17206.24,16.803,False,-310.24,0,0,0,72.27,n/a
costsim-03597,B2,heavy_13b_4bit,Heavy 13B 4-bit VLM proxy,15500,6144,1344x1344,448x448,336x336,5,5,0,0,0,none,3904,2420.48,0.0,0.0,17920.48,17.5,False,-1024.48,0,0,0,84.94,n/a
costsim-03598,B2,heavy_13b_4bit,Heavy 13B 4-bit VLM proxy,15500,6144,1344x1344,448x448,448x448,1,1,0,0,0,none,2048,1269.76,0.0,0.0,16769.76,16.377,True,126.24,0,0,0,64.53,n/a
costsim-03599,B2,heavy_13b_4bit,Heavy 13B 4-bit VLM proxy,15500,6144,1344x1344,448x448,448x448,3,3,0,0,0,none,4096,2539.52,0.0,0.0,18039.52,17.617,False,-1143.52,0,0,0,87.06,n/a
costsim-03600,B2,heavy_13b_4bit,Heavy 13B 4-bit VLM proxy,15500,6144,1344x1344,448x448,448x448,5,5,0,0,0,none,6144,3809.28,0.0,0.0,19309.28,18.857,False,-2413.28,0,0,0,109.58,n/a
costsim-03601,B4-lite,heavy_13b_4bit,Heavy 13B 4-bit VLM proxy,15500,6144,1344x1344,336x336,336x336,1,1,4,1,1,independent_all_resident,1152,714.24,720,96,17030.24,16.631,False,-134.24,1,0,0,72.67,n/a
costsim-03602,B4-lite,heavy_13b_4bit,Heavy 13B 4-bit VLM proxy,15500,6144,1344x1344,336x336,336x336,1,1,4,2,2,independent_all_resident,1152,714.24,720,96,17030.24,16.631,False,-134.24,2,0,0,90.67,n/a
costsim-03603,B4-lite,heavy_13b_4bit,Heavy 13B 4-bit VLM proxy,15500,6144,1344x1344,336x336,336x336,1,1,4,4,4,independent_all_resident,1152,714.24,720,96,17030.24,16.631,False,-134.24,4,0,0,126.67,n/a
costsim-03604,B4-lite,heavy_13b_4bit,Heavy 13B 4-bit VLM proxy,15500,6144,1344x1344,336x336,336x336,1,1,8,1,1,independent_all_resident,1152,714.24,1440,96,17750.24,17.334,False,-854.24,1,0,0,72.67,n/a
costsim-03605,B4-lite,heavy_13b_4bit,Heavy 13B 4-bit VLM proxy,15500,6144,1344x1344,336x336,336x336,1,1,8,2,2,independent_all_resident,1152,714.24,1440,96,17750.24,17.334,False,-854.24,2,0,0,90.67,n/a
costsim-03606,B4-lite,heavy_13b_4bit,Heavy 13B 4-bit VLM proxy,15500,6144,1344x1344,336x336,336x336,1,1,8,4,4,independent_all_resident,1152,714.24,1440,96,17750.24,17.334,False,-854.24,4,0,0,126.67,n/a
costsim-03607,B4-lite,heavy_13b_4bit,Heavy 13B 4-bit VLM proxy,15500,6144,1344x1344,336x336,336x336,1,1,16,1,1,independent_all_resident,1152,714.24,2880,96,19190.24,18.74,False,-2294.24,1,0,0,72.67,n/a
costsim-03608,B4-lite,heavy_13b_4bit,Heavy 13B 4-bit VLM proxy,15500,6144,1344x1344,336x336,336x336,1,1,16,2,2,independent_all_resident,1152,714.24,2880,96,19190.24,18.74,False,-2294.24,2,0,0,90.67,n/a
costsim-03609,B4-lite,heavy_13b_4bit,Heavy 13B 4-bit VLM proxy,15500,6144,1344x1344,336x336,336x336,1,1,16,4,4,independent_all_resident,1152,714.24,2880,96,19190.24,18.74,False,-2294.24,4,0,0,126.67,n/a
costsim-03610,B4-lite,heavy_13b_4bit,Heavy 13B 4-bit VLM proxy,15500,6144,1344x1344,336x336,336x336,1,1,32,1,1,independent_all_resident,1152,714.24,5760,96,22070.24,21.553,False,-5174.24,1,0,0,72.67,n/a
costsim-03611,B4-lite,heavy_13b_4bit,Heavy 13B 4-bit VLM proxy,15500,6144,1344x1344,336x336,336x336,1,1,32,2,2,independent_all_resident,1152,714.24,5760,96,22070.24,21.553,False,-5174.24,2,0,0,90.67,n/a
costsim-03612,B4-lite,heavy_13b_4bit,Heavy 13B 4-bit VLM proxy,15500,6144,1344x1344,336x336,336x336,1,1,32,4,4,independent_all_resident,1152,714.24,5760,96,22070.24,21.553,False,-5174.24,4,0,0,126.67,n/a
costsim-03613,B4-lite,heavy_13b_4bit,Heavy 13B 4-bit VLM proxy,15500,6144,1344x1344,336x336,336x336,3,3,4,1,1,independent_all_resident,2304,1428.48,720,96,17744.48,17.329,False,-848.48,1,0,0,85.34,n/a
costsim-03614,B4-lite,heavy_13b_4bit,Heavy 13B 4-bit VLM proxy,15500,6144,1344x1344,336x336,336x336,3,3,4,2,2,independent_all_resident,2304,1428.48,720,96,17744.48,17.329,False,-848.48,2,0,0,103.34,n/a
costsim-03615,B4-lite,heavy_13b_4bit,Heavy 13B 4-bit VLM proxy,15500,6144,1344x1344,336x336,336x336,3,3,4,4,4,independent_all_resident,2304,1428.48,720,96,17744.48,17.329,False,-848.48,4,0,0,139.34,n/a
costsim-03616,B4-lite,heavy_13b_4bit,Heavy 13B 4-bit VLM proxy,15500,6144,1344x1344,336x336,336x336,3,3,8,1,1,independent_all_resident,2304,1428.48,1440,96,18464.48,18.032,False,-1568.48,1,0,0,85.34,n/a
costsim-03617,B4-lite,heavy_13b_4bit,Heavy 13B 4-bit VLM proxy,15500,6144,1344x1344,336x336,336x336,3,3,8,2,2,independent_all_resident,2304,1428.48,1440,96,18464.48,18.032,False,-1568.48,2,0,0,103.34,n/a
costsim-03618,B4-lite,heavy_13b_4bit,Heavy 13B 4-bit VLM proxy,15500,6144,1344x1344,336x336,336x336,3,3,8,4,4,independent_all_resident,2304,1428.48,1440,96,18464.48,18.032,False,-1568.48,4,0,0,139.34,n/a
costsim-03619,B4-lite,heavy_13b_4bit,Heavy 13B 4-bit VLM proxy,15500,6144,1344x1344,336x336,336x336,3,3,16,1,1,independent_all_resident,2304,1428.48,2880,96,19904.48,19.438,False,-3008.48,1,0,0,85.34,n/a
costsim-03620,B4-lite,heavy_13b_4bit,Heavy 13B 4-bit VLM proxy,15500,6144,1344x1344,336x336,336x336,3,3,16,2,2,independent_all_resident,2304,1428.48,2880,96,19904.48,19.438,False,-3008.48,2,0,0,103.34,n/a
costsim-03621,B4-lite,heavy_13b_4bit,Heavy 13B 4-bit VLM proxy,15500,6144,1344x1344,336x336,336x336,3,3,16,4,4,independent_all_resident,2304,1428.48,2880,96,19904.48,19.438,False,-3008.48,4,0,0,139.34,n/a
costsim-03622,B4-lite,heavy_13b_4bit,Heavy 13B 4-bit VLM proxy,15500,6144,1344x1344,336x336,336x336,3,3,32,1,1,independent_all_resident,2304,1428.48,5760,96,22784.48,22.25,False,-5888.48,1,0,0,85.34,n/a
costsim-03623,B4-lite,heavy_13b_4bit,Heavy 13B 4-bit VLM proxy,15500,6144,1344x1344,336x336,336x336,3,3,32,2,2,independent_all_resident,2304,1428.48,5760,96,22784.48,22.25,False,-5888.48,2,0,0,103.34,n/a
costsim-03624,B4-lite,heavy_13b_4bit,Heavy 13B 4-bit VLM proxy,15500,6144,1344x1344,336x336,336x336,3,3,32,4,4,independent_all_resident,2304,1428.48,5760,96,22784.48,22.25,False,-5888.48,4,0,0,139.34,n/a
costsim-03625,B4-lite,heavy_13b_4bit,Heavy 13B 4-bit VLM proxy,15500,6144,1344x1344,336x336,336x336,5,5,4,1,1,independent_all_resident,3456,2142.72,720,96,18458.72,18.026,False,-1562.72,1,0,0,98.02,n/a
costsim-03626,B4-lite,heavy_13b_4bit,Heavy 13B 4-bit VLM proxy,15500,6144,1344x1344,336x336,336x336,5,5,4,2,2,independent_all_resident,3456,2142.72,720,96,18458.72,18.026,False,-1562.72,2,0,0,116.02,n/a
costsim-03627,B4-lite,heavy_13b_4bit,Heavy 13B 4-bit VLM proxy,15500,6144,1344x1344,336x336,336x336,5,5,4,4,4,independent_all_resident,3456,2142.72,720,96,18458.72,18.026,False,-1562.72,4,0,0,152.02,n/a
costsim-03628,B4-lite,heavy_13b_4bit,Heavy 13B 4-bit VLM proxy,15500,6144,1344x1344,336x336,336x336,5,5,8,1,1,independent_all_resident,3456,2142.72,1440,96,19178.72,18.729,False,-2282.72,1,0,0,98.02,n/a
costsim-03629,B4-lite,heavy_13b_4bit,Heavy 13B 4-bit VLM proxy,15500,6144,1344x1344,336x336,336x336,5,5,8,2,2,independent_all_resident,3456,2142.72,1440,96,19178.72,18.729,False,-2282.72,2,0,0,116.02,n/a
costsim-03630,B4-lite,heavy_13b_4bit,Heavy 13B 4-bit VLM proxy,15500,6144,1344x1344,336x336,336x336,5,5,8,4,4,independent_all_resident,3456,2142.72,1440,96,19178.72,18.729,False,-2282.72,4,0,0,152.02,n/a
costsim-03631,B4-lite,heavy_13b_4bit,Heavy 13B 4-bit VLM proxy,15500,6144,1344x1344,336x336,336x336,5,5,16,1,1,independent_all_resident,3456,2142.72,2880,96,20618.72,20.135,False,-3722.72,1,0,0,98.02,n/a
costsim-03632,B4-lite,heavy_13b_4bit,Heavy 13B 4-bit VLM proxy,15500,6144,1344x1344,336x336,336x336,5,5,16,2,2,independent_all_resident,3456,2142.72,2880,96,20618.72,20.135,False,-3722.72,2,0,0,116.02,n/a
costsim-03633,B4-lite,heavy_13b_4bit,Heavy 13B 4-bit VLM proxy,15500,6144,1344x1344,336x336,336x336,5,5,16,4,4,independent_all_resident,3456,2142.72,2880,96,20618.72,20.135,False,-3722.72,4,0,0,152.02,n/a
costsim-03634,B4-lite,heavy_13b_4bit,Heavy 13B 4-bit VLM proxy,15500,6144,1344x1344,336x336,336x336,5,5,32,1,1,independent_all_resident,3456,2142.72,5760,96,23498.72,22.948,False,-6602.72,1,0,0,98.02,n/a
costsim-03635,B4-lite,heavy_13b_4bit,Heavy 13B 4-bit VLM proxy,15500,6144,1344x1344,336x336,336x336,5,5,32,2,2,independent_all_resident,3456,2142.72,5760,96,23498.72,22.948,False,-6602.72,2,0,0,116.02,n/a
costsim-03636,B4-lite,heavy_13b_4bit,Heavy 13B 4-bit VLM proxy,15500,6144,1344x1344,336x336,336x336,5,5,32,4,4,independent_all_resident,3456,2142.72,5760,96,23498.72,22.948,False,-6602.72,4,0,0,152.02,n/a
costsim-03637,B4-lite,heavy_13b_4bit,Heavy 13B 4-bit VLM proxy,15500,6144,1344x1344,336x336,448x448,1,1,4,1,1,independent_all_resident,1600,992.0,720,96,17308.0,16.902,False,-412.0,1,0,0,77.6,n/a
costsim-03638,B4-lite,heavy_13b_4bit,Heavy 13B 4-bit VLM proxy,15500,6144,1344x1344,336x336,448x448,1,1,4,2,2,independent_all_resident,1600,992.0,720,96,17308.0,16.902,False,-412.0,2,0,0,95.6,n/a
costsim-03639,B4-lite,heavy_13b_4bit,Heavy 13B 4-bit VLM proxy,15500,6144,1344x1344,336x336,448x448,1,1,4,4,4,independent_all_resident,1600,992.0,720,96,17308.0,16.902,False,-412.0,4,0,0,131.6,n/a
costsim-03640,B4-lite,heavy_13b_4bit,Heavy 13B 4-bit VLM proxy,15500,6144,1344x1344,336x336,448x448,1,1,8,1,1,independent_all_resident,1600,992.0,1440,96,18028.0,17.605,False,-1132.0,1,0,0,77.6,n/a
costsim-03641,B4-lite,heavy_13b_4bit,Heavy 13B 4-bit VLM proxy,15500,6144,1344x1344,336x336,448x448,1,1,8,2,2,independent_all_resident,1600,992.0,1440,96,18028.0,17.605,False,-1132.0,2,0,0,95.6,n/a
costsim-03642,B4-lite,heavy_13b_4bit,Heavy 13B 4-bit VLM proxy,15500,6144,1344x1344,336x336,448x448,1,1,8,4,4,independent_all_resident,1600,992.0,1440,96,18028.0,17.605,False,-1132.0,4,0,0,131.6,n/a
costsim-03643,B4-lite,heavy_13b_4bit,Heavy 13B 4-bit VLM proxy,15500,6144,1344x1344,336x336,448x448,1,1,16,1,1,independent_all_resident,1600,992.0,2880,96,19468.0,19.012,False,-2572.0,1,0,0,77.6,n/a
costsim-03644,B4-lite,heavy_13b_4bit,Heavy 13B 4-bit VLM proxy,15500,6144,1344x1344,336x336,448x448,1,1,16,2,2,independent_all_resident,1600,992.0,2880,96,19468.0,19.012,False,-2572.0,2,0,0,95.6,n/a
costsim-03645,B4-lite,heavy_13b_4bit,Heavy 13B 4-bit VLM proxy,15500,6144,1344x1344,336x336,448x448,1,1,16,4,4,independent_all_resident,1600,992.0,2880,96,19468.0,19.012,False,-2572.0,4,0,0,131.6,n/a
costsim-03646,B4-lite,heavy_13b_4bit,Heavy 13B 4-bit VLM proxy,15500,6144,1344x1344,336x336,448x448,1,1,32,1,1,independent_all_resident,1600,992.0,5760,96,22348.0,21.824,False,-5452.0,1,0,0,77.6,n/a
costsim-03647,B4-lite,heavy_13b_4bit,Heavy 13B 4-bit VLM proxy,15500,6144,1344x1344,336x336,448x448,1,1,32,2,2,independent_all_resident,1600,992.0,5760,96,22348.0,21.824,False,-5452.0,2,0,0,95.6,n/a
costsim-03648,B4-lite,heavy_13b_4bit,Heavy 13B 4-bit VLM proxy,15500,6144,1344x1344,336x336,448x448,1,1,32,4,4,independent_all_resident,1600,992.0,5760,96,22348.0,21.824,False,-5452.0,4,0,0,131.6,n/a
costsim-03649,B4-lite,heavy_13b_4bit,Heavy 13B 4-bit VLM proxy,15500,6144,1344x1344,336x336,448x448,3,3,4,1,1,independent_all_resident,3648,2261.76,720,96,18577.76,18.142,False,-1681.76,1,0,0,100.13,n/a
costsim-03650,B4-lite,heavy_13b_4bit,Heavy 13B 4-bit VLM proxy,15500,6144,1344x1344,336x336,448x448,3,3,4,2,2,independent_all_resident,3648,2261.76,720,96,18577.76,18.142,False,-1681.76,2,0,0,118.13,n/a
costsim-03651,B4-lite,heavy_13b_4bit,Heavy 13B 4-bit VLM proxy,15500,6144,1344x1344,336x336,448x448,3,3,4,4,4,independent_all_resident,3648,2261.76,720,96,18577.76,18.142,False,-1681.76,4,0,0,154.13,n/a
costsim-03652,B4-lite,heavy_13b_4bit,Heavy 13B 4-bit VLM proxy,15500,6144,1344x1344,336x336,448x448,3,3,8,1,1,independent_all_resident,3648,2261.76,1440,96,19297.76,18.845,False,-2401.76,1,0,0,100.13,n/a
costsim-03653,B4-lite,heavy_13b_4bit,Heavy 13B 4-bit VLM proxy,15500,6144,1344x1344,336x336,448x448,3,3,8,2,2,independent_all_resident,3648,2261.76,1440,96,19297.76,18.845,False,-2401.76,2,0,0,118.13,n/a
costsim-03654,B4-lite,heavy_13b_4bit,Heavy 13B 4-bit VLM proxy,15500,6144,1344x1344,336x336,448x448,3,3,8,4,4,independent_all_resident,3648,2261.76,1440,96,19297.76,18.845,False,-2401.76,4,0,0,154.13,n/a
costsim-03655,B4-lite,heavy_13b_4bit,Heavy 13B 4-bit VLM proxy,15500,6144,1344x1344,336x336,448x448,3,3,16,1,1,independent_all_resident,3648,2261.76,2880,96,20737.76,20.252,False,-3841.76,1,0,0,100.13,n/a
costsim-03656,B4-lite,heavy_13b_4bit,Heavy 13B 4-bit VLM proxy,15500,6144,1344x1344,336x336,448x448,3,3,16,2,2,independent_all_resident,3648,2261.76,2880,96,20737.76,20.252,False,-3841.76,2,0,0,118.13,n/a
costsim-03657,B4-lite,heavy_13b_4bit,Heavy 13B 4-bit VLM proxy,15500,6144,1344x1344,336x336,448x448,3,3,16,4,4,independent_all_resident,3648,2261.76,2880,96,20737.76,20.252,False,-3841.76,4,0,0,154.13,n/a
costsim-03658,B4-lite,heavy_13b_4bit,Heavy 13B 4-bit VLM proxy,15500,6144,1344x1344,336x336,448x448,3,3,32,1,1,independent_all_resident,3648,2261.76,5760,96,23617.76,23.064,False,-6721.76,1,0,0,100.13,n/a
costsim-03659,B4-lite,heavy_13b_4bit,Heavy 13B 4-bit VLM proxy,15500,6144,1344x1344,336x336,448x448,3,3,32,2,2,independent_all_resident,3648,2261.76,5760,96,23617.76,23.064,False,-6721.76,2,0,0,118.13,n/a
costsim-03660,B4-lite,heavy_13b_4bit,Heavy 13B 4-bit VLM proxy,15500,6144,1344x1344,336x336,448x448,3,3,32,4,4,independent_all_resident,3648,2261.76,5760,96,23617.76,23.064,False,-6721.76,4,0,0,154.13,n/a
costsim-03661,B4-lite,heavy_13b_4bit,Heavy 13B 4-bit VLM proxy,15500,6144,1344x1344,336x336,448x448,5,5,4,1,1,independent_all_resident,5696,3531.52,720,96,19847.52,19.382,False,-2951.52,1,0,0,122.66,n/a
costsim-03662,B4-lite,heavy_13b_4bit,Heavy 13B 4-bit VLM proxy,15500,6144,1344x1344,336x336,448x448,5,5,4,2,2,independent_all_resident,5696,3531.52,720,96,19847.52,19.382,False,-2951.52,2,0,0,140.66,n/a
costsim-03663,B4-lite,heavy_13b_4bit,Heavy 13B 4-bit VLM proxy,15500,6144,1344x1344,336x336,448x448,5,5,4,4,4,independent_all_resident,5696,3531.52,720,96,19847.52,19.382,False,-2951.52,4,0,0,176.66,n/a
costsim-03664,B4-lite,heavy_13b_4bit,Heavy 13B 4-bit VLM proxy,15500,6144,1344x1344,336x336,448x448,5,5,8,1,1,independent_all_resident,5696,3531.52,1440,96,20567.52,20.085,False,-3671.52,1,0,0,122.66,n/a
costsim-03665,B4-lite,heavy_13b_4bit,Heavy 13B 4-bit VLM proxy,15500,6144,1344x1344,336x336,448x448,5,5,8,2,2,independent_all_resident,5696,3531.52,1440,96,20567.52,20.085,False,-3671.52,2,0,0,140.66,n/a
costsim-03666,B4-lite,heavy_13b_4bit,Heavy 13B 4-bit VLM proxy,15500,6144,1344x1344,336x336,448x448,5,5,8,4,4,independent_all_resident,5696,3531.52,1440,96,20567.52,20.085,False,-3671.52,4,0,0,176.66,n/a
costsim-03667,B4-lite,heavy_13b_4bit,Heavy 13B 4-bit VLM proxy,15500,6144,1344x1344,336x336,448x448,5,5,16,1,1,independent_all_resident,5696,3531.52,2880,96,22007.52,21.492,False,-5111.52,1,0,0,122.66,n/a
costsim-03668,B4-lite,heavy_13b_4bit,Heavy 13B 4-bit VLM proxy,15500,6144,1344x1344,336x336,448x448,5,5,16,2,2,independent_all_resident,5696,3531.52,2880,96,22007.52,21.492,False,-5111.52,2,0,0,140.66,n/a
costsim-03669,B4-lite,heavy_13b_4bit,Heavy 13B 4-bit VLM proxy,15500,6144,1344x1344,336x336,448x448,5,5,16,4,4,independent_all_resident,5696,3531.52,2880,96,22007.52,21.492,False,-5111.52,4,0,0,176.66,n/a
costsim-03670,B4-lite,heavy_13b_4bit,Heavy 13B 4-bit VLM proxy,15500,6144,1344x1344,336x336,448x448,5,5,32,1,1,independent_all_resident,5696,3531.52,5760,96,24887.52,24.304,False,-7991.52,1,0,0,122.66,n/a
costsim-03671,B4-lite,heavy_13b_4bit,Heavy 13B 4-bit VLM proxy,15500,6144,1344x1344,336x336,448x448,5,5,32,2,2,independent_all_resident,5696,3531.52,5760,96,24887.52,24.304,False,-7991.52,2,0,0,140.66,n/a
costsim-03672,B4-lite,heavy_13b_4bit,Heavy 13B 4-bit VLM proxy,15500,6144,1344x1344,336x336,448x448,5,5,32,4,4,independent_all_resident,5696,3531.52,5760,96,24887.52,24.304,False,-7991.52,4,0,0,176.66,n/a
costsim-03673,B4-lite,heavy_13b_4bit,Heavy 13B 4-bit VLM proxy,15500,6144,1344x1344,448x448,336x336,1,1,4,1,1,independent_all_resident,1600,992.0,720,96,17308.0,16.902,False,-412.0,1,0,0,77.6,n/a
costsim-03674,B4-lite,heavy_13b_4bit,Heavy 13B 4-bit VLM proxy,15500,6144,1344x1344,448x448,336x336,1,1,4,2,2,independent_all_resident,1600,992.0,720,96,17308.0,16.902,False,-412.0,2,0,0,95.6,n/a
costsim-03675,B4-lite,heavy_13b_4bit,Heavy 13B 4-bit VLM proxy,15500,6144,1344x1344,448x448,336x336,1,1,4,4,4,independent_all_resident,1600,992.0,720,96,17308.0,16.902,False,-412.0,4,0,0,131.6,n/a
costsim-03676,B4-lite,heavy_13b_4bit,Heavy 13B 4-bit VLM proxy,15500,6144,1344x1344,448x448,336x336,1,1,8,1,1,independent_all_resident,1600,992.0,1440,96,18028.0,17.605,False,-1132.0,1,0,0,77.6,n/a
costsim-03677,B4-lite,heavy_13b_4bit,Heavy 13B 4-bit VLM proxy,15500,6144,1344x1344,448x448,336x336,1,1,8,2,2,independent_all_resident,1600,992.0,1440,96,18028.0,17.605,False,-1132.0,2,0,0,95.6,n/a
costsim-03678,B4-lite,heavy_13b_4bit,Heavy 13B 4-bit VLM proxy,15500,6144,1344x1344,448x448,336x336,1,1,8,4,4,independent_all_resident,1600,992.0,1440,96,18028.0,17.605,False,-1132.0,4,0,0,131.6,n/a
costsim-03679,B4-lite,heavy_13b_4bit,Heavy 13B 4-bit VLM proxy,15500,6144,1344x1344,448x448,336x336,1,1,16,1,1,independent_all_resident,1600,992.0,2880,96,19468.0,19.012,False,-2572.0,1,0,0,77.6,n/a
costsim-03680,B4-lite,heavy_13b_4bit,Heavy 13B 4-bit VLM proxy,15500,6144,1344x1344,448x448,336x336,1,1,16,2,2,independent_all_resident,1600,992.0,2880,96,19468.0,19.012,False,-2572.0,2,0,0,95.6,n/a
costsim-03681,B4-lite,heavy_13b_4bit,Heavy 13B 4-bit VLM proxy,15500,6144,1344x1344,448x448,336x336,1,1,16,4,4,independent_all_resident,1600,992.0,2880,96,19468.0,19.012,False,-2572.0,4,0,0,131.6,n/a
costsim-03682,B4-lite,heavy_13b_4bit,Heavy 13B 4-bit VLM proxy,15500,6144,1344x1344,448x448,336x336,1,1,32,1,1,independent_all_resident,1600,992.0,5760,96,22348.0,21.824,False,-5452.0,1,0,0,77.6,n/a
costsim-03683,B4-lite,heavy_13b_4bit,Heavy 13B 4-bit VLM proxy,15500,6144,1344x1344,448x448,336x336,1,1,32,2,2,independent_all_resident,1600,992.0,5760,96,22348.0,21.824,False,-5452.0,2,0,0,95.6,n/a
costsim-03684,B4-lite,heavy_13b_4bit,Heavy 13B 4-bit VLM proxy,15500,6144,1344x1344,448x448,336x336,1,1,32,4,4,independent_all_resident,1600,992.0,5760,96,22348.0,21.824,False,-5452.0,4,0,0,131.6,n/a
costsim-03685,B4-lite,heavy_13b_4bit,Heavy 13B 4-bit VLM proxy,15500,6144,1344x1344,448x448,336x336,3,3,4,1,1,independent_all_resident,2752,1706.24,720,96,18022.24,17.6,False,-1126.24,1,0,0,90.27,n/a
costsim-03686,B4-lite,heavy_13b_4bit,Heavy 13B 4-bit VLM proxy,15500,6144,1344x1344,448x448,336x336,3,3,4,2,2,independent_all_resident,2752,1706.24,720,96,18022.24,17.6,False,-1126.24,2,0,0,108.27,n/a
costsim-03687,B4-lite,heavy_13b_4bit,Heavy 13B 4-bit VLM proxy,15500,6144,1344x1344,448x448,336x336,3,3,4,4,4,independent_all_resident,2752,1706.24,720,96,18022.24,17.6,False,-1126.24,4,0,0,144.27,n/a
costsim-03688,B4-lite,heavy_13b_4bit,Heavy 13B 4-bit VLM proxy,15500,6144,1344x1344,448x448,336x336,3,3,8,1,1,independent_all_resident,2752,1706.24,1440,96,18742.24,18.303,False,-1846.24,1,0,0,90.27,n/a
costsim-03689,B4-lite,heavy_13b_4bit,Heavy 13B 4-bit VLM proxy,15500,6144,1344x1344,448x448,336x336,3,3,8,2,2,independent_all_resident,2752,1706.24,1440,96,18742.24,18.303,False,-1846.24,2,0,0,108.27,n/a
costsim-03690,B4-lite,heavy_13b_4bit,Heavy 13B 4-bit VLM proxy,15500,6144,1344x1344,448x448,336x336,3,3,8,4,4,independent_all_resident,2752,1706.24,1440,96,18742.24,18.303,False,-1846.24,4,0,0,144.27,n/a
costsim-03691,B4-lite,heavy_13b_4bit,Heavy 13B 4-bit VLM proxy,15500,6144,1344x1344,448x448,336x336,3,3,16,1,1,independent_all_resident,2752,1706.24,2880,96,20182.24,19.709,False,-3286.24,1,0,0,90.27,n/a
costsim-03692,B4-lite,heavy_13b_4bit,Heavy 13B 4-bit VLM proxy,15500,6144,1344x1344,448x448,336x336,3,3,16,2,2,independent_all_resident,2752,1706.24,2880,96,20182.24,19.709,False,-3286.24,2,0,0,108.27,n/a
costsim-03693,B4-lite,heavy_13b_4bit,Heavy 13B 4-bit VLM proxy,15500,6144,1344x1344,448x448,336x336,3,3,16,4,4,independent_all_resident,2752,1706.24,2880,96,20182.24,19.709,False,-3286.24,4,0,0,144.27,n/a
costsim-03694,B4-lite,heavy_13b_4bit,Heavy 13B 4-bit VLM proxy,15500,6144,1344x1344,448x448,336x336,3,3,32,1,1,independent_all_resident,2752,1706.24,5760,96,23062.24,22.522,False,-6166.24,1,0,0,90.27,n/a
costsim-03695,B4-lite,heavy_13b_4bit,Heavy 13B 4-bit VLM proxy,15500,6144,1344x1344,448x448,336x336,3,3,32,2,2,independent_all_resident,2752,1706.24,5760,96,23062.24,22.522,False,-6166.24,2,0,0,108.27,n/a
costsim-03696,B4-lite,heavy_13b_4bit,Heavy 13B 4-bit VLM proxy,15500,6144,1344x1344,448x448,336x336,3,3,32,4,4,independent_all_resident,2752,1706.24,5760,96,23062.24,22.522,False,-6166.24,4,0,0,144.27,n/a
costsim-03697,B4-lite,heavy_13b_4bit,Heavy 13B 4-bit VLM proxy,15500,6144,1344x1344,448x448,336x336,5,5,4,1,1,independent_all_resident,3904,2420.48,720,96,18736.48,18.297,False,-1840.48,1,0,0,102.94,n/a
costsim-03698,B4-lite,heavy_13b_4bit,Heavy 13B 4-bit VLM proxy,15500,6144,1344x1344,448x448,336x336,5,5,4,2,2,independent_all_resident,3904,2420.48,720,96,18736.48,18.297,False,-1840.48,2,0,0,120.94,n/a
costsim-03699,B4-lite,heavy_13b_4bit,Heavy 13B 4-bit VLM proxy,15500,6144,1344x1344,448x448,336x336,5,5,4,4,4,independent_all_resident,3904,2420.48,720,96,18736.48,18.297,False,-1840.48,4,0,0,156.94,n/a
costsim-03700,B4-lite,heavy_13b_4bit,Heavy 13B 4-bit VLM proxy,15500,6144,1344x1344,448x448,336x336,5,5,8,1,1,independent_all_resident,3904,2420.48,1440,96,19456.48,19.0,False,-2560.48,1,0,0,102.94,n/a
costsim-03701,B4-lite,heavy_13b_4bit,Heavy 13B 4-bit VLM proxy,15500,6144,1344x1344,448x448,336x336,5,5,8,2,2,independent_all_resident,3904,2420.48,1440,96,19456.48,19.0,False,-2560.48,2,0,0,120.94,n/a
costsim-03702,B4-lite,heavy_13b_4bit,Heavy 13B 4-bit VLM proxy,15500,6144,1344x1344,448x448,336x336,5,5,8,4,4,independent_all_resident,3904,2420.48,1440,96,19456.48,19.0,False,-2560.48,4,0,0,156.94,n/a
costsim-03703,B4-lite,heavy_13b_4bit,Heavy 13B 4-bit VLM proxy,15500,6144,1344x1344,448x448,336x336,5,5,16,1,1,independent_all_resident,3904,2420.48,2880,96,20896.48,20.407,False,-4000.48,1,0,0,102.94,n/a
costsim-03704,B4-lite,heavy_13b_4bit,Heavy 13B 4-bit VLM proxy,15500,6144,1344x1344,448x448,336x336,5,5,16,2,2,independent_all_resident,3904,2420.48,2880,96,20896.48,20.407,False,-4000.48,2,0,0,120.94,n/a
costsim-03705,B4-lite,heavy_13b_4bit,Heavy 13B 4-bit VLM proxy,15500,6144,1344x1344,448x448,336x336,5,5,16,4,4,independent_all_resident,3904,2420.48,2880,96,20896.48,20.407,False,-4000.48,4,0,0,156.94,n/a
costsim-03706,B4-lite,heavy_13b_4bit,Heavy 13B 4-bit VLM proxy,15500,6144,1344x1344,448x448,336x336,5,5,32,1,1,independent_all_resident,3904,2420.48,5760,96,23776.48,23.219,False,-6880.48,1,0,0,102.94,n/a
costsim-03707,B4-lite,heavy_13b_4bit,Heavy 13B 4-bit VLM proxy,15500,6144,1344x1344,448x448,336x336,5,5,32,2,2,independent_all_resident,3904,2420.48,5760,96,23776.48,23.219,False,-6880.48,2,0,0,120.94,n/a
costsim-03708,B4-lite,heavy_13b_4bit,Heavy 13B 4-bit VLM proxy,15500,6144,1344x1344,448x448,336x336,5,5,32,4,4,independent_all_resident,3904,2420.48,5760,96,23776.48,23.219,False,-6880.48,4,0,0,156.94,n/a
costsim-03709,B4-lite,heavy_13b_4bit,Heavy 13B 4-bit VLM proxy,15500,6144,1344x1344,448x448,448x448,1,1,4,1,1,independent_all_resident,2048,1269.76,720,96,17585.76,17.174,False,-689.76,1,0,0,82.53,n/a
costsim-03710,B4-lite,heavy_13b_4bit,Heavy 13B 4-bit VLM proxy,15500,6144,1344x1344,448x448,448x448,1,1,4,2,2,independent_all_resident,2048,1269.76,720,96,17585.76,17.174,False,-689.76,2,0,0,100.53,n/a
costsim-03711,B4-lite,heavy_13b_4bit,Heavy 13B 4-bit VLM proxy,15500,6144,1344x1344,448x448,448x448,1,1,4,4,4,independent_all_resident,2048,1269.76,720,96,17585.76,17.174,False,-689.76,4,0,0,136.53,n/a
costsim-03712,B4-lite,heavy_13b_4bit,Heavy 13B 4-bit VLM proxy,15500,6144,1344x1344,448x448,448x448,1,1,8,1,1,independent_all_resident,2048,1269.76,1440,96,18305.76,17.877,False,-1409.76,1,0,0,82.53,n/a
costsim-03713,B4-lite,heavy_13b_4bit,Heavy 13B 4-bit VLM proxy,15500,6144,1344x1344,448x448,448x448,1,1,8,2,2,independent_all_resident,2048,1269.76,1440,96,18305.76,17.877,False,-1409.76,2,0,0,100.53,n/a
costsim-03714,B4-lite,heavy_13b_4bit,Heavy 13B 4-bit VLM proxy,15500,6144,1344x1344,448x448,448x448,1,1,8,4,4,independent_all_resident,2048,1269.76,1440,96,18305.76,17.877,False,-1409.76,4,0,0,136.53,n/a
costsim-03715,B4-lite,heavy_13b_4bit,Heavy 13B 4-bit VLM proxy,15500,6144,1344x1344,448x448,448x448,1,1,16,1,1,independent_all_resident,2048,1269.76,2880,96,19745.76,19.283,False,-2849.76,1,0,0,82.53,n/a
costsim-03716,B4-lite,heavy_13b_4bit,Heavy 13B 4-bit VLM proxy,15500,6144,1344x1344,448x448,448x448,1,1,16,2,2,independent_all_resident,2048,1269.76,2880,96,19745.76,19.283,False,-2849.76,2,0,0,100.53,n/a
costsim-03717,B4-lite,heavy_13b_4bit,Heavy 13B 4-bit VLM proxy,15500,6144,1344x1344,448x448,448x448,1,1,16,4,4,independent_all_resident,2048,1269.76,2880,96,19745.76,19.283,False,-2849.76,4,0,0,136.53,n/a
costsim-03718,B4-lite,heavy_13b_4bit,Heavy 13B 4-bit VLM proxy,15500,6144,1344x1344,448x448,448x448,1,1,32,1,1,independent_all_resident,2048,1269.76,5760,96,22625.76,22.095,False,-5729.76,1,0,0,82.53,n/a
costsim-03719,B4-lite,heavy_13b_4bit,Heavy 13B 4-bit VLM proxy,15500,6144,1344x1344,448x448,448x448,1,1,32,2,2,independent_all_resident,2048,1269.76,5760,96,22625.76,22.095,False,-5729.76,2,0,0,100.53,n/a
costsim-03720,B4-lite,heavy_13b_4bit,Heavy 13B 4-bit VLM proxy,15500,6144,1344x1344,448x448,448x448,1,1,32,4,4,independent_all_resident,2048,1269.76,5760,96,22625.76,22.095,False,-5729.76,4,0,0,136.53,n/a
costsim-03721,B4-lite,heavy_13b_4bit,Heavy 13B 4-bit VLM proxy,15500,6144,1344x1344,448x448,448x448,3,3,4,1,1,independent_all_resident,4096,2539.52,720,96,18855.52,18.414,False,-1959.52,1,0,0,105.06,n/a
costsim-03722,B4-lite,heavy_13b_4bit,Heavy 13B 4-bit VLM proxy,15500,6144,1344x1344,448x448,448x448,3,3,4,2,2,independent_all_resident,4096,2539.52,720,96,18855.52,18.414,False,-1959.52,2,0,0,123.06,n/a
costsim-03723,B4-lite,heavy_13b_4bit,Heavy 13B 4-bit VLM proxy,15500,6144,1344x1344,448x448,448x448,3,3,4,4,4,independent_all_resident,4096,2539.52,720,96,18855.52,18.414,False,-1959.52,4,0,0,159.06,n/a
costsim-03724,B4-lite,heavy_13b_4bit,Heavy 13B 4-bit VLM proxy,15500,6144,1344x1344,448x448,448x448,3,3,8,1,1,independent_all_resident,4096,2539.52,1440,96,19575.52,19.117,False,-2679.52,1,0,0,105.06,n/a
costsim-03725,B4-lite,heavy_13b_4bit,Heavy 13B 4-bit VLM proxy,15500,6144,1344x1344,448x448,448x448,3,3,8,2,2,independent_all_resident,4096,2539.52,1440,96,19575.52,19.117,False,-2679.52,2,0,0,123.06,n/a
costsim-03726,B4-lite,heavy_13b_4bit,Heavy 13B 4-bit VLM proxy,15500,6144,1344x1344,448x448,448x448,3,3,8,4,4,independent_all_resident,4096,2539.52,1440,96,19575.52,19.117,False,-2679.52,4,0,0,159.06,n/a
costsim-03727,B4-lite,heavy_13b_4bit,Heavy 13B 4-bit VLM proxy,15500,6144,1344x1344,448x448,448x448,3,3,16,1,1,independent_all_resident,4096,2539.52,2880,96,21015.52,20.523,False,-4119.52,1,0,0,105.06,n/a
costsim-03728,B4-lite,heavy_13b_4bit,Heavy 13B 4-bit VLM proxy,15500,6144,1344x1344,448x448,448x448,3,3,16,2,2,independent_all_resident,4096,2539.52,2880,96,21015.52,20.523,False,-4119.52,2,0,0,123.06,n/a
costsim-03729,B4-lite,heavy_13b_4bit,Heavy 13B 4-bit VLM proxy,15500,6144,1344x1344,448x448,448x448,3,3,16,4,4,independent_all_resident,4096,2539.52,2880,96,21015.52,20.523,False,-4119.52,4,0,0,159.06,n/a
costsim-03730,B4-lite,heavy_13b_4bit,Heavy 13B 4-bit VLM proxy,15500,6144,1344x1344,448x448,448x448,3,3,32,1,1,independent_all_resident,4096,2539.52,5760,96,23895.52,23.335,False,-6999.52,1,0,0,105.06,n/a
costsim-03731,B4-lite,heavy_13b_4bit,Heavy 13B 4-bit VLM proxy,15500,6144,1344x1344,448x448,448x448,3,3,32,2,2,independent_all_resident,4096,2539.52,5760,96,23895.52,23.335,False,-6999.52,2,0,0,123.06,n/a
costsim-03732,B4-lite,heavy_13b_4bit,Heavy 13B 4-bit VLM proxy,15500,6144,1344x1344,448x448,448x448,3,3,32,4,4,independent_all_resident,4096,2539.52,5760,96,23895.52,23.335,False,-6999.52,4,0,0,159.06,n/a
costsim-03733,B4-lite,heavy_13b_4bit,Heavy 13B 4-bit VLM proxy,15500,6144,1344x1344,448x448,448x448,5,5,4,1,1,independent_all_resident,6144,3809.28,720,96,20125.28,19.654,False,-3229.28,1,0,0,127.58,n/a
costsim-03734,B4-lite,heavy_13b_4bit,Heavy 13B 4-bit VLM proxy,15500,6144,1344x1344,448x448,448x448,5,5,4,2,2,independent_all_resident,6144,3809.28,720,96,20125.28,19.654,False,-3229.28,2,0,0,145.58,n/a
costsim-03735,B4-lite,heavy_13b_4bit,Heavy 13B 4-bit VLM proxy,15500,6144,1344x1344,448x448,448x448,5,5,4,4,4,independent_all_resident,6144,3809.28,720,96,20125.28,19.654,False,-3229.28,4,0,0,181.58,n/a
costsim-03736,B4-lite,heavy_13b_4bit,Heavy 13B 4-bit VLM proxy,15500,6144,1344x1344,448x448,448x448,5,5,8,1,1,independent_all_resident,6144,3809.28,1440,96,20845.28,20.357,False,-3949.28,1,0,0,127.58,n/a
costsim-03737,B4-lite,heavy_13b_4bit,Heavy 13B 4-bit VLM proxy,15500,6144,1344x1344,448x448,448x448,5,5,8,2,2,independent_all_resident,6144,3809.28,1440,96,20845.28,20.357,False,-3949.28,2,0,0,145.58,n/a
costsim-03738,B4-lite,heavy_13b_4bit,Heavy 13B 4-bit VLM proxy,15500,6144,1344x1344,448x448,448x448,5,5,8,4,4,independent_all_resident,6144,3809.28,1440,96,20845.28,20.357,False,-3949.28,4,0,0,181.58,n/a
costsim-03739,B4-lite,heavy_13b_4bit,Heavy 13B 4-bit VLM proxy,15500,6144,1344x1344,448x448,448x448,5,5,16,1,1,independent_all_resident,6144,3809.28,2880,96,22285.28,21.763,False,-5389.28,1,0,0,127.58,n/a
costsim-03740,B4-lite,heavy_13b_4bit,Heavy 13B 4-bit VLM proxy,15500,6144,1344x1344,448x448,448x448,5,5,16,2,2,independent_all_resident,6144,3809.28,2880,96,22285.28,21.763,False,-5389.28,2,0,0,145.58,n/a
costsim-03741,B4-lite,heavy_13b_4bit,Heavy 13B 4-bit VLM proxy,15500,6144,1344x1344,448x448,448x448,5,5,16,4,4,independent_all_resident,6144,3809.28,2880,96,22285.28,21.763,False,-5389.28,4,0,0,181.58,n/a
costsim-03742,B4-lite,heavy_13b_4bit,Heavy 13B 4-bit VLM proxy,15500,6144,1344x1344,448x448,448x448,5,5,32,1,1,independent_all_resident,6144,3809.28,5760,96,25165.28,24.575,False,-8269.28,1,0,0,127.58,n/a
costsim-03743,B4-lite,heavy_13b_4bit,Heavy 13B 4-bit VLM proxy,15500,6144,1344x1344,448x448,448x448,5,5,32,2,2,independent_all_resident,6144,3809.28,5760,96,25165.28,24.575,False,-8269.28,2,0,0,145.58,n/a
costsim-03744,B4-lite,heavy_13b_4bit,Heavy 13B 4-bit VLM proxy,15500,6144,1344x1344,448x448,448x448,5,5,32,4,4,independent_all_resident,6144,3809.28,5760,96,25165.28,24.575,False,-8269.28,4,0,0,181.58,n/a
costsim-03745,B5-lite,heavy_13b_4bit,Heavy 13B 4-bit VLM proxy,15500,6144,1344x1344,336x336,336x336,1,1,4,1,1,shared_all_resident,1152,714.24,400,96,16710.24,16.319,True,185.76,1,0,0,62.67,n/a
costsim-03746,B5-lite,heavy_13b_4bit,Heavy 13B 4-bit VLM proxy,15500,6144,1344x1344,336x336,336x336,1,1,4,2,2,shared_all_resident,1152,714.24,400,96,16710.24,16.319,True,185.76,2,0,0,70.67,n/a
costsim-03747,B5-lite,heavy_13b_4bit,Heavy 13B 4-bit VLM proxy,15500,6144,1344x1344,336x336,336x336,1,1,4,4,4,shared_all_resident,1152,714.24,400,96,16710.24,16.319,True,185.76,4,0,0,86.67,n/a
costsim-03748,B5-lite,heavy_13b_4bit,Heavy 13B 4-bit VLM proxy,15500,6144,1344x1344,336x336,336x336,1,1,8,1,1,shared_all_resident,1152,714.24,580,96,16890.24,16.494,True,5.76,1,0,0,62.67,n/a
costsim-03749,B5-lite,heavy_13b_4bit,Heavy 13B 4-bit VLM proxy,15500,6144,1344x1344,336x336,336x336,1,1,8,2,2,shared_all_resident,1152,714.24,580,96,16890.24,16.494,True,5.76,2,0,0,70.67,n/a
costsim-03750,B5-lite,heavy_13b_4bit,Heavy 13B 4-bit VLM proxy,15500,6144,1344x1344,336x336,336x336,1,1,8,4,4,shared_all_resident,1152,714.24,580,96,16890.24,16.494,True,5.76,4,0,0,86.67,n/a
costsim-03751,B5-lite,heavy_13b_4bit,Heavy 13B 4-bit VLM proxy,15500,6144,1344x1344,336x336,336x336,1,1,16,1,1,shared_all_resident,1152,714.24,940,96,17250.24,16.846,False,-354.24,1,0,0,62.67,n/a
costsim-03752,B5-lite,heavy_13b_4bit,Heavy 13B 4-bit VLM proxy,15500,6144,1344x1344,336x336,336x336,1,1,16,2,2,shared_all_resident,1152,714.24,940,96,17250.24,16.846,False,-354.24,2,0,0,70.67,n/a
costsim-03753,B5-lite,heavy_13b_4bit,Heavy 13B 4-bit VLM proxy,15500,6144,1344x1344,336x336,336x336,1,1,16,4,4,shared_all_resident,1152,714.24,940,96,17250.24,16.846,False,-354.24,4,0,0,86.67,n/a
costsim-03754,B5-lite,heavy_13b_4bit,Heavy 13B 4-bit VLM proxy,15500,6144,1344x1344,336x336,336x336,1,1,32,1,1,shared_all_resident,1152,714.24,1660,96,17970.24,17.549,False,-1074.24,1,0,0,62.67,n/a
costsim-03755,B5-lite,heavy_13b_4bit,Heavy 13B 4-bit VLM proxy,15500,6144,1344x1344,336x336,336x336,1,1,32,2,2,shared_all_resident,1152,714.24,1660,96,17970.24,17.549,False,-1074.24,2,0,0,70.67,n/a
costsim-03756,B5-lite,heavy_13b_4bit,Heavy 13B 4-bit VLM proxy,15500,6144,1344x1344,336x336,336x336,1,1,32,4,4,shared_all_resident,1152,714.24,1660,96,17970.24,17.549,False,-1074.24,4,0,0,86.67,n/a
costsim-03757,B5-lite,heavy_13b_4bit,Heavy 13B 4-bit VLM proxy,15500,6144,1344x1344,336x336,336x336,3,3,4,1,1,shared_all_resident,2304,1428.48,400,96,17424.48,17.016,False,-528.48,1,0,0,75.34,n/a
costsim-03758,B5-lite,heavy_13b_4bit,Heavy 13B 4-bit VLM proxy,15500,6144,1344x1344,336x336,336x336,3,3,4,2,2,shared_all_resident,2304,1428.48,400,96,17424.48,17.016,False,-528.48,2,0,0,83.34,n/a
costsim-03759,B5-lite,heavy_13b_4bit,Heavy 13B 4-bit VLM proxy,15500,6144,1344x1344,336x336,336x336,3,3,4,4,4,shared_all_resident,2304,1428.48,400,96,17424.48,17.016,False,-528.48,4,0,0,99.34,n/a
costsim-03760,B5-lite,heavy_13b_4bit,Heavy 13B 4-bit VLM proxy,15500,6144,1344x1344,336x336,336x336,3,3,8,1,1,shared_all_resident,2304,1428.48,580,96,17604.48,17.192,False,-708.48,1,0,0,75.34,n/a
costsim-03761,B5-lite,heavy_13b_4bit,Heavy 13B 4-bit VLM proxy,15500,6144,1344x1344,336x336,336x336,3,3,8,2,2,shared_all_resident,2304,1428.48,580,96,17604.48,17.192,False,-708.48,2,0,0,83.34,n/a
costsim-03762,B5-lite,heavy_13b_4bit,Heavy 13B 4-bit VLM proxy,15500,6144,1344x1344,336x336,336x336,3,3,8,4,4,shared_all_resident,2304,1428.48,580,96,17604.48,17.192,False,-708.48,4,0,0,99.34,n/a
costsim-03763,B5-lite,heavy_13b_4bit,Heavy 13B 4-bit VLM proxy,15500,6144,1344x1344,336x336,336x336,3,3,16,1,1,shared_all_resident,2304,1428.48,940,96,17964.48,17.543,False,-1068.48,1,0,0,75.34,n/a
costsim-03764,B5-lite,heavy_13b_4bit,Heavy 13B 4-bit VLM proxy,15500,6144,1344x1344,336x336,336x336,3,3,16,2,2,shared_all_resident,2304,1428.48,940,96,17964.48,17.543,False,-1068.48,2,0,0,83.34,n/a
costsim-03765,B5-lite,heavy_13b_4bit,Heavy 13B 4-bit VLM proxy,15500,6144,1344x1344,336x336,336x336,3,3,16,4,4,shared_all_resident,2304,1428.48,940,96,17964.48,17.543,False,-1068.48,4,0,0,99.34,n/a
costsim-03766,B5-lite,heavy_13b_4bit,Heavy 13B 4-bit VLM proxy,15500,6144,1344x1344,336x336,336x336,3,3,32,1,1,shared_all_resident,2304,1428.48,1660,96,18684.48,18.247,False,-1788.48,1,0,0,75.34,n/a
costsim-03767,B5-lite,heavy_13b_4bit,Heavy 13B 4-bit VLM proxy,15500,6144,1344x1344,336x336,336x336,3,3,32,2,2,shared_all_resident,2304,1428.48,1660,96,18684.48,18.247,False,-1788.48,2,0,0,83.34,n/a
costsim-03768,B5-lite,heavy_13b_4bit,Heavy 13B 4-bit VLM proxy,15500,6144,1344x1344,336x336,336x336,3,3,32,4,4,shared_all_resident,2304,1428.48,1660,96,18684.48,18.247,False,-1788.48,4,0,0,99.34,n/a
costsim-03769,B5-lite,heavy_13b_4bit,Heavy 13B 4-bit VLM proxy,15500,6144,1344x1344,336x336,336x336,5,5,4,1,1,shared_all_resident,3456,2142.72,400,96,18138.72,17.714,False,-1242.72,1,0,0,88.02,n/a
costsim-03770,B5-lite,heavy_13b_4bit,Heavy 13B 4-bit VLM proxy,15500,6144,1344x1344,336x336,336x336,5,5,4,2,2,shared_all_resident,3456,2142.72,400,96,18138.72,17.714,False,-1242.72,2,0,0,96.02,n/a
costsim-03771,B5-lite,heavy_13b_4bit,Heavy 13B 4-bit VLM proxy,15500,6144,1344x1344,336x336,336x336,5,5,4,4,4,shared_all_resident,3456,2142.72,400,96,18138.72,17.714,False,-1242.72,4,0,0,112.02,n/a
costsim-03772,B5-lite,heavy_13b_4bit,Heavy 13B 4-bit VLM proxy,15500,6144,1344x1344,336x336,336x336,5,5,8,1,1,shared_all_resident,3456,2142.72,580,96,18318.72,17.889,False,-1422.72,1,0,0,88.02,n/a
costsim-03773,B5-lite,heavy_13b_4bit,Heavy 13B 4-bit VLM proxy,15500,6144,1344x1344,336x336,336x336,5,5,8,2,2,shared_all_resident,3456,2142.72,580,96,18318.72,17.889,False,-1422.72,2,0,0,96.02,n/a
costsim-03774,B5-lite,heavy_13b_4bit,Heavy 13B 4-bit VLM proxy,15500,6144,1344x1344,336x336,336x336,5,5,8,4,4,shared_all_resident,3456,2142.72,580,96,18318.72,17.889,False,-1422.72,4,0,0,112.02,n/a
costsim-03775,B5-lite,heavy_13b_4bit,Heavy 13B 4-bit VLM proxy,15500,6144,1344x1344,336x336,336x336,5,5,16,1,1,shared_all_resident,3456,2142.72,940,96,18678.72,18.241,False,-1782.72,1,0,0,88.02,n/a
costsim-03776,B5-lite,heavy_13b_4bit,Heavy 13B 4-bit VLM proxy,15500,6144,1344x1344,336x336,336x336,5,5,16,2,2,shared_all_resident,3456,2142.72,940,96,18678.72,18.241,False,-1782.72,2,0,0,96.02,n/a
costsim-03777,B5-lite,heavy_13b_4bit,Heavy 13B 4-bit VLM proxy,15500,6144,1344x1344,336x336,336x336,5,5,16,4,4,shared_all_resident,3456,2142.72,940,96,18678.72,18.241,False,-1782.72,4,0,0,112.02,n/a
costsim-03778,B5-lite,heavy_13b_4bit,Heavy 13B 4-bit VLM proxy,15500,6144,1344x1344,336x336,336x336,5,5,32,1,1,shared_all_resident,3456,2142.72,1660,96,19398.72,18.944,False,-2502.72,1,0,0,88.02,n/a
costsim-03779,B5-lite,heavy_13b_4bit,Heavy 13B 4-bit VLM proxy,15500,6144,1344x1344,336x336,336x336,5,5,32,2,2,shared_all_resident,3456,2142.72,1660,96,19398.72,18.944,False,-2502.72,2,0,0,96.02,n/a
costsim-03780,B5-lite,heavy_13b_4bit,Heavy 13B 4-bit VLM proxy,15500,6144,1344x1344,336x336,336x336,5,5,32,4,4,shared_all_resident,3456,2142.72,1660,96,19398.72,18.944,False,-2502.72,4,0,0,112.02,n/a
costsim-03781,B5-lite,heavy_13b_4bit,Heavy 13B 4-bit VLM proxy,15500,6144,1344x1344,336x336,448x448,1,1,4,1,1,shared_all_resident,1600,992.0,400,96,16988.0,16.59,False,-92.0,1,0,0,67.6,n/a
costsim-03782,B5-lite,heavy_13b_4bit,Heavy 13B 4-bit VLM proxy,15500,6144,1344x1344,336x336,448x448,1,1,4,2,2,shared_all_resident,1600,992.0,400,96,16988.0,16.59,False,-92.0,2,0,0,75.6,n/a
costsim-03783,B5-lite,heavy_13b_4bit,Heavy 13B 4-bit VLM proxy,15500,6144,1344x1344,336x336,448x448,1,1,4,4,4,shared_all_resident,1600,992.0,400,96,16988.0,16.59,False,-92.0,4,0,0,91.6,n/a
costsim-03784,B5-lite,heavy_13b_4bit,Heavy 13B 4-bit VLM proxy,15500,6144,1344x1344,336x336,448x448,1,1,8,1,1,shared_all_resident,1600,992.0,580,96,17168.0,16.766,False,-272.0,1,0,0,67.6,n/a
costsim-03785,B5-lite,heavy_13b_4bit,Heavy 13B 4-bit VLM proxy,15500,6144,1344x1344,336x336,448x448,1,1,8,2,2,shared_all_resident,1600,992.0,580,96,17168.0,16.766,False,-272.0,2,0,0,75.6,n/a
costsim-03786,B5-lite,heavy_13b_4bit,Heavy 13B 4-bit VLM proxy,15500,6144,1344x1344,336x336,448x448,1,1,8,4,4,shared_all_resident,1600,992.0,580,96,17168.0,16.766,False,-272.0,4,0,0,91.6,n/a
costsim-03787,B5-lite,heavy_13b_4bit,Heavy 13B 4-bit VLM proxy,15500,6144,1344x1344,336x336,448x448,1,1,16,1,1,shared_all_resident,1600,992.0,940,96,17528.0,17.117,False,-632.0,1,0,0,67.6,n/a
costsim-03788,B5-lite,heavy_13b_4bit,Heavy 13B 4-bit VLM proxy,15500,6144,1344x1344,336x336,448x448,1,1,16,2,2,shared_all_resident,1600,992.0,940,96,17528.0,17.117,False,-632.0,2,0,0,75.6,n/a
costsim-03789,B5-lite,heavy_13b_4bit,Heavy 13B 4-bit VLM proxy,15500,6144,1344x1344,336x336,448x448,1,1,16,4,4,shared_all_resident,1600,992.0,940,96,17528.0,17.117,False,-632.0,4,0,0,91.6,n/a
costsim-03790,B5-lite,heavy_13b_4bit,Heavy 13B 4-bit VLM proxy,15500,6144,1344x1344,336x336,448x448,1,1,32,1,1,shared_all_resident,1600,992.0,1660,96,18248.0,17.82,False,-1352.0,1,0,0,67.6,n/a
costsim-03791,B5-lite,heavy_13b_4bit,Heavy 13B 4-bit VLM proxy,15500,6144,1344x1344,336x336,448x448,1,1,32,2,2,shared_all_resident,1600,992.0,1660,96,18248.0,17.82,False,-1352.0,2,0,0,75.6,n/a
costsim-03792,B5-lite,heavy_13b_4bit,Heavy 13B 4-bit VLM proxy,15500,6144,1344x1344,336x336,448x448,1,1,32,4,4,shared_all_resident,1600,992.0,1660,96,18248.0,17.82,False,-1352.0,4,0,0,91.6,n/a
costsim-03793,B5-lite,heavy_13b_4bit,Heavy 13B 4-bit VLM proxy,15500,6144,1344x1344,336x336,448x448,3,3,4,1,1,shared_all_resident,3648,2261.76,400,96,18257.76,17.83,False,-1361.76,1,0,0,90.13,n/a
costsim-03794,B5-lite,heavy_13b_4bit,Heavy 13B 4-bit VLM proxy,15500,6144,1344x1344,336x336,448x448,3,3,4,2,2,shared_all_resident,3648,2261.76,400,96,18257.76,17.83,False,-1361.76,2,0,0,98.13,n/a
costsim-03795,B5-lite,heavy_13b_4bit,Heavy 13B 4-bit VLM proxy,15500,6144,1344x1344,336x336,448x448,3,3,4,4,4,shared_all_resident,3648,2261.76,400,96,18257.76,17.83,False,-1361.76,4,0,0,114.13,n/a
costsim-03796,B5-lite,heavy_13b_4bit,Heavy 13B 4-bit VLM proxy,15500,6144,1344x1344,336x336,448x448,3,3,8,1,1,shared_all_resident,3648,2261.76,580,96,18437.76,18.006,False,-1541.76,1,0,0,90.13,n/a
costsim-03797,B5-lite,heavy_13b_4bit,Heavy 13B 4-bit VLM proxy,15500,6144,1344x1344,336x336,448x448,3,3,8,2,2,shared_all_resident,3648,2261.76,580,96,18437.76,18.006,False,-1541.76,2,0,0,98.13,n/a
costsim-03798,B5-lite,heavy_13b_4bit,Heavy 13B 4-bit VLM proxy,15500,6144,1344x1344,336x336,448x448,3,3,8,4,4,shared_all_resident,3648,2261.76,580,96,18437.76,18.006,False,-1541.76,4,0,0,114.13,n/a
costsim-03799,B5-lite,heavy_13b_4bit,Heavy 13B 4-bit VLM proxy,15500,6144,1344x1344,336x336,448x448,3,3,16,1,1,shared_all_resident,3648,2261.76,940,96,18797.76,18.357,False,-1901.76,1,0,0,90.13,n/a
costsim-03800,B5-lite,heavy_13b_4bit,Heavy 13B 4-bit VLM proxy,15500,6144,1344x1344,336x336,448x448,3,3,16,2,2,shared_all_resident,3648,2261.76,940,96,18797.76,18.357,False,-1901.76,2,0,0,98.13,n/a
costsim-03801,B5-lite,heavy_13b_4bit,Heavy 13B 4-bit VLM proxy,15500,6144,1344x1344,336x336,448x448,3,3,16,4,4,shared_all_resident,3648,2261.76,940,96,18797.76,18.357,False,-1901.76,4,0,0,114.13,n/a
costsim-03802,B5-lite,heavy_13b_4bit,Heavy 13B 4-bit VLM proxy,15500,6144,1344x1344,336x336,448x448,3,3,32,1,1,shared_all_resident,3648,2261.76,1660,96,19517.76,19.06,False,-2621.76,1,0,0,90.13,n/a
costsim-03803,B5-lite,heavy_13b_4bit,Heavy 13B 4-bit VLM proxy,15500,6144,1344x1344,336x336,448x448,3,3,32,2,2,shared_all_resident,3648,2261.76,1660,96,19517.76,19.06,False,-2621.76,2,0,0,98.13,n/a
costsim-03804,B5-lite,heavy_13b_4bit,Heavy 13B 4-bit VLM proxy,15500,6144,1344x1344,336x336,448x448,3,3,32,4,4,shared_all_resident,3648,2261.76,1660,96,19517.76,19.06,False,-2621.76,4,0,0,114.13,n/a
costsim-03805,B5-lite,heavy_13b_4bit,Heavy 13B 4-bit VLM proxy,15500,6144,1344x1344,336x336,448x448,5,5,4,1,1,shared_all_resident,5696,3531.52,400,96,19527.52,19.07,False,-2631.52,1,0,0,112.66,n/a
costsim-03806,B5-lite,heavy_13b_4bit,Heavy 13B 4-bit VLM proxy,15500,6144,1344x1344,336x336,448x448,5,5,4,2,2,shared_all_resident,5696,3531.52,400,96,19527.52,19.07,False,-2631.52,2,0,0,120.66,n/a
costsim-03807,B5-lite,heavy_13b_4bit,Heavy 13B 4-bit VLM proxy,15500,6144,1344x1344,336x336,448x448,5,5,4,4,4,shared_all_resident,5696,3531.52,400,96,19527.52,19.07,False,-2631.52,4,0,0,136.66,n/a
costsim-03808,B5-lite,heavy_13b_4bit,Heavy 13B 4-bit VLM proxy,15500,6144,1344x1344,336x336,448x448,5,5,8,1,1,shared_all_resident,5696,3531.52,580,96,19707.52,19.246,False,-2811.52,1,0,0,112.66,n/a
costsim-03809,B5-lite,heavy_13b_4bit,Heavy 13B 4-bit VLM proxy,15500,6144,1344x1344,336x336,448x448,5,5,8,2,2,shared_all_resident,5696,3531.52,580,96,19707.52,19.246,False,-2811.52,2,0,0,120.66,n/a
costsim-03810,B5-lite,heavy_13b_4bit,Heavy 13B 4-bit VLM proxy,15500,6144,1344x1344,336x336,448x448,5,5,8,4,4,shared_all_resident,5696,3531.52,580,96,19707.52,19.246,False,-2811.52,4,0,0,136.66,n/a
costsim-03811,B5-lite,heavy_13b_4bit,Heavy 13B 4-bit VLM proxy,15500,6144,1344x1344,336x336,448x448,5,5,16,1,1,shared_all_resident,5696,3531.52,940,96,20067.52,19.597,False,-3171.52,1,0,0,112.66,n/a
costsim-03812,B5-lite,heavy_13b_4bit,Heavy 13B 4-bit VLM proxy,15500,6144,1344x1344,336x336,448x448,5,5,16,2,2,shared_all_resident,5696,3531.52,940,96,20067.52,19.597,False,-3171.52,2,0,0,120.66,n/a
costsim-03813,B5-lite,heavy_13b_4bit,Heavy 13B 4-bit VLM proxy,15500,6144,1344x1344,336x336,448x448,5,5,16,4,4,shared_all_resident,5696,3531.52,940,96,20067.52,19.597,False,-3171.52,4,0,0,136.66,n/a
costsim-03814,B5-lite,heavy_13b_4bit,Heavy 13B 4-bit VLM proxy,15500,6144,1344x1344,336x336,448x448,5,5,32,1,1,shared_all_resident,5696,3531.52,1660,96,20787.52,20.3,False,-3891.52,1,0,0,112.66,n/a
costsim-03815,B5-lite,heavy_13b_4bit,Heavy 13B 4-bit VLM proxy,15500,6144,1344x1344,336x336,448x448,5,5,32,2,2,shared_all_resident,5696,3531.52,1660,96,20787.52,20.3,False,-3891.52,2,0,0,120.66,n/a
costsim-03816,B5-lite,heavy_13b_4bit,Heavy 13B 4-bit VLM proxy,15500,6144,1344x1344,336x336,448x448,5,5,32,4,4,shared_all_resident,5696,3531.52,1660,96,20787.52,20.3,False,-3891.52,4,0,0,136.66,n/a
costsim-03817,B5-lite,heavy_13b_4bit,Heavy 13B 4-bit VLM proxy,15500,6144,1344x1344,448x448,336x336,1,1,4,1,1,shared_all_resident,1600,992.0,400,96,16988.0,16.59,False,-92.0,1,0,0,67.6,n/a
costsim-03818,B5-lite,heavy_13b_4bit,Heavy 13B 4-bit VLM proxy,15500,6144,1344x1344,448x448,336x336,1,1,4,2,2,shared_all_resident,1600,992.0,400,96,16988.0,16.59,False,-92.0,2,0,0,75.6,n/a
costsim-03819,B5-lite,heavy_13b_4bit,Heavy 13B 4-bit VLM proxy,15500,6144,1344x1344,448x448,336x336,1,1,4,4,4,shared_all_resident,1600,992.0,400,96,16988.0,16.59,False,-92.0,4,0,0,91.6,n/a
costsim-03820,B5-lite,heavy_13b_4bit,Heavy 13B 4-bit VLM proxy,15500,6144,1344x1344,448x448,336x336,1,1,8,1,1,shared_all_resident,1600,992.0,580,96,17168.0,16.766,False,-272.0,1,0,0,67.6,n/a
costsim-03821,B5-lite,heavy_13b_4bit,Heavy 13B 4-bit VLM proxy,15500,6144,1344x1344,448x448,336x336,1,1,8,2,2,shared_all_resident,1600,992.0,580,96,17168.0,16.766,False,-272.0,2,0,0,75.6,n/a
costsim-03822,B5-lite,heavy_13b_4bit,Heavy 13B 4-bit VLM proxy,15500,6144,1344x1344,448x448,336x336,1,1,8,4,4,shared_all_resident,1600,992.0,580,96,17168.0,16.766,False,-272.0,4,0,0,91.6,n/a
costsim-03823,B5-lite,heavy_13b_4bit,Heavy 13B 4-bit VLM proxy,15500,6144,1344x1344,448x448,336x336,1,1,16,1,1,shared_all_resident,1600,992.0,940,96,17528.0,17.117,False,-632.0,1,0,0,67.6,n/a
costsim-03824,B5-lite,heavy_13b_4bit,Heavy 13B 4-bit VLM proxy,15500,6144,1344x1344,448x448,336x336,1,1,16,2,2,shared_all_resident,1600,992.0,940,96,17528.0,17.117,False,-632.0,2,0,0,75.6,n/a
costsim-03825,B5-lite,heavy_13b_4bit,Heavy 13B 4-bit VLM proxy,15500,6144,1344x1344,448x448,336x336,1,1,16,4,4,shared_all_resident,1600,992.0,940,96,17528.0,17.117,False,-632.0,4,0,0,91.6,n/a
costsim-03826,B5-lite,heavy_13b_4bit,Heavy 13B 4-bit VLM proxy,15500,6144,1344x1344,448x448,336x336,1,1,32,1,1,shared_all_resident,1600,992.0,1660,96,18248.0,17.82,False,-1352.0,1,0,0,67.6,n/a
costsim-03827,B5-lite,heavy_13b_4bit,Heavy 13B 4-bit VLM proxy,15500,6144,1344x1344,448x448,336x336,1,1,32,2,2,shared_all_resident,1600,992.0,1660,96,18248.0,17.82,False,-1352.0,2,0,0,75.6,n/a
costsim-03828,B5-lite,heavy_13b_4bit,Heavy 13B 4-bit VLM proxy,15500,6144,1344x1344,448x448,336x336,1,1,32,4,4,shared_all_resident,1600,992.0,1660,96,18248.0,17.82,False,-1352.0,4,0,0,91.6,n/a
costsim-03829,B5-lite,heavy_13b_4bit,Heavy 13B 4-bit VLM proxy,15500,6144,1344x1344,448x448,336x336,3,3,4,1,1,shared_all_resident,2752,1706.24,400,96,17702.24,17.287,False,-806.24,1,0,0,80.27,n/a
costsim-03830,B5-lite,heavy_13b_4bit,Heavy 13B 4-bit VLM proxy,15500,6144,1344x1344,448x448,336x336,3,3,4,2,2,shared_all_resident,2752,1706.24,400,96,17702.24,17.287,False,-806.24,2,0,0,88.27,n/a
costsim-03831,B5-lite,heavy_13b_4bit,Heavy 13B 4-bit VLM proxy,15500,6144,1344x1344,448x448,336x336,3,3,4,4,4,shared_all_resident,2752,1706.24,400,96,17702.24,17.287,False,-806.24,4,0,0,104.27,n/a
costsim-03832,B5-lite,heavy_13b_4bit,Heavy 13B 4-bit VLM proxy,15500,6144,1344x1344,448x448,336x336,3,3,8,1,1,shared_all_resident,2752,1706.24,580,96,17882.24,17.463,False,-986.24,1,0,0,80.27,n/a
costsim-03833,B5-lite,heavy_13b_4bit,Heavy 13B 4-bit VLM proxy,15500,6144,1344x1344,448x448,336x336,3,3,8,2,2,shared_all_resident,2752,1706.24,580,96,17882.24,17.463,False,-986.24,2,0,0,88.27,n/a
costsim-03834,B5-lite,heavy_13b_4bit,Heavy 13B 4-bit VLM proxy,15500,6144,1344x1344,448x448,336x336,3,3,8,4,4,shared_all_resident,2752,1706.24,580,96,17882.24,17.463,False,-986.24,4,0,0,104.27,n/a
costsim-03835,B5-lite,heavy_13b_4bit,Heavy 13B 4-bit VLM proxy,15500,6144,1344x1344,448x448,336x336,3,3,16,1,1,shared_all_resident,2752,1706.24,940,96,18242.24,17.815,False,-1346.24,1,0,0,80.27,n/a
costsim-03836,B5-lite,heavy_13b_4bit,Heavy 13B 4-bit VLM proxy,15500,6144,1344x1344,448x448,336x336,3,3,16,2,2,shared_all_resident,2752,1706.24,940,96,18242.24,17.815,False,-1346.24,2,0,0,88.27,n/a
costsim-03837,B5-lite,heavy_13b_4bit,Heavy 13B 4-bit VLM proxy,15500,6144,1344x1344,448x448,336x336,3,3,16,4,4,shared_all_resident,2752,1706.24,940,96,18242.24,17.815,False,-1346.24,4,0,0,104.27,n/a
costsim-03838,B5-lite,heavy_13b_4bit,Heavy 13B 4-bit VLM proxy,15500,6144,1344x1344,448x448,336x336,3,3,32,1,1,shared_all_resident,2752,1706.24,1660,96,18962.24,18.518,False,-2066.24,1,0,0,80.27,n/a
costsim-03839,B5-lite,heavy_13b_4bit,Heavy 13B 4-bit VLM proxy,15500,6144,1344x1344,448x448,336x336,3,3,32,2,2,shared_all_resident,2752,1706.24,1660,96,18962.24,18.518,False,-2066.24,2,0,0,88.27,n/a
costsim-03840,B5-lite,heavy_13b_4bit,Heavy 13B 4-bit VLM proxy,15500,6144,1344x1344,448x448,336x336,3,3,32,4,4,shared_all_resident,2752,1706.24,1660,96,18962.24,18.518,False,-2066.24,4,0,0,104.27,n/a
costsim-03841,B5-lite,heavy_13b_4bit,Heavy 13B 4-bit VLM proxy,15500,6144,1344x1344,448x448,336x336,5,5,4,1,1,shared_all_resident,3904,2420.48,400,96,18416.48,17.985,False,-1520.48,1,0,0,92.94,n/a
costsim-03842,B5-lite,heavy_13b_4bit,Heavy 13B 4-bit VLM proxy,15500,6144,1344x1344,448x448,336x336,5,5,4,2,2,shared_all_resident,3904,2420.48,400,96,18416.48,17.985,False,-1520.48,2,0,0,100.94,n/a
costsim-03843,B5-lite,heavy_13b_4bit,Heavy 13B 4-bit VLM proxy,15500,6144,1344x1344,448x448,336x336,5,5,4,4,4,shared_all_resident,3904,2420.48,400,96,18416.48,17.985,False,-1520.48,4,0,0,116.94,n/a
costsim-03844,B5-lite,heavy_13b_4bit,Heavy 13B 4-bit VLM proxy,15500,6144,1344x1344,448x448,336x336,5,5,8,1,1,shared_all_resident,3904,2420.48,580,96,18596.48,18.161,False,-1700.48,1,0,0,92.94,n/a
costsim-03845,B5-lite,heavy_13b_4bit,Heavy 13B 4-bit VLM proxy,15500,6144,1344x1344,448x448,336x336,5,5,8,2,2,shared_all_resident,3904,2420.48,580,96,18596.48,18.161,False,-1700.48,2,0,0,100.94,n/a
costsim-03846,B5-lite,heavy_13b_4bit,Heavy 13B 4-bit VLM proxy,15500,6144,1344x1344,448x448,336x336,5,5,8,4,4,shared_all_resident,3904,2420.48,580,96,18596.48,18.161,False,-1700.48,4,0,0,116.94,n/a
costsim-03847,B5-lite,heavy_13b_4bit,Heavy 13B 4-bit VLM proxy,15500,6144,1344x1344,448x448,336x336,5,5,16,1,1,shared_all_resident,3904,2420.48,940,96,18956.48,18.512,False,-2060.48,1,0,0,92.94,n/a
costsim-03848,B5-lite,heavy_13b_4bit,Heavy 13B 4-bit VLM proxy,15500,6144,1344x1344,448x448,336x336,5,5,16,2,2,shared_all_resident,3904,2420.48,940,96,18956.48,18.512,False,-2060.48,2,0,0,100.94,n/a
costsim-03849,B5-lite,heavy_13b_4bit,Heavy 13B 4-bit VLM proxy,15500,6144,1344x1344,448x448,336x336,5,5,16,4,4,shared_all_resident,3904,2420.48,940,96,18956.48,18.512,False,-2060.48,4,0,0,116.94,n/a
costsim-03850,B5-lite,heavy_13b_4bit,Heavy 13B 4-bit VLM proxy,15500,6144,1344x1344,448x448,336x336,5,5,32,1,1,shared_all_resident,3904,2420.48,1660,96,19676.48,19.215,False,-2780.48,1,0,0,92.94,n/a
costsim-03851,B5-lite,heavy_13b_4bit,Heavy 13B 4-bit VLM proxy,15500,6144,1344x1344,448x448,336x336,5,5,32,2,2,shared_all_resident,3904,2420.48,1660,96,19676.48,19.215,False,-2780.48,2,0,0,100.94,n/a
costsim-03852,B5-lite,heavy_13b_4bit,Heavy 13B 4-bit VLM proxy,15500,6144,1344x1344,448x448,336x336,5,5,32,4,4,shared_all_resident,3904,2420.48,1660,96,19676.48,19.215,False,-2780.48,4,0,0,116.94,n/a
costsim-03853,B5-lite,heavy_13b_4bit,Heavy 13B 4-bit VLM proxy,15500,6144,1344x1344,448x448,448x448,1,1,4,1,1,shared_all_resident,2048,1269.76,400,96,17265.76,16.861,False,-369.76,1,0,0,72.53,n/a
costsim-03854,B5-lite,heavy_13b_4bit,Heavy 13B 4-bit VLM proxy,15500,6144,1344x1344,448x448,448x448,1,1,4,2,2,shared_all_resident,2048,1269.76,400,96,17265.76,16.861,False,-369.76,2,0,0,80.53,n/a
costsim-03855,B5-lite,heavy_13b_4bit,Heavy 13B 4-bit VLM proxy,15500,6144,1344x1344,448x448,448x448,1,1,4,4,4,shared_all_resident,2048,1269.76,400,96,17265.76,16.861,False,-369.76,4,0,0,96.53,n/a
costsim-03856,B5-lite,heavy_13b_4bit,Heavy 13B 4-bit VLM proxy,15500,6144,1344x1344,448x448,448x448,1,1,8,1,1,shared_all_resident,2048,1269.76,580,96,17445.76,17.037,False,-549.76,1,0,0,72.53,n/a
costsim-03857,B5-lite,heavy_13b_4bit,Heavy 13B 4-bit VLM proxy,15500,6144,1344x1344,448x448,448x448,1,1,8,2,2,shared_all_resident,2048,1269.76,580,96,17445.76,17.037,False,-549.76,2,0,0,80.53,n/a
costsim-03858,B5-lite,heavy_13b_4bit,Heavy 13B 4-bit VLM proxy,15500,6144,1344x1344,448x448,448x448,1,1,8,4,4,shared_all_resident,2048,1269.76,580,96,17445.76,17.037,False,-549.76,4,0,0,96.53,n/a
costsim-03859,B5-lite,heavy_13b_4bit,Heavy 13B 4-bit VLM proxy,15500,6144,1344x1344,448x448,448x448,1,1,16,1,1,shared_all_resident,2048,1269.76,940,96,17805.76,17.388,False,-909.76,1,0,0,72.53,n/a
costsim-03860,B5-lite,heavy_13b_4bit,Heavy 13B 4-bit VLM proxy,15500,6144,1344x1344,448x448,448x448,1,1,16,2,2,shared_all_resident,2048,1269.76,940,96,17805.76,17.388,False,-909.76,2,0,0,80.53,n/a
costsim-03861,B5-lite,heavy_13b_4bit,Heavy 13B 4-bit VLM proxy,15500,6144,1344x1344,448x448,448x448,1,1,16,4,4,shared_all_resident,2048,1269.76,940,96,17805.76,17.388,False,-909.76,4,0,0,96.53,n/a
costsim-03862,B5-lite,heavy_13b_4bit,Heavy 13B 4-bit VLM proxy,15500,6144,1344x1344,448x448,448x448,1,1,32,1,1,shared_all_resident,2048,1269.76,1660,96,18525.76,18.092,False,-1629.76,1,0,0,72.53,n/a
costsim-03863,B5-lite,heavy_13b_4bit,Heavy 13B 4-bit VLM proxy,15500,6144,1344x1344,448x448,448x448,1,1,32,2,2,shared_all_resident,2048,1269.76,1660,96,18525.76,18.092,False,-1629.76,2,0,0,80.53,n/a
costsim-03864,B5-lite,heavy_13b_4bit,Heavy 13B 4-bit VLM proxy,15500,6144,1344x1344,448x448,448x448,1,1,32,4,4,shared_all_resident,2048,1269.76,1660,96,18525.76,18.092,False,-1629.76,4,0,0,96.53,n/a
costsim-03865,B5-lite,heavy_13b_4bit,Heavy 13B 4-bit VLM proxy,15500,6144,1344x1344,448x448,448x448,3,3,4,1,1,shared_all_resident,4096,2539.52,400,96,18535.52,18.101,False,-1639.52,1,0,0,95.06,n/a
costsim-03866,B5-lite,heavy_13b_4bit,Heavy 13B 4-bit VLM proxy,15500,6144,1344x1344,448x448,448x448,3,3,4,2,2,shared_all_resident,4096,2539.52,400,96,18535.52,18.101,False,-1639.52,2,0,0,103.06,n/a
costsim-03867,B5-lite,heavy_13b_4bit,Heavy 13B 4-bit VLM proxy,15500,6144,1344x1344,448x448,448x448,3,3,4,4,4,shared_all_resident,4096,2539.52,400,96,18535.52,18.101,False,-1639.52,4,0,0,119.06,n/a
costsim-03868,B5-lite,heavy_13b_4bit,Heavy 13B 4-bit VLM proxy,15500,6144,1344x1344,448x448,448x448,3,3,8,1,1,shared_all_resident,4096,2539.52,580,96,18715.52,18.277,False,-1819.52,1,0,0,95.06,n/a
costsim-03869,B5-lite,heavy_13b_4bit,Heavy 13B 4-bit VLM proxy,15500,6144,1344x1344,448x448,448x448,3,3,8,2,2,shared_all_resident,4096,2539.52,580,96,18715.52,18.277,False,-1819.52,2,0,0,103.06,n/a
costsim-03870,B5-lite,heavy_13b_4bit,Heavy 13B 4-bit VLM proxy,15500,6144,1344x1344,448x448,448x448,3,3,8,4,4,shared_all_resident,4096,2539.52,580,96,18715.52,18.277,False,-1819.52,4,0,0,119.06,n/a
costsim-03871,B5-lite,heavy_13b_4bit,Heavy 13B 4-bit VLM proxy,15500,6144,1344x1344,448x448,448x448,3,3,16,1,1,shared_all_resident,4096,2539.52,940,96,19075.52,18.628,False,-2179.52,1,0,0,95.06,n/a
costsim-03872,B5-lite,heavy_13b_4bit,Heavy 13B 4-bit VLM proxy,15500,6144,1344x1344,448x448,448x448,3,3,16,2,2,shared_all_resident,4096,2539.52,940,96,19075.52,18.628,False,-2179.52,2,0,0,103.06,n/a
costsim-03873,B5-lite,heavy_13b_4bit,Heavy 13B 4-bit VLM proxy,15500,6144,1344x1344,448x448,448x448,3,3,16,4,4,shared_all_resident,4096,2539.52,940,96,19075.52,18.628,False,-2179.52,4,0,0,119.06,n/a
costsim-03874,B5-lite,heavy_13b_4bit,Heavy 13B 4-bit VLM proxy,15500,6144,1344x1344,448x448,448x448,3,3,32,1,1,shared_all_resident,4096,2539.52,1660,96,19795.52,19.332,False,-2899.52,1,0,0,95.06,n/a
costsim-03875,B5-lite,heavy_13b_4bit,Heavy 13B 4-bit VLM proxy,15500,6144,1344x1344,448x448,448x448,3,3,32,2,2,shared_all_resident,4096,2539.52,1660,96,19795.52,19.332,False,-2899.52,2,0,0,103.06,n/a
costsim-03876,B5-lite,heavy_13b_4bit,Heavy 13B 4-bit VLM proxy,15500,6144,1344x1344,448x448,448x448,3,3,32,4,4,shared_all_resident,4096,2539.52,1660,96,19795.52,19.332,False,-2899.52,4,0,0,119.06,n/a
costsim-03877,B5-lite,heavy_13b_4bit,Heavy 13B 4-bit VLM proxy,15500,6144,1344x1344,448x448,448x448,5,5,4,1,1,shared_all_resident,6144,3809.28,400,96,19805.28,19.341,False,-2909.28,1,0,0,117.58,n/a
costsim-03878,B5-lite,heavy_13b_4bit,Heavy 13B 4-bit VLM proxy,15500,6144,1344x1344,448x448,448x448,5,5,4,2,2,shared_all_resident,6144,3809.28,400,96,19805.28,19.341,False,-2909.28,2,0,0,125.58,n/a
costsim-03879,B5-lite,heavy_13b_4bit,Heavy 13B 4-bit VLM proxy,15500,6144,1344x1344,448x448,448x448,5,5,4,4,4,shared_all_resident,6144,3809.28,400,96,19805.28,19.341,False,-2909.28,4,0,0,141.58,n/a
costsim-03880,B5-lite,heavy_13b_4bit,Heavy 13B 4-bit VLM proxy,15500,6144,1344x1344,448x448,448x448,5,5,8,1,1,shared_all_resident,6144,3809.28,580,96,19985.28,19.517,False,-3089.28,1,0,0,117.58,n/a
costsim-03881,B5-lite,heavy_13b_4bit,Heavy 13B 4-bit VLM proxy,15500,6144,1344x1344,448x448,448x448,5,5,8,2,2,shared_all_resident,6144,3809.28,580,96,19985.28,19.517,False,-3089.28,2,0,0,125.58,n/a
costsim-03882,B5-lite,heavy_13b_4bit,Heavy 13B 4-bit VLM proxy,15500,6144,1344x1344,448x448,448x448,5,5,8,4,4,shared_all_resident,6144,3809.28,580,96,19985.28,19.517,False,-3089.28,4,0,0,141.58,n/a
costsim-03883,B5-lite,heavy_13b_4bit,Heavy 13B 4-bit VLM proxy,15500,6144,1344x1344,448x448,448x448,5,5,16,1,1,shared_all_resident,6144,3809.28,940,96,20345.28,19.868,False,-3449.28,1,0,0,117.58,n/a
costsim-03884,B5-lite,heavy_13b_4bit,Heavy 13B 4-bit VLM proxy,15500,6144,1344x1344,448x448,448x448,5,5,16,2,2,shared_all_resident,6144,3809.28,940,96,20345.28,19.868,False,-3449.28,2,0,0,125.58,n/a
costsim-03885,B5-lite,heavy_13b_4bit,Heavy 13B 4-bit VLM proxy,15500,6144,1344x1344,448x448,448x448,5,5,16,4,4,shared_all_resident,6144,3809.28,940,96,20345.28,19.868,False,-3449.28,4,0,0,141.58,n/a
costsim-03886,B5-lite,heavy_13b_4bit,Heavy 13B 4-bit VLM proxy,15500,6144,1344x1344,448x448,448x448,5,5,32,1,1,shared_all_resident,6144,3809.28,1660,96,21065.28,20.572,False,-4169.28,1,0,0,117.58,n/a
costsim-03887,B5-lite,heavy_13b_4bit,Heavy 13B 4-bit VLM proxy,15500,6144,1344x1344,448x448,448x448,5,5,32,2,2,shared_all_resident,6144,3809.28,1660,96,21065.28,20.572,False,-4169.28,2,0,0,125.58,n/a
costsim-03888,B5-lite,heavy_13b_4bit,Heavy 13B 4-bit VLM proxy,15500,6144,1344x1344,448x448,448x448,5,5,32,4,4,shared_all_resident,6144,3809.28,1660,96,21065.28,20.572,False,-4169.28,4,0,0,141.58,n/a
costsim-03889,B7-lite,heavy_13b_4bit,Heavy 13B 4-bit VLM proxy,15500,6144,1344x1344,336x336,336x336,1,1,4,1,1,shared_budget_conditioned,1152,714.24,265,96,16575.24,16.187,True,320.76,1,0,0,62.67,allow_initial_plan
costsim-03890,B7-lite,heavy_13b_4bit,Heavy 13B 4-bit VLM proxy,15500,6144,1344x1344,336x336,336x336,1,1,4,2,2,shared_budget_conditioned,1152,714.24,310,96,16620.24,16.231,True,275.76,2,0,0,70.67,allow_initial_plan
costsim-03891,B7-lite,heavy_13b_4bit,Heavy 13B 4-bit VLM proxy,15500,6144,1344x1344,336x336,336x336,1,1,4,4,4,shared_budget_conditioned,1152,714.24,400,180,16794.24,16.401,True,101.76,4,0,0,86.67,allow_initial_plan
costsim-03892,B7-lite,heavy_13b_4bit,Heavy 13B 4-bit VLM proxy,15500,6144,1344x1344,336x336,336x336,1,1,8,1,1,shared_budget_conditioned,1152,714.24,265,96,16575.24,16.187,True,320.76,1,0,0,62.67,allow_initial_plan
costsim-03893,B7-lite,heavy_13b_4bit,Heavy 13B 4-bit VLM proxy,15500,6144,1344x1344,336x336,336x336,1,1,8,2,2,shared_budget_conditioned,1152,714.24,310,96,16620.24,16.231,True,275.76,2,0,0,70.67,allow_initial_plan
costsim-03894,B7-lite,heavy_13b_4bit,Heavy 13B 4-bit VLM proxy,15500,6144,1344x1344,336x336,336x336,1,1,8,4,4,shared_budget_conditioned,1152,714.24,400,180,16794.24,16.401,True,101.76,4,0,0,86.67,allow_initial_plan
costsim-03895,B7-lite,heavy_13b_4bit,Heavy 13B 4-bit VLM proxy,15500,6144,1344x1344,336x336,336x336,1,1,16,1,1,shared_budget_conditioned,1152,714.24,265,96,16575.24,16.187,True,320.76,1,0,0,62.67,allow_initial_plan
costsim-03896,B7-lite,heavy_13b_4bit,Heavy 13B 4-bit VLM proxy,15500,6144,1344x1344,336x336,336x336,1,1,16,2,2,shared_budget_conditioned,1152,714.24,310,96,16620.24,16.231,True,275.76,2,0,0,70.67,allow_initial_plan
costsim-03897,B7-lite,heavy_13b_4bit,Heavy 13B 4-bit VLM proxy,15500,6144,1344x1344,336x336,336x336,1,1,16,4,4,shared_budget_conditioned,1152,714.24,400,180,16794.24,16.401,True,101.76,4,0,0,86.67,allow_initial_plan
costsim-03898,B7-lite,heavy_13b_4bit,Heavy 13B 4-bit VLM proxy,15500,6144,1344x1344,336x336,336x336,1,1,32,1,1,shared_budget_conditioned,1152,714.24,265,96,16575.24,16.187,True,320.76,1,0,0,62.67,allow_initial_plan
costsim-03899,B7-lite,heavy_13b_4bit,Heavy 13B 4-bit VLM proxy,15500,6144,1344x1344,336x336,336x336,1,1,32,2,2,shared_budget_conditioned,1152,714.24,310,96,16620.24,16.231,True,275.76,2,0,0,70.67,allow_initial_plan
costsim-03900,B7-lite,heavy_13b_4bit,Heavy 13B 4-bit VLM proxy,15500,6144,1344x1344,336x336,336x336,1,1,32,4,4,shared_budget_conditioned,1152,714.24,400,180,16794.24,16.401,True,101.76,4,0,0,86.67,allow_initial_plan
costsim-03901,B7-lite,heavy_13b_4bit,Heavy 13B 4-bit VLM proxy,15500,6144,1344x1344,336x336,336x336,3,1,4,1,1,shared_budget_conditioned,1152,714.24,265,96,16575.24,16.187,True,320.76,1,0,0,62.67,reduce_roi_count > reduce_roi_count
costsim-03902,B7-lite,heavy_13b_4bit,Heavy 13B 4-bit VLM proxy,15500,6144,1344x1344,336x336,336x336,3,1,4,2,1,shared_budget_conditioned,1152,714.24,265,96,16575.24,16.187,True,320.76,1,1,0,66.67,reduce_top_k > reduce_roi_count > reduce_roi_count
costsim-03903,B7-lite,heavy_13b_4bit,Heavy 13B 4-bit VLM proxy,15500,6144,1344x1344,336x336,336x336,3,1,4,4,1,shared_budget_conditioned,1152,714.24,265,96,16575.24,16.187,True,320.76,1,3,0,74.67,reduce_top_k > reduce_top_k > reduce_top_k > reduce_roi_count > reduce_roi_count
costsim-03904,B7-lite,heavy_13b_4bit,Heavy 13B 4-bit VLM proxy,15500,6144,1344x1344,336x336,336x336,3,1,8,1,1,shared_budget_conditioned,1152,714.24,265,96,16575.24,16.187,True,320.76,1,0,0,62.67,reduce_roi_count > reduce_roi_count
costsim-03905,B7-lite,heavy_13b_4bit,Heavy 13B 4-bit VLM proxy,15500,6144,1344x1344,336x336,336x336,3,1,8,2,1,shared_budget_conditioned,1152,714.24,265,96,16575.24,16.187,True,320.76,1,1,0,66.67,reduce_top_k > reduce_roi_count > reduce_roi_count
costsim-03906,B7-lite,heavy_13b_4bit,Heavy 13B 4-bit VLM proxy,15500,6144,1344x1344,336x336,336x336,3,1,8,4,1,shared_budget_conditioned,1152,714.24,265,96,16575.24,16.187,True,320.76,1,3,0,74.67,reduce_top_k > reduce_top_k > reduce_top_k > reduce_roi_count > reduce_roi_count
costsim-03907,B7-lite,heavy_13b_4bit,Heavy 13B 4-bit VLM proxy,15500,6144,1344x1344,336x336,336x336,3,1,16,1,1,shared_budget_conditioned,1152,714.24,265,96,16575.24,16.187,True,320.76,1,0,0,62.67,reduce_roi_count > reduce_roi_count
costsim-03908,B7-lite,heavy_13b_4bit,Heavy 13B 4-bit VLM proxy,15500,6144,1344x1344,336x336,336x336,3,1,16,2,1,shared_budget_conditioned,1152,714.24,265,96,16575.24,16.187,True,320.76,1,1,0,66.67,reduce_top_k > reduce_roi_count > reduce_roi_count
costsim-03909,B7-lite,heavy_13b_4bit,Heavy 13B 4-bit VLM proxy,15500,6144,1344x1344,336x336,336x336,3,1,16,4,1,shared_budget_conditioned,1152,714.24,265,96,16575.24,16.187,True,320.76,1,3,0,74.67,reduce_top_k > reduce_top_k > reduce_top_k > reduce_roi_count > reduce_roi_count
costsim-03910,B7-lite,heavy_13b_4bit,Heavy 13B 4-bit VLM proxy,15500,6144,1344x1344,336x336,336x336,3,1,32,1,1,shared_budget_conditioned,1152,714.24,265,96,16575.24,16.187,True,320.76,1,0,0,62.67,reduce_roi_count > reduce_roi_count
costsim-03911,B7-lite,heavy_13b_4bit,Heavy 13B 4-bit VLM proxy,15500,6144,1344x1344,336x336,336x336,3,1,32,2,1,shared_budget_conditioned,1152,714.24,265,96,16575.24,16.187,True,320.76,1,1,0,66.67,reduce_top_k > reduce_roi_count > reduce_roi_count
costsim-03912,B7-lite,heavy_13b_4bit,Heavy 13B 4-bit VLM proxy,15500,6144,1344x1344,336x336,336x336,3,1,32,4,1,shared_budget_conditioned,1152,714.24,265,96,16575.24,16.187,True,320.76,1,3,0,74.67,reduce_top_k > reduce_top_k > reduce_top_k > reduce_roi_count > reduce_roi_count
costsim-03913,B7-lite,heavy_13b_4bit,Heavy 13B 4-bit VLM proxy,15500,6144,1344x1344,336x336,336x336,5,1,4,1,1,shared_budget_conditioned,1152,714.24,265,96,16575.24,16.187,True,320.76,1,0,0,62.67,reduce_roi_count > reduce_roi_count > reduce_roi_count > reduce_roi_count
costsim-03914,B7-lite,heavy_13b_4bit,Heavy 13B 4-bit VLM proxy,15500,6144,1344x1344,336x336,336x336,5,1,4,2,1,shared_budget_conditioned,1152,714.24,265,96,16575.24,16.187,True,320.76,1,1,0,66.67,reduce_top_k > reduce_roi_count > reduce_roi_count > reduce_roi_count > reduce_roi_count
costsim-03915,B7-lite,heavy_13b_4bit,Heavy 13B 4-bit VLM proxy,15500,6144,1344x1344,336x336,336x336,5,1,4,4,1,shared_budget_conditioned,1152,714.24,265,96,16575.24,16.187,True,320.76,1,3,0,74.67,reduce_top_k > reduce_top_k > reduce_top_k > reduce_roi_count > reduce_roi_count > reduce_roi_count > reduce_roi_count
costsim-03916,B7-lite,heavy_13b_4bit,Heavy 13B 4-bit VLM proxy,15500,6144,1344x1344,336x336,336x336,5,1,8,1,1,shared_budget_conditioned,1152,714.24,265,96,16575.24,16.187,True,320.76,1,0,0,62.67,reduce_roi_count > reduce_roi_count > reduce_roi_count > reduce_roi_count
costsim-03917,B7-lite,heavy_13b_4bit,Heavy 13B 4-bit VLM proxy,15500,6144,1344x1344,336x336,336x336,5,1,8,2,1,shared_budget_conditioned,1152,714.24,265,96,16575.24,16.187,True,320.76,1,1,0,66.67,reduce_top_k > reduce_roi_count > reduce_roi_count > reduce_roi_count > reduce_roi_count
costsim-03918,B7-lite,heavy_13b_4bit,Heavy 13B 4-bit VLM proxy,15500,6144,1344x1344,336x336,336x336,5,1,8,4,1,shared_budget_conditioned,1152,714.24,265,96,16575.24,16.187,True,320.76,1,3,0,74.67,reduce_top_k > reduce_top_k > reduce_top_k > reduce_roi_count > reduce_roi_count > reduce_roi_count > reduce_roi_count
costsim-03919,B7-lite,heavy_13b_4bit,Heavy 13B 4-bit VLM proxy,15500,6144,1344x1344,336x336,336x336,5,1,16,1,1,shared_budget_conditioned,1152,714.24,265,96,16575.24,16.187,True,320.76,1,0,0,62.67,reduce_roi_count > reduce_roi_count > reduce_roi_count > reduce_roi_count
costsim-03920,B7-lite,heavy_13b_4bit,Heavy 13B 4-bit VLM proxy,15500,6144,1344x1344,336x336,336x336,5,1,16,2,1,shared_budget_conditioned,1152,714.24,265,96,16575.24,16.187,True,320.76,1,1,0,66.67,reduce_top_k > reduce_roi_count > reduce_roi_count > reduce_roi_count > reduce_roi_count
costsim-03921,B7-lite,heavy_13b_4bit,Heavy 13B 4-bit VLM proxy,15500,6144,1344x1344,336x336,336x336,5,1,16,4,1,shared_budget_conditioned,1152,714.24,265,96,16575.24,16.187,True,320.76,1,3,0,74.67,reduce_top_k > reduce_top_k > reduce_top_k > reduce_roi_count > reduce_roi_count > reduce_roi_count > reduce_roi_count
costsim-03922,B7-lite,heavy_13b_4bit,Heavy 13B 4-bit VLM proxy,15500,6144,1344x1344,336x336,336x336,5,1,32,1,1,shared_budget_conditioned,1152,714.24,265,96,16575.24,16.187,True,320.76,1,0,0,62.67,reduce_roi_count > reduce_roi_count > reduce_roi_count > reduce_roi_count
costsim-03923,B7-lite,heavy_13b_4bit,Heavy 13B 4-bit VLM proxy,15500,6144,1344x1344,336x336,336x336,5,1,32,2,1,shared_budget_conditioned,1152,714.24,265,96,16575.24,16.187,True,320.76,1,1,0,66.67,reduce_top_k > reduce_roi_count > reduce_roi_count > reduce_roi_count > reduce_roi_count
costsim-03924,B7-lite,heavy_13b_4bit,Heavy 13B 4-bit VLM proxy,15500,6144,1344x1344,336x336,336x336,5,1,32,4,1,shared_budget_conditioned,1152,714.24,265,96,16575.24,16.187,True,320.76,1,3,0,74.67,reduce_top_k > reduce_top_k > reduce_top_k > reduce_roi_count > reduce_roi_count > reduce_roi_count > reduce_roi_count
costsim-03925,B7-lite,heavy_13b_4bit,Heavy 13B 4-bit VLM proxy,15500,6144,1344x1344,336x336,448x448,1,1,4,1,1,shared_budget_conditioned,1600,992.0,265,96,16853.0,16.458,True,43.0,1,0,0,67.6,allow_initial_plan
costsim-03926,B7-lite,heavy_13b_4bit,Heavy 13B 4-bit VLM proxy,15500,6144,1344x1344,336x336,448x448,1,1,4,2,1,shared_budget_conditioned,1600,992.0,265,96,16853.0,16.458,True,43.0,1,1,0,71.6,reduce_top_k
costsim-03927,B7-lite,heavy_13b_4bit,Heavy 13B 4-bit VLM proxy,15500,6144,1344x1344,336x336,448x448,1,1,4,4,1,shared_budget_conditioned,1600,992.0,265,96,16853.0,16.458,True,43.0,1,3,0,79.6,reduce_top_k > reduce_top_k > reduce_top_k
costsim-03928,B7-lite,heavy_13b_4bit,Heavy 13B 4-bit VLM proxy,15500,6144,1344x1344,336x336,448x448,1,1,8,1,1,shared_budget_conditioned,1600,992.0,265,96,16853.0,16.458,True,43.0,1,0,0,67.6,allow_initial_plan
costsim-03929,B7-lite,heavy_13b_4bit,Heavy 13B 4-bit VLM proxy,15500,6144,1344x1344,336x336,448x448,1,1,8,2,1,shared_budget_conditioned,1600,992.0,265,96,16853.0,16.458,True,43.0,1,1,0,71.6,reduce_top_k
costsim-03930,B7-lite,heavy_13b_4bit,Heavy 13B 4-bit VLM proxy,15500,6144,1344x1344,336x336,448x448,1,1,8,4,1,shared_budget_conditioned,1600,992.0,265,96,16853.0,16.458,True,43.0,1,3,0,79.6,reduce_top_k > reduce_top_k > reduce_top_k
costsim-03931,B7-lite,heavy_13b_4bit,Heavy 13B 4-bit VLM proxy,15500,6144,1344x1344,336x336,448x448,1,1,16,1,1,shared_budget_conditioned,1600,992.0,265,96,16853.0,16.458,True,43.0,1,0,0,67.6,allow_initial_plan
costsim-03932,B7-lite,heavy_13b_4bit,Heavy 13B 4-bit VLM proxy,15500,6144,1344x1344,336x336,448x448,1,1,16,2,1,shared_budget_conditioned,1600,992.0,265,96,16853.0,16.458,True,43.0,1,1,0,71.6,reduce_top_k
costsim-03933,B7-lite,heavy_13b_4bit,Heavy 13B 4-bit VLM proxy,15500,6144,1344x1344,336x336,448x448,1,1,16,4,1,shared_budget_conditioned,1600,992.0,265,96,16853.0,16.458,True,43.0,1,3,0,79.6,reduce_top_k > reduce_top_k > reduce_top_k
costsim-03934,B7-lite,heavy_13b_4bit,Heavy 13B 4-bit VLM proxy,15500,6144,1344x1344,336x336,448x448,1,1,32,1,1,shared_budget_conditioned,1600,992.0,265,96,16853.0,16.458,True,43.0,1,0,0,67.6,allow_initial_plan
costsim-03935,B7-lite,heavy_13b_4bit,Heavy 13B 4-bit VLM proxy,15500,6144,1344x1344,336x336,448x448,1,1,32,2,1,shared_budget_conditioned,1600,992.0,265,96,16853.0,16.458,True,43.0,1,1,0,71.6,reduce_top_k
costsim-03936,B7-lite,heavy_13b_4bit,Heavy 13B 4-bit VLM proxy,15500,6144,1344x1344,336x336,448x448,1,1,32,4,1,shared_budget_conditioned,1600,992.0,265,96,16853.0,16.458,True,43.0,1,3,0,79.6,reduce_top_k > reduce_top_k > reduce_top_k
costsim-03937,B7-lite,heavy_13b_4bit,Heavy 13B 4-bit VLM proxy,15500,6144,1344x1344,336x336,448x448,3,1,4,1,1,shared_budget_conditioned,1600,992.0,265,96,16853.0,16.458,True,43.0,1,0,0,67.6,reduce_roi_count > reduce_roi_count
costsim-03938,B7-lite,heavy_13b_4bit,Heavy 13B 4-bit VLM proxy,15500,6144,1344x1344,336x336,448x448,3,1,4,2,1,shared_budget_conditioned,1600,992.0,265,96,16853.0,16.458,True,43.0,1,1,0,71.6,reduce_top_k > reduce_roi_count > reduce_roi_count
costsim-03939,B7-lite,heavy_13b_4bit,Heavy 13B 4-bit VLM proxy,15500,6144,1344x1344,336x336,448x448,3,1,4,4,1,shared_budget_conditioned,1600,992.0,265,96,16853.0,16.458,True,43.0,1,3,0,79.6,reduce_top_k > reduce_top_k > reduce_top_k > reduce_roi_count > reduce_roi_count
costsim-03940,B7-lite,heavy_13b_4bit,Heavy 13B 4-bit VLM proxy,15500,6144,1344x1344,336x336,448x448,3,1,8,1,1,shared_budget_conditioned,1600,992.0,265,96,16853.0,16.458,True,43.0,1,0,0,67.6,reduce_roi_count > reduce_roi_count
costsim-03941,B7-lite,heavy_13b_4bit,Heavy 13B 4-bit VLM proxy,15500,6144,1344x1344,336x336,448x448,3,1,8,2,1,shared_budget_conditioned,1600,992.0,265,96,16853.0,16.458,True,43.0,1,1,0,71.6,reduce_top_k > reduce_roi_count > reduce_roi_count
costsim-03942,B7-lite,heavy_13b_4bit,Heavy 13B 4-bit VLM proxy,15500,6144,1344x1344,336x336,448x448,3,1,8,4,1,shared_budget_conditioned,1600,992.0,265,96,16853.0,16.458,True,43.0,1,3,0,79.6,reduce_top_k > reduce_top_k > reduce_top_k > reduce_roi_count > reduce_roi_count
costsim-03943,B7-lite,heavy_13b_4bit,Heavy 13B 4-bit VLM proxy,15500,6144,1344x1344,336x336,448x448,3,1,16,1,1,shared_budget_conditioned,1600,992.0,265,96,16853.0,16.458,True,43.0,1,0,0,67.6,reduce_roi_count > reduce_roi_count
costsim-03944,B7-lite,heavy_13b_4bit,Heavy 13B 4-bit VLM proxy,15500,6144,1344x1344,336x336,448x448,3,1,16,2,1,shared_budget_conditioned,1600,992.0,265,96,16853.0,16.458,True,43.0,1,1,0,71.6,reduce_top_k > reduce_roi_count > reduce_roi_count
costsim-03945,B7-lite,heavy_13b_4bit,Heavy 13B 4-bit VLM proxy,15500,6144,1344x1344,336x336,448x448,3,1,16,4,1,shared_budget_conditioned,1600,992.0,265,96,16853.0,16.458,True,43.0,1,3,0,79.6,reduce_top_k > reduce_top_k > reduce_top_k > reduce_roi_count > reduce_roi_count
costsim-03946,B7-lite,heavy_13b_4bit,Heavy 13B 4-bit VLM proxy,15500,6144,1344x1344,336x336,448x448,3,1,32,1,1,shared_budget_conditioned,1600,992.0,265,96,16853.0,16.458,True,43.0,1,0,0,67.6,reduce_roi_count > reduce_roi_count
costsim-03947,B7-lite,heavy_13b_4bit,Heavy 13B 4-bit VLM proxy,15500,6144,1344x1344,336x336,448x448,3,1,32,2,1,shared_budget_conditioned,1600,992.0,265,96,16853.0,16.458,True,43.0,1,1,0,71.6,reduce_top_k > reduce_roi_count > reduce_roi_count
costsim-03948,B7-lite,heavy_13b_4bit,Heavy 13B 4-bit VLM proxy,15500,6144,1344x1344,336x336,448x448,3,1,32,4,1,shared_budget_conditioned,1600,992.0,265,96,16853.0,16.458,True,43.0,1,3,0,79.6,reduce_top_k > reduce_top_k > reduce_top_k > reduce_roi_count > reduce_roi_count
costsim-03949,B7-lite,heavy_13b_4bit,Heavy 13B 4-bit VLM proxy,15500,6144,1344x1344,336x336,448x448,5,1,4,1,1,shared_budget_conditioned,1600,992.0,265,96,16853.0,16.458,True,43.0,1,0,0,67.6,reduce_roi_count > reduce_roi_count > reduce_roi_count > reduce_roi_count
costsim-03950,B7-lite,heavy_13b_4bit,Heavy 13B 4-bit VLM proxy,15500,6144,1344x1344,336x336,448x448,5,1,4,2,1,shared_budget_conditioned,1600,992.0,265,96,16853.0,16.458,True,43.0,1,1,0,71.6,reduce_top_k > reduce_roi_count > reduce_roi_count > reduce_roi_count > reduce_roi_count
costsim-03951,B7-lite,heavy_13b_4bit,Heavy 13B 4-bit VLM proxy,15500,6144,1344x1344,336x336,448x448,5,1,4,4,1,shared_budget_conditioned,1600,992.0,265,96,16853.0,16.458,True,43.0,1,3,0,79.6,reduce_top_k > reduce_top_k > reduce_top_k > reduce_roi_count > reduce_roi_count > reduce_roi_count > reduce_roi_count
costsim-03952,B7-lite,heavy_13b_4bit,Heavy 13B 4-bit VLM proxy,15500,6144,1344x1344,336x336,448x448,5,1,8,1,1,shared_budget_conditioned,1600,992.0,265,96,16853.0,16.458,True,43.0,1,0,0,67.6,reduce_roi_count > reduce_roi_count > reduce_roi_count > reduce_roi_count
costsim-03953,B7-lite,heavy_13b_4bit,Heavy 13B 4-bit VLM proxy,15500,6144,1344x1344,336x336,448x448,5,1,8,2,1,shared_budget_conditioned,1600,992.0,265,96,16853.0,16.458,True,43.0,1,1,0,71.6,reduce_top_k > reduce_roi_count > reduce_roi_count > reduce_roi_count > reduce_roi_count
costsim-03954,B7-lite,heavy_13b_4bit,Heavy 13B 4-bit VLM proxy,15500,6144,1344x1344,336x336,448x448,5,1,8,4,1,shared_budget_conditioned,1600,992.0,265,96,16853.0,16.458,True,43.0,1,3,0,79.6,reduce_top_k > reduce_top_k > reduce_top_k > reduce_roi_count > reduce_roi_count > reduce_roi_count > reduce_roi_count
costsim-03955,B7-lite,heavy_13b_4bit,Heavy 13B 4-bit VLM proxy,15500,6144,1344x1344,336x336,448x448,5,1,16,1,1,shared_budget_conditioned,1600,992.0,265,96,16853.0,16.458,True,43.0,1,0,0,67.6,reduce_roi_count > reduce_roi_count > reduce_roi_count > reduce_roi_count
costsim-03956,B7-lite,heavy_13b_4bit,Heavy 13B 4-bit VLM proxy,15500,6144,1344x1344,336x336,448x448,5,1,16,2,1,shared_budget_conditioned,1600,992.0,265,96,16853.0,16.458,True,43.0,1,1,0,71.6,reduce_top_k > reduce_roi_count > reduce_roi_count > reduce_roi_count > reduce_roi_count
costsim-03957,B7-lite,heavy_13b_4bit,Heavy 13B 4-bit VLM proxy,15500,6144,1344x1344,336x336,448x448,5,1,16,4,1,shared_budget_conditioned,1600,992.0,265,96,16853.0,16.458,True,43.0,1,3,0,79.6,reduce_top_k > reduce_top_k > reduce_top_k > reduce_roi_count > reduce_roi_count > reduce_roi_count > reduce_roi_count
costsim-03958,B7-lite,heavy_13b_4bit,Heavy 13B 4-bit VLM proxy,15500,6144,1344x1344,336x336,448x448,5,1,32,1,1,shared_budget_conditioned,1600,992.0,265,96,16853.0,16.458,True,43.0,1,0,0,67.6,reduce_roi_count > reduce_roi_count > reduce_roi_count > reduce_roi_count
costsim-03959,B7-lite,heavy_13b_4bit,Heavy 13B 4-bit VLM proxy,15500,6144,1344x1344,336x336,448x448,5,1,32,2,1,shared_budget_conditioned,1600,992.0,265,96,16853.0,16.458,True,43.0,1,1,0,71.6,reduce_top_k > reduce_roi_count > reduce_roi_count > reduce_roi_count > reduce_roi_count
costsim-03960,B7-lite,heavy_13b_4bit,Heavy 13B 4-bit VLM proxy,15500,6144,1344x1344,336x336,448x448,5,1,32,4,1,shared_budget_conditioned,1600,992.0,265,96,16853.0,16.458,True,43.0,1,3,0,79.6,reduce_top_k > reduce_top_k > reduce_top_k > reduce_roi_count > reduce_roi_count > reduce_roi_count > reduce_roi_count
costsim-03961,B7-lite,heavy_13b_4bit,Heavy 13B 4-bit VLM proxy,15500,6144,1344x1344,448x448,336x336,1,1,4,1,1,shared_budget_conditioned,1600,992.0,265,96,16853.0,16.458,True,43.0,1,0,0,67.6,allow_initial_plan
costsim-03962,B7-lite,heavy_13b_4bit,Heavy 13B 4-bit VLM proxy,15500,6144,1344x1344,448x448,336x336,1,1,4,2,1,shared_budget_conditioned,1600,992.0,265,96,16853.0,16.458,True,43.0,1,1,0,71.6,reduce_top_k
costsim-03963,B7-lite,heavy_13b_4bit,Heavy 13B 4-bit VLM proxy,15500,6144,1344x1344,448x448,336x336,1,1,4,4,1,shared_budget_conditioned,1600,992.0,265,96,16853.0,16.458,True,43.0,1,3,0,79.6,reduce_top_k > reduce_top_k > reduce_top_k
costsim-03964,B7-lite,heavy_13b_4bit,Heavy 13B 4-bit VLM proxy,15500,6144,1344x1344,448x448,336x336,1,1,8,1,1,shared_budget_conditioned,1600,992.0,265,96,16853.0,16.458,True,43.0,1,0,0,67.6,allow_initial_plan
costsim-03965,B7-lite,heavy_13b_4bit,Heavy 13B 4-bit VLM proxy,15500,6144,1344x1344,448x448,336x336,1,1,8,2,1,shared_budget_conditioned,1600,992.0,265,96,16853.0,16.458,True,43.0,1,1,0,71.6,reduce_top_k
costsim-03966,B7-lite,heavy_13b_4bit,Heavy 13B 4-bit VLM proxy,15500,6144,1344x1344,448x448,336x336,1,1,8,4,1,shared_budget_conditioned,1600,992.0,265,96,16853.0,16.458,True,43.0,1,3,0,79.6,reduce_top_k > reduce_top_k > reduce_top_k
costsim-03967,B7-lite,heavy_13b_4bit,Heavy 13B 4-bit VLM proxy,15500,6144,1344x1344,448x448,336x336,1,1,16,1,1,shared_budget_conditioned,1600,992.0,265,96,16853.0,16.458,True,43.0,1,0,0,67.6,allow_initial_plan
costsim-03968,B7-lite,heavy_13b_4bit,Heavy 13B 4-bit VLM proxy,15500,6144,1344x1344,448x448,336x336,1,1,16,2,1,shared_budget_conditioned,1600,992.0,265,96,16853.0,16.458,True,43.0,1,1,0,71.6,reduce_top_k
costsim-03969,B7-lite,heavy_13b_4bit,Heavy 13B 4-bit VLM proxy,15500,6144,1344x1344,448x448,336x336,1,1,16,4,1,shared_budget_conditioned,1600,992.0,265,96,16853.0,16.458,True,43.0,1,3,0,79.6,reduce_top_k > reduce_top_k > reduce_top_k
costsim-03970,B7-lite,heavy_13b_4bit,Heavy 13B 4-bit VLM proxy,15500,6144,1344x1344,448x448,336x336,1,1,32,1,1,shared_budget_conditioned,1600,992.0,265,96,16853.0,16.458,True,43.0,1,0,0,67.6,allow_initial_plan
costsim-03971,B7-lite,heavy_13b_4bit,Heavy 13B 4-bit VLM proxy,15500,6144,1344x1344,448x448,336x336,1,1,32,2,1,shared_budget_conditioned,1600,992.0,265,96,16853.0,16.458,True,43.0,1,1,0,71.6,reduce_top_k
costsim-03972,B7-lite,heavy_13b_4bit,Heavy 13B 4-bit VLM proxy,15500,6144,1344x1344,448x448,336x336,1,1,32,4,1,shared_budget_conditioned,1600,992.0,265,96,16853.0,16.458,True,43.0,1,3,0,79.6,reduce_top_k > reduce_top_k > reduce_top_k
costsim-03973,B7-lite,heavy_13b_4bit,Heavy 13B 4-bit VLM proxy,15500,6144,1344x1344,448x448,336x336,3,1,4,1,1,shared_budget_conditioned,1600,992.0,265,96,16853.0,16.458,True,43.0,1,0,0,67.6,reduce_roi_count > reduce_roi_count
costsim-03974,B7-lite,heavy_13b_4bit,Heavy 13B 4-bit VLM proxy,15500,6144,1344x1344,448x448,336x336,3,1,4,2,1,shared_budget_conditioned,1600,992.0,265,96,16853.0,16.458,True,43.0,1,1,0,71.6,reduce_top_k > reduce_roi_count > reduce_roi_count
costsim-03975,B7-lite,heavy_13b_4bit,Heavy 13B 4-bit VLM proxy,15500,6144,1344x1344,448x448,336x336,3,1,4,4,1,shared_budget_conditioned,1600,992.0,265,96,16853.0,16.458,True,43.0,1,3,0,79.6,reduce_top_k > reduce_top_k > reduce_top_k > reduce_roi_count > reduce_roi_count
costsim-03976,B7-lite,heavy_13b_4bit,Heavy 13B 4-bit VLM proxy,15500,6144,1344x1344,448x448,336x336,3,1,8,1,1,shared_budget_conditioned,1600,992.0,265,96,16853.0,16.458,True,43.0,1,0,0,67.6,reduce_roi_count > reduce_roi_count
costsim-03977,B7-lite,heavy_13b_4bit,Heavy 13B 4-bit VLM proxy,15500,6144,1344x1344,448x448,336x336,3,1,8,2,1,shared_budget_conditioned,1600,992.0,265,96,16853.0,16.458,True,43.0,1,1,0,71.6,reduce_top_k > reduce_roi_count > reduce_roi_count
costsim-03978,B7-lite,heavy_13b_4bit,Heavy 13B 4-bit VLM proxy,15500,6144,1344x1344,448x448,336x336,3,1,8,4,1,shared_budget_conditioned,1600,992.0,265,96,16853.0,16.458,True,43.0,1,3,0,79.6,reduce_top_k > reduce_top_k > reduce_top_k > reduce_roi_count > reduce_roi_count
costsim-03979,B7-lite,heavy_13b_4bit,Heavy 13B 4-bit VLM proxy,15500,6144,1344x1344,448x448,336x336,3,1,16,1,1,shared_budget_conditioned,1600,992.0,265,96,16853.0,16.458,True,43.0,1,0,0,67.6,reduce_roi_count > reduce_roi_count
costsim-03980,B7-lite,heavy_13b_4bit,Heavy 13B 4-bit VLM proxy,15500,6144,1344x1344,448x448,336x336,3,1,16,2,1,shared_budget_conditioned,1600,992.0,265,96,16853.0,16.458,True,43.0,1,1,0,71.6,reduce_top_k > reduce_roi_count > reduce_roi_count
costsim-03981,B7-lite,heavy_13b_4bit,Heavy 13B 4-bit VLM proxy,15500,6144,1344x1344,448x448,336x336,3,1,16,4,1,shared_budget_conditioned,1600,992.0,265,96,16853.0,16.458,True,43.0,1,3,0,79.6,reduce_top_k > reduce_top_k > reduce_top_k > reduce_roi_count > reduce_roi_count
costsim-03982,B7-lite,heavy_13b_4bit,Heavy 13B 4-bit VLM proxy,15500,6144,1344x1344,448x448,336x336,3,1,32,1,1,shared_budget_conditioned,1600,992.0,265,96,16853.0,16.458,True,43.0,1,0,0,67.6,reduce_roi_count > reduce_roi_count
costsim-03983,B7-lite,heavy_13b_4bit,Heavy 13B 4-bit VLM proxy,15500,6144,1344x1344,448x448,336x336,3,1,32,2,1,shared_budget_conditioned,1600,992.0,265,96,16853.0,16.458,True,43.0,1,1,0,71.6,reduce_top_k > reduce_roi_count > reduce_roi_count
costsim-03984,B7-lite,heavy_13b_4bit,Heavy 13B 4-bit VLM proxy,15500,6144,1344x1344,448x448,336x336,3,1,32,4,1,shared_budget_conditioned,1600,992.0,265,96,16853.0,16.458,True,43.0,1,3,0,79.6,reduce_top_k > reduce_top_k > reduce_top_k > reduce_roi_count > reduce_roi_count
costsim-03985,B7-lite,heavy_13b_4bit,Heavy 13B 4-bit VLM proxy,15500,6144,1344x1344,448x448,336x336,5,1,4,1,1,shared_budget_conditioned,1600,992.0,265,96,16853.0,16.458,True,43.0,1,0,0,67.6,reduce_roi_count > reduce_roi_count > reduce_roi_count > reduce_roi_count
costsim-03986,B7-lite,heavy_13b_4bit,Heavy 13B 4-bit VLM proxy,15500,6144,1344x1344,448x448,336x336,5,1,4,2,1,shared_budget_conditioned,1600,992.0,265,96,16853.0,16.458,True,43.0,1,1,0,71.6,reduce_top_k > reduce_roi_count > reduce_roi_count > reduce_roi_count > reduce_roi_count
costsim-03987,B7-lite,heavy_13b_4bit,Heavy 13B 4-bit VLM proxy,15500,6144,1344x1344,448x448,336x336,5,1,4,4,1,shared_budget_conditioned,1600,992.0,265,96,16853.0,16.458,True,43.0,1,3,0,79.6,reduce_top_k > reduce_top_k > reduce_top_k > reduce_roi_count > reduce_roi_count > reduce_roi_count > reduce_roi_count
costsim-03988,B7-lite,heavy_13b_4bit,Heavy 13B 4-bit VLM proxy,15500,6144,1344x1344,448x448,336x336,5,1,8,1,1,shared_budget_conditioned,1600,992.0,265,96,16853.0,16.458,True,43.0,1,0,0,67.6,reduce_roi_count > reduce_roi_count > reduce_roi_count > reduce_roi_count
costsim-03989,B7-lite,heavy_13b_4bit,Heavy 13B 4-bit VLM proxy,15500,6144,1344x1344,448x448,336x336,5,1,8,2,1,shared_budget_conditioned,1600,992.0,265,96,16853.0,16.458,True,43.0,1,1,0,71.6,reduce_top_k > reduce_roi_count > reduce_roi_count > reduce_roi_count > reduce_roi_count
costsim-03990,B7-lite,heavy_13b_4bit,Heavy 13B 4-bit VLM proxy,15500,6144,1344x1344,448x448,336x336,5,1,8,4,1,shared_budget_conditioned,1600,992.0,265,96,16853.0,16.458,True,43.0,1,3,0,79.6,reduce_top_k > reduce_top_k > reduce_top_k > reduce_roi_count > reduce_roi_count > reduce_roi_count > reduce_roi_count
costsim-03991,B7-lite,heavy_13b_4bit,Heavy 13B 4-bit VLM proxy,15500,6144,1344x1344,448x448,336x336,5,1,16,1,1,shared_budget_conditioned,1600,992.0,265,96,16853.0,16.458,True,43.0,1,0,0,67.6,reduce_roi_count > reduce_roi_count > reduce_roi_count > reduce_roi_count
costsim-03992,B7-lite,heavy_13b_4bit,Heavy 13B 4-bit VLM proxy,15500,6144,1344x1344,448x448,336x336,5,1,16,2,1,shared_budget_conditioned,1600,992.0,265,96,16853.0,16.458,True,43.0,1,1,0,71.6,reduce_top_k > reduce_roi_count > reduce_roi_count > reduce_roi_count > reduce_roi_count
costsim-03993,B7-lite,heavy_13b_4bit,Heavy 13B 4-bit VLM proxy,15500,6144,1344x1344,448x448,336x336,5,1,16,4,1,shared_budget_conditioned,1600,992.0,265,96,16853.0,16.458,True,43.0,1,3,0,79.6,reduce_top_k > reduce_top_k > reduce_top_k > reduce_roi_count > reduce_roi_count > reduce_roi_count > reduce_roi_count
costsim-03994,B7-lite,heavy_13b_4bit,Heavy 13B 4-bit VLM proxy,15500,6144,1344x1344,448x448,336x336,5,1,32,1,1,shared_budget_conditioned,1600,992.0,265,96,16853.0,16.458,True,43.0,1,0,0,67.6,reduce_roi_count > reduce_roi_count > reduce_roi_count > reduce_roi_count
costsim-03995,B7-lite,heavy_13b_4bit,Heavy 13B 4-bit VLM proxy,15500,6144,1344x1344,448x448,336x336,5,1,32,2,1,shared_budget_conditioned,1600,992.0,265,96,16853.0,16.458,True,43.0,1,1,0,71.6,reduce_top_k > reduce_roi_count > reduce_roi_count > reduce_roi_count > reduce_roi_count
costsim-03996,B7-lite,heavy_13b_4bit,Heavy 13B 4-bit VLM proxy,15500,6144,1344x1344,448x448,336x336,5,1,32,4,1,shared_budget_conditioned,1600,992.0,265,96,16853.0,16.458,True,43.0,1,3,0,79.6,reduce_top_k > reduce_top_k > reduce_top_k > reduce_roi_count > reduce_roi_count > reduce_roi_count > reduce_roi_count
costsim-03997,B7-lite,heavy_13b_4bit,Heavy 13B 4-bit VLM proxy,15500,6144,1344x1344,448x448,448x448,1,1,4,1,0,shared_budget_conditioned,2048,1269.76,0.0,0.0,16769.76,16.377,True,126.24,0,0,1,64.53,hold_adapter_load
costsim-03998,B7-lite,heavy_13b_4bit,Heavy 13B 4-bit VLM proxy,15500,6144,1344x1344,448x448,448x448,1,1,4,2,0,shared_budget_conditioned,2048,1269.76,0.0,0.0,16769.76,16.377,True,126.24,0,1,1,68.53,reduce_top_k > hold_adapter_load
costsim-03999,B7-lite,heavy_13b_4bit,Heavy 13B 4-bit VLM proxy,15500,6144,1344x1344,448x448,448x448,1,1,4,4,0,shared_budget_conditioned,2048,1269.76,0.0,0.0,16769.76,16.377,True,126.24,0,3,1,76.53,reduce_top_k > reduce_top_k > reduce_top_k > hold_adapter_load
costsim-04000,B7-lite,heavy_13b_4bit,Heavy 13B 4-bit VLM proxy,15500,6144,1344x1344,448x448,448x448,1,1,8,1,0,shared_budget_conditioned,2048,1269.76,0.0,0.0,16769.76,16.377,True,126.24,0,0,1,64.53,hold_adapter_load
costsim-04001,B7-lite,heavy_13b_4bit,Heavy 13B 4-bit VLM proxy,15500,6144,1344x1344,448x448,448x448,1,1,8,2,0,shared_budget_conditioned,2048,1269.76,0.0,0.0,16769.76,16.377,True,126.24,0,1,1,68.53,reduce_top_k > hold_adapter_load
costsim-04002,B7-lite,heavy_13b_4bit,Heavy 13B 4-bit VLM proxy,15500,6144,1344x1344,448x448,448x448,1,1,8,4,0,shared_budget_conditioned,2048,1269.76,0.0,0.0,16769.76,16.377,True,126.24,0,3,1,76.53,reduce_top_k > reduce_top_k > reduce_top_k > hold_adapter_load
costsim-04003,B7-lite,heavy_13b_4bit,Heavy 13B 4-bit VLM proxy,15500,6144,1344x1344,448x448,448x448,1,1,16,1,0,shared_budget_conditioned,2048,1269.76,0.0,0.0,16769.76,16.377,True,126.24,0,0,1,64.53,hold_adapter_load
costsim-04004,B7-lite,heavy_13b_4bit,Heavy 13B 4-bit VLM proxy,15500,6144,1344x1344,448x448,448x448,1,1,16,2,0,shared_budget_conditioned,2048,1269.76,0.0,0.0,16769.76,16.377,True,126.24,0,1,1,68.53,reduce_top_k > hold_adapter_load
costsim-04005,B7-lite,heavy_13b_4bit,Heavy 13B 4-bit VLM proxy,15500,6144,1344x1344,448x448,448x448,1,1,16,4,0,shared_budget_conditioned,2048,1269.76,0.0,0.0,16769.76,16.377,True,126.24,0,3,1,76.53,reduce_top_k > reduce_top_k > reduce_top_k > hold_adapter_load
costsim-04006,B7-lite,heavy_13b_4bit,Heavy 13B 4-bit VLM proxy,15500,6144,1344x1344,448x448,448x448,1,1,32,1,0,shared_budget_conditioned,2048,1269.76,0.0,0.0,16769.76,16.377,True,126.24,0,0,1,64.53,hold_adapter_load
costsim-04007,B7-lite,heavy_13b_4bit,Heavy 13B 4-bit VLM proxy,15500,6144,1344x1344,448x448,448x448,1,1,32,2,0,shared_budget_conditioned,2048,1269.76,0.0,0.0,16769.76,16.377,True,126.24,0,1,1,68.53,reduce_top_k > hold_adapter_load
costsim-04008,B7-lite,heavy_13b_4bit,Heavy 13B 4-bit VLM proxy,15500,6144,1344x1344,448x448,448x448,1,1,32,4,0,shared_budget_conditioned,2048,1269.76,0.0,0.0,16769.76,16.377,True,126.24,0,3,1,76.53,reduce_top_k > reduce_top_k > reduce_top_k > hold_adapter_load
costsim-04009,B7-lite,heavy_13b_4bit,Heavy 13B 4-bit VLM proxy,15500,6144,1344x1344,448x448,448x448,3,1,4,1,0,shared_budget_conditioned,2048,1269.76,0.0,0.0,16769.76,16.377,True,126.24,0,0,1,64.53,reduce_roi_count > reduce_roi_count > hold_adapter_load
costsim-04010,B7-lite,heavy_13b_4bit,Heavy 13B 4-bit VLM proxy,15500,6144,1344x1344,448x448,448x448,3,1,4,2,0,shared_budget_conditioned,2048,1269.76,0.0,0.0,16769.76,16.377,True,126.24,0,1,1,68.53,reduce_top_k > reduce_roi_count > reduce_roi_count > hold_adapter_load
costsim-04011,B7-lite,heavy_13b_4bit,Heavy 13B 4-bit VLM proxy,15500,6144,1344x1344,448x448,448x448,3,1,4,4,0,shared_budget_conditioned,2048,1269.76,0.0,0.0,16769.76,16.377,True,126.24,0,3,1,76.53,reduce_top_k > reduce_top_k > reduce_top_k > reduce_roi_count > reduce_roi_count > hold_adapter_load
costsim-04012,B7-lite,heavy_13b_4bit,Heavy 13B 4-bit VLM proxy,15500,6144,1344x1344,448x448,448x448,3,1,8,1,0,shared_budget_conditioned,2048,1269.76,0.0,0.0,16769.76,16.377,True,126.24,0,0,1,64.53,reduce_roi_count > reduce_roi_count > hold_adapter_load
costsim-04013,B7-lite,heavy_13b_4bit,Heavy 13B 4-bit VLM proxy,15500,6144,1344x1344,448x448,448x448,3,1,8,2,0,shared_budget_conditioned,2048,1269.76,0.0,0.0,16769.76,16.377,True,126.24,0,1,1,68.53,reduce_top_k > reduce_roi_count > reduce_roi_count > hold_adapter_load
costsim-04014,B7-lite,heavy_13b_4bit,Heavy 13B 4-bit VLM proxy,15500,6144,1344x1344,448x448,448x448,3,1,8,4,0,shared_budget_conditioned,2048,1269.76,0.0,0.0,16769.76,16.377,True,126.24,0,3,1,76.53,reduce_top_k > reduce_top_k > reduce_top_k > reduce_roi_count > reduce_roi_count > hold_adapter_load
costsim-04015,B7-lite,heavy_13b_4bit,Heavy 13B 4-bit VLM proxy,15500,6144,1344x1344,448x448,448x448,3,1,16,1,0,shared_budget_conditioned,2048,1269.76,0.0,0.0,16769.76,16.377,True,126.24,0,0,1,64.53,reduce_roi_count > reduce_roi_count > hold_adapter_load
costsim-04016,B7-lite,heavy_13b_4bit,Heavy 13B 4-bit VLM proxy,15500,6144,1344x1344,448x448,448x448,3,1,16,2,0,shared_budget_conditioned,2048,1269.76,0.0,0.0,16769.76,16.377,True,126.24,0,1,1,68.53,reduce_top_k > reduce_roi_count > reduce_roi_count > hold_adapter_load
costsim-04017,B7-lite,heavy_13b_4bit,Heavy 13B 4-bit VLM proxy,15500,6144,1344x1344,448x448,448x448,3,1,16,4,0,shared_budget_conditioned,2048,1269.76,0.0,0.0,16769.76,16.377,True,126.24,0,3,1,76.53,reduce_top_k > reduce_top_k > reduce_top_k > reduce_roi_count > reduce_roi_count > hold_adapter_load
costsim-04018,B7-lite,heavy_13b_4bit,Heavy 13B 4-bit VLM proxy,15500,6144,1344x1344,448x448,448x448,3,1,32,1,0,shared_budget_conditioned,2048,1269.76,0.0,0.0,16769.76,16.377,True,126.24,0,0,1,64.53,reduce_roi_count > reduce_roi_count > hold_adapter_load
costsim-04019,B7-lite,heavy_13b_4bit,Heavy 13B 4-bit VLM proxy,15500,6144,1344x1344,448x448,448x448,3,1,32,2,0,shared_budget_conditioned,2048,1269.76,0.0,0.0,16769.76,16.377,True,126.24,0,1,1,68.53,reduce_top_k > reduce_roi_count > reduce_roi_count > hold_adapter_load
costsim-04020,B7-lite,heavy_13b_4bit,Heavy 13B 4-bit VLM proxy,15500,6144,1344x1344,448x448,448x448,3,1,32,4,0,shared_budget_conditioned,2048,1269.76,0.0,0.0,16769.76,16.377,True,126.24,0,3,1,76.53,reduce_top_k > reduce_top_k > reduce_top_k > reduce_roi_count > reduce_roi_count > hold_adapter_load
costsim-04021,B7-lite,heavy_13b_4bit,Heavy 13B 4-bit VLM proxy,15500,6144,1344x1344,448x448,448x448,5,1,4,1,0,shared_budget_conditioned,2048,1269.76,0.0,0.0,16769.76,16.377,True,126.24,0,0,1,64.53,reduce_roi_count > reduce_roi_count > reduce_roi_count > reduce_roi_count > hold_adapter_load
costsim-04022,B7-lite,heavy_13b_4bit,Heavy 13B 4-bit VLM proxy,15500,6144,1344x1344,448x448,448x448,5,1,4,2,0,shared_budget_conditioned,2048,1269.76,0.0,0.0,16769.76,16.377,True,126.24,0,1,1,68.53,reduce_top_k > reduce_roi_count > reduce_roi_count > reduce_roi_count > reduce_roi_count > hold_adapter_load
costsim-04023,B7-lite,heavy_13b_4bit,Heavy 13B 4-bit VLM proxy,15500,6144,1344x1344,448x448,448x448,5,1,4,4,0,shared_budget_conditioned,2048,1269.76,0.0,0.0,16769.76,16.377,True,126.24,0,3,1,76.53,reduce_top_k > reduce_top_k > reduce_top_k > reduce_roi_count > reduce_roi_count > reduce_roi_count > reduce_roi_count > hold_adapter_load
costsim-04024,B7-lite,heavy_13b_4bit,Heavy 13B 4-bit VLM proxy,15500,6144,1344x1344,448x448,448x448,5,1,8,1,0,shared_budget_conditioned,2048,1269.76,0.0,0.0,16769.76,16.377,True,126.24,0,0,1,64.53,reduce_roi_count > reduce_roi_count > reduce_roi_count > reduce_roi_count > hold_adapter_load
costsim-04025,B7-lite,heavy_13b_4bit,Heavy 13B 4-bit VLM proxy,15500,6144,1344x1344,448x448,448x448,5,1,8,2,0,shared_budget_conditioned,2048,1269.76,0.0,0.0,16769.76,16.377,True,126.24,0,1,1,68.53,reduce_top_k > reduce_roi_count > reduce_roi_count > reduce_roi_count > reduce_roi_count > hold_adapter_load
costsim-04026,B7-lite,heavy_13b_4bit,Heavy 13B 4-bit VLM proxy,15500,6144,1344x1344,448x448,448x448,5,1,8,4,0,shared_budget_conditioned,2048,1269.76,0.0,0.0,16769.76,16.377,True,126.24,0,3,1,76.53,reduce_top_k > reduce_top_k > reduce_top_k > reduce_roi_count > reduce_roi_count > reduce_roi_count > reduce_roi_count > hold_adapter_load
costsim-04027,B7-lite,heavy_13b_4bit,Heavy 13B 4-bit VLM proxy,15500,6144,1344x1344,448x448,448x448,5,1,16,1,0,shared_budget_conditioned,2048,1269.76,0.0,0.0,16769.76,16.377,True,126.24,0,0,1,64.53,reduce_roi_count > reduce_roi_count > reduce_roi_count > reduce_roi_count > hold_adapter_load
costsim-04028,B7-lite,heavy_13b_4bit,Heavy 13B 4-bit VLM proxy,15500,6144,1344x1344,448x448,448x448,5,1,16,2,0,shared_budget_conditioned,2048,1269.76,0.0,0.0,16769.76,16.377,True,126.24,0,1,1,68.53,reduce_top_k > reduce_roi_count > reduce_roi_count > reduce_roi_count > reduce_roi_count > hold_adapter_load
costsim-04029,B7-lite,heavy_13b_4bit,Heavy 13B 4-bit VLM proxy,15500,6144,1344x1344,448x448,448x448,5,1,16,4,0,shared_budget_conditioned,2048,1269.76,0.0,0.0,16769.76,16.377,True,126.24,0,3,1,76.53,reduce_top_k > reduce_top_k > reduce_top_k > reduce_roi_count > reduce_roi_count > reduce_roi_count > reduce_roi_count > hold_adapter_load
costsim-04030,B7-lite,heavy_13b_4bit,Heavy 13B 4-bit VLM proxy,15500,6144,1344x1344,448x448,448x448,5,1,32,1,0,shared_budget_conditioned,2048,1269.76,0.0,0.0,16769.76,16.377,True,126.24,0,0,1,64.53,reduce_roi_count > reduce_roi_count > reduce_roi_count > reduce_roi_count > hold_adapter_load
costsim-04031,B7-lite,heavy_13b_4bit,Heavy 13B 4-bit VLM proxy,15500,6144,1344x1344,448x448,448x448,5,1,32,2,0,shared_budget_conditioned,2048,1269.76,0.0,0.0,16769.76,16.377,True,126.24,0,1,1,68.53,reduce_top_k > reduce_roi_count > reduce_roi_count > reduce_roi_count > reduce_roi_count > hold_adapter_load
costsim-04032,B7-lite,heavy_13b_4bit,Heavy 13B 4-bit VLM proxy,15500,6144,1344x1344,448x448,448x448,5,1,32,4,0,shared_budget_conditioned,2048,1269.76,0.0,0.0,16769.76,16.377,True,126.24,0,3,1,76.53,reduce_top_k > reduce_top_k > reduce_top_k > reduce_roi_count > reduce_roi_count > reduce_roi_count > reduce_roi_count > hold_adapter_load
